{
  "type": "FeatureCollection",
  "name": "SIRA_PHASE1_SYNTHETIC_ABIDJAN",
  "schema_version": "1.0.0",
  "coordinate_reference_system": "EPSG:4326",
  "coordinate_order": [
    "longitude",
    "latitude"
  ],
  "metadata": {
    "project": "SIRA",
    "engine": "SIRA-MORE",
    "phase": 1,
    "dataset_kind": "synthetic",
    "is_official_transport_data": false,
    "geographical_context": "Corridor pilote Plateau–Cocody–Riviera, Abidjan",
    "created_at": "2026-08-25",
    "random_seed": 20260825,
    "simulation_model": "SIRA-SIM-v1",
    "default_currency": "XOF",
    "osm_attribution_required_when_combined_with_osm": "© OpenStreetMap contributors — ODbL 1.0",
    "warning": "Aucune ligne, aucun arrêt, horaire, tarif ou temps de parcours de ce fichier ne doit être présenté comme officiel ou observé sur le terrain.",
    "contains_personal_data": false
  },
  "simulation_assumptions": {
    "walking_speed_m_per_min": 75,
    "route_geometry_factor": 1.12,
    "bus_typical_speed_kmh": 18,
    "gbaka_typical_speed_kmh": 16,
    "headway_distribution": "triangular",
    "travel_time_distribution": "lognormal",
    "gbaka_fare_distribution": "discrete",
    "confidence": 0.35,
    "context_elements": [
      "franc CFA",
      "bus",
      "gbaka",
      "repères locaux",
      "périodes de pointe",
      "tarifs informels variables",
      "fréquences irrégulières"
    ]
  },
  "statistics": {
    "stop_count": 50,
    "route_count": 9,
    "bus_route_count": 5,
    "gbaka_route_count": 4,
    "transfer_count": 15,
    "observation_count": 306,
    "scenario_count": 100,
    "scenario_category_counts": {
      "walk_bus_walk": 25,
      "walk_gbaka_walk": 25,
      "walk_bus_walk_gbaka_walk": 30,
      "walk_bus_walk_bus_walk": 10,
      "no_solution_budget": 10
    }
  },
  "features": [
    {
      "type": "Feature",
      "id": "ZONE-PHASE1-FUNCTIONAL",
      "geometry": {
        "type": "Polygon",
        "coordinates": [
          [
            [
              -4.035,
              5.315
            ],
            [
              -3.945,
              5.315
            ],
            [
              -3.945,
              5.385
            ],
            [
              -4.035,
              5.385
            ],
            [
              -4.035,
              5.315
            ]
          ]
        ]
      },
      "properties": {
        "entity_type": "coverage_zone",
        "name": "Plateau-Cocody-Riviera — zone synthétique",
        "is_synthetic": true,
        "data_origin": "synthetic",
        "stroke": "#F05A00",
        "stroke-width": 3,
        "fill": "#F05A00",
        "fill-opacity": 0.08
      }
    },
    {
      "type": "Feature",
      "id": "ZONE-PHASE1-EXTRACTION",
      "geometry": {
        "type": "Polygon",
        "coordinates": [
          [
            [
              -4.053,
              5.297
            ],
            [
              -3.927,
              5.297
            ],
            [
              -3.927,
              5.403
            ],
            [
              -4.053,
              5.403
            ],
            [
              -4.053,
              5.297
            ]
          ]
        ]
      },
      "properties": {
        "entity_type": "extraction_zone",
        "name": "Marge technique synthétique",
        "is_synthetic": true,
        "data_origin": "synthetic",
        "stroke": "#2E74B5",
        "stroke-width": 2,
        "fill": "#2E74B5",
        "fill-opacity": 0.03
      }
    },
    {
      "type": "Feature",
      "id": "H00-S0",
      "geometry": {
        "type": "Point",
        "coordinates": [
          -4.0178,
          5.3185
        ]
      },
      "properties": {
        "entity_type": "stop",
        "stop_id": "H00-S0",
        "name": "Plateau Sud — zone pilote — point 1",
        "local_landmark": "Repère pilote H00-1",
        "commune": "Plateau",
        "stop_type": "transfer",
        "served_modes": [
          "bus"
        ],
        "served_route_ids": [
          "BUS-P01",
          "BUS-P02",
          "BUS-P05"
        ],
        "is_synthetic": true,
        "data_origin": "synthetic",
        "source_type": "simulation",
        "validation_status": "simulated",
        "confidence": 0.3,
        "marker-color": "#2E74B5"
      }
    },
    {
      "type": "Feature",
      "id": "H00-S1",
      "geometry": {
        "type": "Point",
        "coordinates": [
          -4.0166,
          5.319
        ]
      },
      "properties": {
        "entity_type": "stop",
        "stop_id": "H00-S1",
        "name": "Plateau Sud — zone pilote — point 2",
        "local_landmark": "Repère pilote H00-2",
        "commune": "Plateau",
        "stop_type": "formal",
        "served_modes": [
          "bus"
        ],
        "served_route_ids": [],
        "is_synthetic": true,
        "data_origin": "synthetic",
        "source_type": "simulation",
        "validation_status": "simulated",
        "confidence": 0.3,
        "marker-color": "#2E74B5"
      }
    },
    {
      "type": "Feature",
      "id": "H00-S2",
      "geometry": {
        "type": "Point",
        "coordinates": [
          -4.0188,
          5.3192
        ]
      },
      "properties": {
        "entity_type": "stop",
        "stop_id": "H00-S2",
        "name": "Plateau Sud — zone pilote — point 3",
        "local_landmark": "Repère pilote H00-3",
        "commune": "Plateau",
        "stop_type": "informal",
        "served_modes": [
          "gbaka"
        ],
        "served_route_ids": [],
        "is_synthetic": true,
        "data_origin": "synthetic",
        "source_type": "simulation",
        "validation_status": "simulated",
        "confidence": 0.3,
        "marker-color": "#F05A00"
      }
    },
    {
      "type": "Feature",
      "id": "H00-S3",
      "geometry": {
        "type": "Point",
        "coordinates": [
          -4.0171,
          5.3175
        ]
      },
      "properties": {
        "entity_type": "stop",
        "stop_id": "H00-S3",
        "name": "Plateau Sud — zone pilote — point 4",
        "local_landmark": "Repère pilote H00-4",
        "commune": "Plateau",
        "stop_type": "informal",
        "served_modes": [
          "gbaka"
        ],
        "served_route_ids": [],
        "is_synthetic": true,
        "data_origin": "synthetic",
        "source_type": "simulation",
        "validation_status": "simulated",
        "confidence": 0.3,
        "marker-color": "#F05A00"
      }
    },
    {
      "type": "Feature",
      "id": "H00-S4",
      "geometry": {
        "type": "Point",
        "coordinates": [
          -4.0186,
          5.3179
        ]
      },
      "properties": {
        "entity_type": "stop",
        "stop_id": "H00-S4",
        "name": "Plateau Sud — zone pilote — point 5",
        "local_landmark": "Repère pilote H00-5",
        "commune": "Plateau",
        "stop_type": "transfer",
        "served_modes": [
          "walk"
        ],
        "served_route_ids": [],
        "is_synthetic": true,
        "data_origin": "synthetic",
        "source_type": "simulation",
        "validation_status": "simulated",
        "confidence": 0.3,
        "marker-color": "#667085"
      }
    },
    {
      "type": "Feature",
      "id": "H01-S0",
      "geometry": {
        "type": "Point",
        "coordinates": [
          -4.0207,
          5.3258
        ]
      },
      "properties": {
        "entity_type": "stop",
        "stop_id": "H01-S0",
        "name": "Plateau Centre — zone pilote — point 1",
        "local_landmark": "Repère pilote H01-1",
        "commune": "Plateau",
        "stop_type": "transfer",
        "served_modes": [
          "bus"
        ],
        "served_route_ids": [
          "BUS-P04"
        ],
        "is_synthetic": true,
        "data_origin": "synthetic",
        "source_type": "simulation",
        "validation_status": "simulated",
        "confidence": 0.3,
        "marker-color": "#2E74B5"
      }
    },
    {
      "type": "Feature",
      "id": "H01-S1",
      "geometry": {
        "type": "Point",
        "coordinates": [
          -4.0195,
          5.3263
        ]
      },
      "properties": {
        "entity_type": "stop",
        "stop_id": "H01-S1",
        "name": "Plateau Centre — zone pilote — point 2",
        "local_landmark": "Repère pilote H01-2",
        "commune": "Plateau",
        "stop_type": "formal",
        "served_modes": [
          "bus"
        ],
        "served_route_ids": [
          "BUS-P01",
          "BUS-P02",
          "BUS-P05"
        ],
        "is_synthetic": true,
        "data_origin": "synthetic",
        "source_type": "simulation",
        "validation_status": "simulated",
        "confidence": 0.3,
        "marker-color": "#2E74B5"
      }
    },
    {
      "type": "Feature",
      "id": "H01-S2",
      "geometry": {
        "type": "Point",
        "coordinates": [
          -4.0217,
          5.3265
        ]
      },
      "properties": {
        "entity_type": "stop",
        "stop_id": "H01-S2",
        "name": "Plateau Centre — zone pilote — point 3",
        "local_landmark": "Repère pilote H01-3",
        "commune": "Plateau",
        "stop_type": "informal",
        "served_modes": [
          "gbaka"
        ],
        "served_route_ids": [],
        "is_synthetic": true,
        "data_origin": "synthetic",
        "source_type": "simulation",
        "validation_status": "simulated",
        "confidence": 0.3,
        "marker-color": "#F05A00"
      }
    },
    {
      "type": "Feature",
      "id": "H01-S3",
      "geometry": {
        "type": "Point",
        "coordinates": [
          -4.02,
          5.3248
        ]
      },
      "properties": {
        "entity_type": "stop",
        "stop_id": "H01-S3",
        "name": "Plateau Centre — zone pilote — point 4",
        "local_landmark": "Repère pilote H01-4",
        "commune": "Plateau",
        "stop_type": "informal",
        "served_modes": [
          "gbaka"
        ],
        "served_route_ids": [],
        "is_synthetic": true,
        "data_origin": "synthetic",
        "source_type": "simulation",
        "validation_status": "simulated",
        "confidence": 0.3,
        "marker-color": "#F05A00"
      }
    },
    {
      "type": "Feature",
      "id": "H01-S4",
      "geometry": {
        "type": "Point",
        "coordinates": [
          -4.0215,
          5.3252
        ]
      },
      "properties": {
        "entity_type": "stop",
        "stop_id": "H01-S4",
        "name": "Plateau Centre — zone pilote — point 5",
        "local_landmark": "Repère pilote H01-5",
        "commune": "Plateau",
        "stop_type": "transfer",
        "served_modes": [
          "walk"
        ],
        "served_route_ids": [],
        "is_synthetic": true,
        "data_origin": "synthetic",
        "source_type": "simulation",
        "validation_status": "simulated",
        "confidence": 0.3,
        "marker-color": "#667085"
      }
    },
    {
      "type": "Feature",
      "id": "H02-S0",
      "geometry": {
        "type": "Point",
        "coordinates": [
          -4.0188,
          5.3342
        ]
      },
      "properties": {
        "entity_type": "stop",
        "stop_id": "H02-S0",
        "name": "Plateau Nord — zone pilote — point 1",
        "local_landmark": "Repère pilote H02-1",
        "commune": "Plateau",
        "stop_type": "transfer",
        "served_modes": [
          "bus"
        ],
        "served_route_ids": [
          "BUS-P01",
          "BUS-P03"
        ],
        "is_synthetic": true,
        "data_origin": "synthetic",
        "source_type": "simulation",
        "validation_status": "simulated",
        "confidence": 0.3,
        "marker-color": "#2E74B5"
      }
    },
    {
      "type": "Feature",
      "id": "H02-S1",
      "geometry": {
        "type": "Point",
        "coordinates": [
          -4.0176,
          5.3347
        ]
      },
      "properties": {
        "entity_type": "stop",
        "stop_id": "H02-S1",
        "name": "Plateau Nord — zone pilote — point 2",
        "local_landmark": "Repère pilote H02-2",
        "commune": "Plateau",
        "stop_type": "formal",
        "served_modes": [
          "bus"
        ],
        "served_route_ids": [
          "BUS-P04"
        ],
        "is_synthetic": true,
        "data_origin": "synthetic",
        "source_type": "simulation",
        "validation_status": "simulated",
        "confidence": 0.3,
        "marker-color": "#2E74B5"
      }
    },
    {
      "type": "Feature",
      "id": "H02-S2",
      "geometry": {
        "type": "Point",
        "coordinates": [
          -4.0198,
          5.3349
        ]
      },
      "properties": {
        "entity_type": "stop",
        "stop_id": "H02-S2",
        "name": "Plateau Nord — zone pilote — point 3",
        "local_landmark": "Repère pilote H02-3",
        "commune": "Plateau",
        "stop_type": "informal",
        "served_modes": [
          "gbaka"
        ],
        "served_route_ids": [
          "GBAKA-P01"
        ],
        "is_synthetic": true,
        "data_origin": "synthetic",
        "source_type": "simulation",
        "validation_status": "simulated",
        "confidence": 0.3,
        "marker-color": "#F05A00"
      }
    },
    {
      "type": "Feature",
      "id": "H02-S3",
      "geometry": {
        "type": "Point",
        "coordinates": [
          -4.0181,
          5.3332
        ]
      },
      "properties": {
        "entity_type": "stop",
        "stop_id": "H02-S3",
        "name": "Plateau Nord — zone pilote — point 4",
        "local_landmark": "Repère pilote H02-4",
        "commune": "Plateau",
        "stop_type": "informal",
        "served_modes": [
          "gbaka"
        ],
        "served_route_ids": [],
        "is_synthetic": true,
        "data_origin": "synthetic",
        "source_type": "simulation",
        "validation_status": "simulated",
        "confidence": 0.3,
        "marker-color": "#F05A00"
      }
    },
    {
      "type": "Feature",
      "id": "H02-S4",
      "geometry": {
        "type": "Point",
        "coordinates": [
          -4.0196,
          5.3336
        ]
      },
      "properties": {
        "entity_type": "stop",
        "stop_id": "H02-S4",
        "name": "Plateau Nord — zone pilote — point 5",
        "local_landmark": "Repère pilote H02-5",
        "commune": "Plateau",
        "stop_type": "transfer",
        "served_modes": [
          "walk"
        ],
        "served_route_ids": [],
        "is_synthetic": true,
        "data_origin": "synthetic",
        "source_type": "simulation",
        "validation_status": "simulated",
        "confidence": 0.3,
        "marker-color": "#667085"
      }
    },
    {
      "type": "Feature",
      "id": "H03-S0",
      "geometry": {
        "type": "Point",
        "coordinates": [
          -4.0082,
          5.344
        ]
      },
      "properties": {
        "entity_type": "stop",
        "stop_id": "H03-S0",
        "name": "Indénié — zone pilote — point 1",
        "local_landmark": "Repère pilote H03-1",
        "commune": "Adjamé / Cocody",
        "stop_type": "transfer",
        "served_modes": [
          "bus"
        ],
        "served_route_ids": [
          "BUS-P02",
          "BUS-P04"
        ],
        "is_synthetic": true,
        "data_origin": "synthetic",
        "source_type": "simulation",
        "validation_status": "simulated",
        "confidence": 0.3,
        "marker-color": "#2E74B5"
      }
    },
    {
      "type": "Feature",
      "id": "H03-S1",
      "geometry": {
        "type": "Point",
        "coordinates": [
          -4.007,
          5.3445
        ]
      },
      "properties": {
        "entity_type": "stop",
        "stop_id": "H03-S1",
        "name": "Indénié — zone pilote — point 2",
        "local_landmark": "Repère pilote H03-2",
        "commune": "Adjamé / Cocody",
        "stop_type": "formal",
        "served_modes": [
          "bus"
        ],
        "served_route_ids": [
          "BUS-P01",
          "BUS-P03"
        ],
        "is_synthetic": true,
        "data_origin": "synthetic",
        "source_type": "simulation",
        "validation_status": "simulated",
        "confidence": 0.3,
        "marker-color": "#2E74B5"
      }
    },
    {
      "type": "Feature",
      "id": "H03-S2",
      "geometry": {
        "type": "Point",
        "coordinates": [
          -4.0092,
          5.3447
        ]
      },
      "properties": {
        "entity_type": "stop",
        "stop_id": "H03-S2",
        "name": "Indénié — zone pilote — point 3",
        "local_landmark": "Repère pilote H03-3",
        "commune": "Adjamé / Cocody",
        "stop_type": "informal",
        "served_modes": [
          "gbaka"
        ],
        "served_route_ids": [
          "GBAKA-P03"
        ],
        "is_synthetic": true,
        "data_origin": "synthetic",
        "source_type": "simulation",
        "validation_status": "simulated",
        "confidence": 0.3,
        "marker-color": "#F05A00"
      }
    },
    {
      "type": "Feature",
      "id": "H03-S3",
      "geometry": {
        "type": "Point",
        "coordinates": [
          -4.0075,
          5.343
        ]
      },
      "properties": {
        "entity_type": "stop",
        "stop_id": "H03-S3",
        "name": "Indénié — zone pilote — point 4",
        "local_landmark": "Repère pilote H03-4",
        "commune": "Adjamé / Cocody",
        "stop_type": "informal",
        "served_modes": [
          "gbaka"
        ],
        "served_route_ids": [
          "GBAKA-P01"
        ],
        "is_synthetic": true,
        "data_origin": "synthetic",
        "source_type": "simulation",
        "validation_status": "simulated",
        "confidence": 0.3,
        "marker-color": "#F05A00"
      }
    },
    {
      "type": "Feature",
      "id": "H03-S4",
      "geometry": {
        "type": "Point",
        "coordinates": [
          -4.009,
          5.3434
        ]
      },
      "properties": {
        "entity_type": "stop",
        "stop_id": "H03-S4",
        "name": "Indénié — zone pilote — point 5",
        "local_landmark": "Repère pilote H03-5",
        "commune": "Adjamé / Cocody",
        "stop_type": "transfer",
        "served_modes": [
          "walk"
        ],
        "served_route_ids": [],
        "is_synthetic": true,
        "data_origin": "synthetic",
        "source_type": "simulation",
        "validation_status": "simulated",
        "confidence": 0.3,
        "marker-color": "#667085"
      }
    },
    {
      "type": "Feature",
      "id": "H04-S0",
      "geometry": {
        "type": "Point",
        "coordinates": [
          -3.9942,
          5.3495
        ]
      },
      "properties": {
        "entity_type": "stop",
        "stop_id": "H04-S0",
        "name": "Cocody Centre — zone pilote — point 1",
        "local_landmark": "Repère pilote H04-1",
        "commune": "Cocody",
        "stop_type": "transfer",
        "served_modes": [
          "bus"
        ],
        "served_route_ids": [
          "BUS-P01",
          "BUS-P03",
          "BUS-P05"
        ],
        "is_synthetic": true,
        "data_origin": "synthetic",
        "source_type": "simulation",
        "validation_status": "simulated",
        "confidence": 0.3,
        "marker-color": "#2E74B5"
      }
    },
    {
      "type": "Feature",
      "id": "H04-S1",
      "geometry": {
        "type": "Point",
        "coordinates": [
          -3.993,
          5.35
        ]
      },
      "properties": {
        "entity_type": "stop",
        "stop_id": "H04-S1",
        "name": "Cocody Centre — zone pilote — point 2",
        "local_landmark": "Repère pilote H04-2",
        "commune": "Cocody",
        "stop_type": "formal",
        "served_modes": [
          "bus"
        ],
        "served_route_ids": [],
        "is_synthetic": true,
        "data_origin": "synthetic",
        "source_type": "simulation",
        "validation_status": "simulated",
        "confidence": 0.3,
        "marker-color": "#2E74B5"
      }
    },
    {
      "type": "Feature",
      "id": "H04-S2",
      "geometry": {
        "type": "Point",
        "coordinates": [
          -3.9952,
          5.3502
        ]
      },
      "properties": {
        "entity_type": "stop",
        "stop_id": "H04-S2",
        "name": "Cocody Centre — zone pilote — point 3",
        "local_landmark": "Repère pilote H04-3",
        "commune": "Cocody",
        "stop_type": "informal",
        "served_modes": [
          "gbaka"
        ],
        "served_route_ids": [
          "GBAKA-P01",
          "GBAKA-P02"
        ],
        "is_synthetic": true,
        "data_origin": "synthetic",
        "source_type": "simulation",
        "validation_status": "simulated",
        "confidence": 0.3,
        "marker-color": "#F05A00"
      }
    },
    {
      "type": "Feature",
      "id": "H04-S3",
      "geometry": {
        "type": "Point",
        "coordinates": [
          -3.9935,
          5.3485
        ]
      },
      "properties": {
        "entity_type": "stop",
        "stop_id": "H04-S3",
        "name": "Cocody Centre — zone pilote — point 4",
        "local_landmark": "Repère pilote H04-4",
        "commune": "Cocody",
        "stop_type": "informal",
        "served_modes": [
          "gbaka"
        ],
        "served_route_ids": [
          "GBAKA-P03"
        ],
        "is_synthetic": true,
        "data_origin": "synthetic",
        "source_type": "simulation",
        "validation_status": "simulated",
        "confidence": 0.3,
        "marker-color": "#F05A00"
      }
    },
    {
      "type": "Feature",
      "id": "H04-S4",
      "geometry": {
        "type": "Point",
        "coordinates": [
          -3.995,
          5.3489
        ]
      },
      "properties": {
        "entity_type": "stop",
        "stop_id": "H04-S4",
        "name": "Cocody Centre — zone pilote — point 5",
        "local_landmark": "Repère pilote H04-5",
        "commune": "Cocody",
        "stop_type": "transfer",
        "served_modes": [
          "walk"
        ],
        "served_route_ids": [],
        "is_synthetic": true,
        "data_origin": "synthetic",
        "source_type": "simulation",
        "validation_status": "simulated",
        "confidence": 0.3,
        "marker-color": "#667085"
      }
    },
    {
      "type": "Feature",
      "id": "H05-S0",
      "geometry": {
        "type": "Point",
        "coordinates": [
          -3.985,
          5.3477
        ]
      },
      "properties": {
        "entity_type": "stop",
        "stop_id": "H05-S0",
        "name": "Université — zone pilote — point 1",
        "local_landmark": "Repère pilote H05-1",
        "commune": "Cocody",
        "stop_type": "transfer",
        "served_modes": [
          "bus"
        ],
        "served_route_ids": [],
        "is_synthetic": true,
        "data_origin": "synthetic",
        "source_type": "simulation",
        "validation_status": "simulated",
        "confidence": 0.3,
        "marker-color": "#2E74B5"
      }
    },
    {
      "type": "Feature",
      "id": "H05-S1",
      "geometry": {
        "type": "Point",
        "coordinates": [
          -3.9838,
          5.3482
        ]
      },
      "properties": {
        "entity_type": "stop",
        "stop_id": "H05-S1",
        "name": "Université — zone pilote — point 2",
        "local_landmark": "Repère pilote H05-2",
        "commune": "Cocody",
        "stop_type": "formal",
        "served_modes": [
          "bus"
        ],
        "served_route_ids": [
          "BUS-P01",
          "BUS-P04",
          "BUS-P05"
        ],
        "is_synthetic": true,
        "data_origin": "synthetic",
        "source_type": "simulation",
        "validation_status": "simulated",
        "confidence": 0.3,
        "marker-color": "#2E74B5"
      }
    },
    {
      "type": "Feature",
      "id": "H05-S2",
      "geometry": {
        "type": "Point",
        "coordinates": [
          -3.986,
          5.3484
        ]
      },
      "properties": {
        "entity_type": "stop",
        "stop_id": "H05-S2",
        "name": "Université — zone pilote — point 3",
        "local_landmark": "Repère pilote H05-3",
        "commune": "Cocody",
        "stop_type": "informal",
        "served_modes": [
          "gbaka"
        ],
        "served_route_ids": [
          "GBAKA-P04"
        ],
        "is_synthetic": true,
        "data_origin": "synthetic",
        "source_type": "simulation",
        "validation_status": "simulated",
        "confidence": 0.3,
        "marker-color": "#F05A00"
      }
    },
    {
      "type": "Feature",
      "id": "H05-S3",
      "geometry": {
        "type": "Point",
        "coordinates": [
          -3.9843,
          5.3467
        ]
      },
      "properties": {
        "entity_type": "stop",
        "stop_id": "H05-S3",
        "name": "Université — zone pilote — point 4",
        "local_landmark": "Repère pilote H05-4",
        "commune": "Cocody",
        "stop_type": "informal",
        "served_modes": [
          "gbaka"
        ],
        "served_route_ids": [
          "GBAKA-P02"
        ],
        "is_synthetic": true,
        "data_origin": "synthetic",
        "source_type": "simulation",
        "validation_status": "simulated",
        "confidence": 0.3,
        "marker-color": "#F05A00"
      }
    },
    {
      "type": "Feature",
      "id": "H05-S4",
      "geometry": {
        "type": "Point",
        "coordinates": [
          -3.9858,
          5.3471
        ]
      },
      "properties": {
        "entity_type": "stop",
        "stop_id": "H05-S4",
        "name": "Université — zone pilote — point 5",
        "local_landmark": "Repère pilote H05-5",
        "commune": "Cocody",
        "stop_type": "transfer",
        "served_modes": [
          "walk"
        ],
        "served_route_ids": [],
        "is_synthetic": true,
        "data_origin": "synthetic",
        "source_type": "simulation",
        "validation_status": "simulated",
        "confidence": 0.3,
        "marker-color": "#667085"
      }
    },
    {
      "type": "Feature",
      "id": "H06-S0",
      "geometry": {
        "type": "Point",
        "coordinates": [
          -3.9848,
          5.368
        ]
      },
      "properties": {
        "entity_type": "stop",
        "stop_id": "H06-S0",
        "name": "Deux-Plateaux — zone pilote — point 1",
        "local_landmark": "Repère pilote H06-1",
        "commune": "Cocody",
        "stop_type": "transfer",
        "served_modes": [
          "bus"
        ],
        "served_route_ids": [],
        "is_synthetic": true,
        "data_origin": "synthetic",
        "source_type": "simulation",
        "validation_status": "simulated",
        "confidence": 0.3,
        "marker-color": "#2E74B5"
      }
    },
    {
      "type": "Feature",
      "id": "H06-S1",
      "geometry": {
        "type": "Point",
        "coordinates": [
          -3.9836,
          5.3685
        ]
      },
      "properties": {
        "entity_type": "stop",
        "stop_id": "H06-S1",
        "name": "Deux-Plateaux — zone pilote — point 2",
        "local_landmark": "Repère pilote H06-2",
        "commune": "Cocody",
        "stop_type": "formal",
        "served_modes": [
          "bus"
        ],
        "served_route_ids": [
          "BUS-P02",
          "BUS-P03"
        ],
        "is_synthetic": true,
        "data_origin": "synthetic",
        "source_type": "simulation",
        "validation_status": "simulated",
        "confidence": 0.3,
        "marker-color": "#2E74B5"
      }
    },
    {
      "type": "Feature",
      "id": "H06-S2",
      "geometry": {
        "type": "Point",
        "coordinates": [
          -3.9858,
          5.3687
        ]
      },
      "properties": {
        "entity_type": "stop",
        "stop_id": "H06-S2",
        "name": "Deux-Plateaux — zone pilote — point 3",
        "local_landmark": "Repère pilote H06-3",
        "commune": "Cocody",
        "stop_type": "informal",
        "served_modes": [
          "gbaka"
        ],
        "served_route_ids": [],
        "is_synthetic": true,
        "data_origin": "synthetic",
        "source_type": "simulation",
        "validation_status": "simulated",
        "confidence": 0.3,
        "marker-color": "#F05A00"
      }
    },
    {
      "type": "Feature",
      "id": "H06-S3",
      "geometry": {
        "type": "Point",
        "coordinates": [
          -3.9841,
          5.367
        ]
      },
      "properties": {
        "entity_type": "stop",
        "stop_id": "H06-S3",
        "name": "Deux-Plateaux — zone pilote — point 4",
        "local_landmark": "Repère pilote H06-4",
        "commune": "Cocody",
        "stop_type": "informal",
        "served_modes": [
          "gbaka"
        ],
        "served_route_ids": [
          "GBAKA-P01"
        ],
        "is_synthetic": true,
        "data_origin": "synthetic",
        "source_type": "simulation",
        "validation_status": "simulated",
        "confidence": 0.3,
        "marker-color": "#F05A00"
      }
    },
    {
      "type": "Feature",
      "id": "H06-S4",
      "geometry": {
        "type": "Point",
        "coordinates": [
          -3.9856,
          5.3674
        ]
      },
      "properties": {
        "entity_type": "stop",
        "stop_id": "H06-S4",
        "name": "Deux-Plateaux — zone pilote — point 5",
        "local_landmark": "Repère pilote H06-5",
        "commune": "Cocody",
        "stop_type": "transfer",
        "served_modes": [
          "walk"
        ],
        "served_route_ids": [],
        "is_synthetic": true,
        "data_origin": "synthetic",
        "source_type": "simulation",
        "validation_status": "simulated",
        "confidence": 0.3,
        "marker-color": "#667085"
      }
    },
    {
      "type": "Feature",
      "id": "H07-S0",
      "geometry": {
        "type": "Point",
        "coordinates": [
          -3.9695,
          5.3545
        ]
      },
      "properties": {
        "entity_type": "stop",
        "stop_id": "H07-S0",
        "name": "Riviera 2 — zone pilote — point 1",
        "local_landmark": "Repère pilote H07-1",
        "commune": "Cocody",
        "stop_type": "transfer",
        "served_modes": [
          "bus"
        ],
        "served_route_ids": [
          "BUS-P01",
          "BUS-P02",
          "BUS-P03",
          "BUS-P05"
        ],
        "is_synthetic": true,
        "data_origin": "synthetic",
        "source_type": "simulation",
        "validation_status": "simulated",
        "confidence": 0.3,
        "marker-color": "#2E74B5"
      }
    },
    {
      "type": "Feature",
      "id": "H07-S1",
      "geometry": {
        "type": "Point",
        "coordinates": [
          -3.9683,
          5.355
        ]
      },
      "properties": {
        "entity_type": "stop",
        "stop_id": "H07-S1",
        "name": "Riviera 2 — zone pilote — point 2",
        "local_landmark": "Repère pilote H07-2",
        "commune": "Cocody",
        "stop_type": "formal",
        "served_modes": [
          "bus"
        ],
        "served_route_ids": [],
        "is_synthetic": true,
        "data_origin": "synthetic",
        "source_type": "simulation",
        "validation_status": "simulated",
        "confidence": 0.3,
        "marker-color": "#2E74B5"
      }
    },
    {
      "type": "Feature",
      "id": "H07-S2",
      "geometry": {
        "type": "Point",
        "coordinates": [
          -3.9705,
          5.3552
        ]
      },
      "properties": {
        "entity_type": "stop",
        "stop_id": "H07-S2",
        "name": "Riviera 2 — zone pilote — point 3",
        "local_landmark": "Repère pilote H07-3",
        "commune": "Cocody",
        "stop_type": "informal",
        "served_modes": [
          "gbaka"
        ],
        "served_route_ids": [
          "GBAKA-P02",
          "GBAKA-P03"
        ],
        "is_synthetic": true,
        "data_origin": "synthetic",
        "source_type": "simulation",
        "validation_status": "simulated",
        "confidence": 0.3,
        "marker-color": "#F05A00"
      }
    },
    {
      "type": "Feature",
      "id": "H07-S3",
      "geometry": {
        "type": "Point",
        "coordinates": [
          -3.9688,
          5.3535
        ]
      },
      "properties": {
        "entity_type": "stop",
        "stop_id": "H07-S3",
        "name": "Riviera 2 — zone pilote — point 4",
        "local_landmark": "Repère pilote H07-4",
        "commune": "Cocody",
        "stop_type": "informal",
        "served_modes": [
          "gbaka"
        ],
        "served_route_ids": [
          "GBAKA-P04"
        ],
        "is_synthetic": true,
        "data_origin": "synthetic",
        "source_type": "simulation",
        "validation_status": "simulated",
        "confidence": 0.3,
        "marker-color": "#F05A00"
      }
    },
    {
      "type": "Feature",
      "id": "H07-S4",
      "geometry": {
        "type": "Point",
        "coordinates": [
          -3.9703,
          5.3539
        ]
      },
      "properties": {
        "entity_type": "stop",
        "stop_id": "H07-S4",
        "name": "Riviera 2 — zone pilote — point 5",
        "local_landmark": "Repère pilote H07-5",
        "commune": "Cocody",
        "stop_type": "transfer",
        "served_modes": [
          "walk"
        ],
        "served_route_ids": [],
        "is_synthetic": true,
        "data_origin": "synthetic",
        "source_type": "simulation",
        "validation_status": "simulated",
        "confidence": 0.3,
        "marker-color": "#667085"
      }
    },
    {
      "type": "Feature",
      "id": "H08-S0",
      "geometry": {
        "type": "Point",
        "coordinates": [
          -3.9518,
          5.3517
        ]
      },
      "properties": {
        "entity_type": "stop",
        "stop_id": "H08-S0",
        "name": "Riviera 3 — zone pilote — point 1",
        "local_landmark": "Repère pilote H08-1",
        "commune": "Cocody",
        "stop_type": "transfer",
        "served_modes": [
          "bus"
        ],
        "served_route_ids": [
          "BUS-P04"
        ],
        "is_synthetic": true,
        "data_origin": "synthetic",
        "source_type": "simulation",
        "validation_status": "simulated",
        "confidence": 0.3,
        "marker-color": "#2E74B5"
      }
    },
    {
      "type": "Feature",
      "id": "H08-S1",
      "geometry": {
        "type": "Point",
        "coordinates": [
          -3.9506,
          5.3522
        ]
      },
      "properties": {
        "entity_type": "stop",
        "stop_id": "H08-S1",
        "name": "Riviera 3 — zone pilote — point 2",
        "local_landmark": "Repère pilote H08-2",
        "commune": "Cocody",
        "stop_type": "formal",
        "served_modes": [
          "bus"
        ],
        "served_route_ids": [
          "BUS-P01"
        ],
        "is_synthetic": true,
        "data_origin": "synthetic",
        "source_type": "simulation",
        "validation_status": "simulated",
        "confidence": 0.3,
        "marker-color": "#2E74B5"
      }
    },
    {
      "type": "Feature",
      "id": "H08-S2",
      "geometry": {
        "type": "Point",
        "coordinates": [
          -3.9528,
          5.3524
        ]
      },
      "properties": {
        "entity_type": "stop",
        "stop_id": "H08-S2",
        "name": "Riviera 3 — zone pilote — point 3",
        "local_landmark": "Repère pilote H08-3",
        "commune": "Cocody",
        "stop_type": "informal",
        "served_modes": [
          "gbaka"
        ],
        "served_route_ids": [
          "GBAKA-P04"
        ],
        "is_synthetic": true,
        "data_origin": "synthetic",
        "source_type": "simulation",
        "validation_status": "simulated",
        "confidence": 0.3,
        "marker-color": "#F05A00"
      }
    },
    {
      "type": "Feature",
      "id": "H08-S3",
      "geometry": {
        "type": "Point",
        "coordinates": [
          -3.9511,
          5.3507
        ]
      },
      "properties": {
        "entity_type": "stop",
        "stop_id": "H08-S3",
        "name": "Riviera 3 — zone pilote — point 4",
        "local_landmark": "Repère pilote H08-4",
        "commune": "Cocody",
        "stop_type": "informal",
        "served_modes": [
          "gbaka"
        ],
        "served_route_ids": [
          "GBAKA-P02"
        ],
        "is_synthetic": true,
        "data_origin": "synthetic",
        "source_type": "simulation",
        "validation_status": "simulated",
        "confidence": 0.3,
        "marker-color": "#F05A00"
      }
    },
    {
      "type": "Feature",
      "id": "H08-S4",
      "geometry": {
        "type": "Point",
        "coordinates": [
          -3.9526,
          5.3511
        ]
      },
      "properties": {
        "entity_type": "stop",
        "stop_id": "H08-S4",
        "name": "Riviera 3 — zone pilote — point 5",
        "local_landmark": "Repère pilote H08-5",
        "commune": "Cocody",
        "stop_type": "transfer",
        "served_modes": [
          "walk"
        ],
        "served_route_ids": [],
        "is_synthetic": true,
        "data_origin": "synthetic",
        "source_type": "simulation",
        "validation_status": "simulated",
        "confidence": 0.3,
        "marker-color": "#667085"
      }
    },
    {
      "type": "Feature",
      "id": "H09-S0",
      "geometry": {
        "type": "Point",
        "coordinates": [
          -3.9458,
          5.367
        ]
      },
      "properties": {
        "entity_type": "stop",
        "stop_id": "H09-S0",
        "name": "Riviera Palmeraie — zone pilote — point 1",
        "local_landmark": "Repère pilote H09-1",
        "commune": "Cocody",
        "stop_type": "transfer",
        "served_modes": [
          "bus"
        ],
        "served_route_ids": [],
        "is_synthetic": true,
        "data_origin": "synthetic",
        "source_type": "simulation",
        "validation_status": "simulated",
        "confidence": 0.3,
        "marker-color": "#2E74B5"
      }
    },
    {
      "type": "Feature",
      "id": "H09-S1",
      "geometry": {
        "type": "Point",
        "coordinates": [
          -3.9446,
          5.3675
        ]
      },
      "properties": {
        "entity_type": "stop",
        "stop_id": "H09-S1",
        "name": "Riviera Palmeraie — zone pilote — point 2",
        "local_landmark": "Repère pilote H09-2",
        "commune": "Cocody",
        "stop_type": "formal",
        "served_modes": [
          "bus"
        ],
        "served_route_ids": [
          "BUS-P02",
          "BUS-P05"
        ],
        "is_synthetic": true,
        "data_origin": "synthetic",
        "source_type": "simulation",
        "validation_status": "simulated",
        "confidence": 0.3,
        "marker-color": "#2E74B5"
      }
    },
    {
      "type": "Feature",
      "id": "H09-S2",
      "geometry": {
        "type": "Point",
        "coordinates": [
          -3.9468,
          5.3677
        ]
      },
      "properties": {
        "entity_type": "stop",
        "stop_id": "H09-S2",
        "name": "Riviera Palmeraie — zone pilote — point 3",
        "local_landmark": "Repère pilote H09-3",
        "commune": "Cocody",
        "stop_type": "informal",
        "served_modes": [
          "gbaka"
        ],
        "served_route_ids": [],
        "is_synthetic": true,
        "data_origin": "synthetic",
        "source_type": "simulation",
        "validation_status": "simulated",
        "confidence": 0.3,
        "marker-color": "#F05A00"
      }
    },
    {
      "type": "Feature",
      "id": "H09-S3",
      "geometry": {
        "type": "Point",
        "coordinates": [
          -3.9451,
          5.366
        ]
      },
      "properties": {
        "entity_type": "stop",
        "stop_id": "H09-S3",
        "name": "Riviera Palmeraie — zone pilote — point 4",
        "local_landmark": "Repère pilote H09-4",
        "commune": "Cocody",
        "stop_type": "informal",
        "served_modes": [
          "gbaka"
        ],
        "served_route_ids": [
          "GBAKA-P03",
          "GBAKA-P04"
        ],
        "is_synthetic": true,
        "data_origin": "synthetic",
        "source_type": "simulation",
        "validation_status": "simulated",
        "confidence": 0.3,
        "marker-color": "#F05A00"
      }
    },
    {
      "type": "Feature",
      "id": "H09-S4",
      "geometry": {
        "type": "Point",
        "coordinates": [
          -3.9466,
          5.3664
        ]
      },
      "properties": {
        "entity_type": "stop",
        "stop_id": "H09-S4",
        "name": "Riviera Palmeraie — zone pilote — point 5",
        "local_landmark": "Repère pilote H09-5",
        "commune": "Cocody",
        "stop_type": "transfer",
        "served_modes": [
          "walk"
        ],
        "served_route_ids": [],
        "is_synthetic": true,
        "data_origin": "synthetic",
        "source_type": "simulation",
        "validation_status": "simulated",
        "confidence": 0.3,
        "marker-color": "#667085"
      }
    },
    {
      "type": "Feature",
      "id": "BUS-P01",
      "geometry": {
        "type": "LineString",
        "coordinates": [
          [
            -4.0178,
            5.3185
          ],
          [
            -4.0195,
            5.3263
          ],
          [
            -4.0188,
            5.3342
          ],
          [
            -4.007,
            5.3445
          ],
          [
            -3.9942,
            5.3495
          ],
          [
            -3.9838,
            5.3482
          ],
          [
            -3.9695,
            5.3545
          ],
          [
            -3.9506,
            5.3522
          ]
        ]
      },
      "properties": {
        "entity_type": "route",
        "route_id": "BUS-P01",
        "public_name": "Bus pilote Plateau Sud → Riviera 3",
        "operator_name": "Opérateur synthétique SIRA",
        "transport_mode": "bus",
        "direction_id": "outbound",
        "origin_name": "Plateau Sud — zone pilote",
        "destination_name": "Riviera 3 — zone pilote",
        "stop_sequence": [
          "H00-S0",
          "H01-S1",
          "H02-S0",
          "H03-S1",
          "H04-S0",
          "H05-S1",
          "H07-S0",
          "H08-S1"
        ],
        "service_windows": [
          {
            "time_period": "morning_peak",
            "start_time": "06:00",
            "end_time": "09:30",
            "headway_min_minutes": 8,
            "headway_typical_minutes": 12,
            "headway_max_minutes": 20
          },
          {
            "time_period": "day",
            "start_time": "09:30",
            "end_time": "16:30",
            "headway_min_minutes": 10,
            "headway_typical_minutes": 15,
            "headway_max_minutes": 24
          },
          {
            "time_period": "evening_peak",
            "start_time": "16:30",
            "end_time": "20:00",
            "headway_min_minutes": 9,
            "headway_typical_minutes": 14,
            "headway_max_minutes": 22
          }
        ],
        "fare": {
          "currency": "XOF",
          "pricing_rule": "fixed_simulated",
          "minimum": 300,
          "typical": 300,
          "maximum": 300,
          "transfer_included": false
        },
        "typical_distance_m": 11232,
        "typical_in_vehicle_duration_min": 41.6,
        "is_synthetic": true,
        "data_origin": "synthetic",
        "simulation_model": "SIRA-SIM-v1",
        "random_seed": 20260825,
        "validation_status": "simulated",
        "confidence": 0.35,
        "stroke": "#2E74B5",
        "stroke-width": 4
      }
    },
    {
      "type": "Feature",
      "id": "BUS-P02",
      "geometry": {
        "type": "LineString",
        "coordinates": [
          [
            -4.0178,
            5.3185
          ],
          [
            -4.0195,
            5.3263
          ],
          [
            -4.0082,
            5.344
          ],
          [
            -3.9836,
            5.3685
          ],
          [
            -3.9695,
            5.3545
          ],
          [
            -3.9446,
            5.3675
          ]
        ]
      },
      "properties": {
        "entity_type": "route",
        "route_id": "BUS-P02",
        "public_name": "Bus pilote Plateau Sud → Palmeraie",
        "operator_name": "Opérateur synthétique SIRA",
        "transport_mode": "bus",
        "direction_id": "outbound",
        "origin_name": "Plateau Sud — zone pilote",
        "destination_name": "Riviera Palmeraie — zone pilote",
        "stop_sequence": [
          "H00-S0",
          "H01-S1",
          "H03-S0",
          "H06-S1",
          "H07-S0",
          "H09-S1"
        ],
        "service_windows": [
          {
            "time_period": "morning_peak",
            "start_time": "06:00",
            "end_time": "09:30",
            "headway_min_minutes": 11,
            "headway_typical_minutes": 15,
            "headway_max_minutes": 23
          },
          {
            "time_period": "day",
            "start_time": "09:30",
            "end_time": "16:30",
            "headway_min_minutes": 13,
            "headway_typical_minutes": 18,
            "headway_max_minutes": 27
          },
          {
            "time_period": "evening_peak",
            "start_time": "16:30",
            "end_time": "20:00",
            "headway_min_minutes": 12,
            "headway_typical_minutes": 17,
            "headway_max_minutes": 25
          }
        ],
        "fare": {
          "currency": "XOF",
          "pricing_rule": "fixed_simulated",
          "minimum": 400,
          "typical": 400,
          "maximum": 400,
          "transfer_included": false
        },
        "typical_distance_m": 13876,
        "typical_in_vehicle_duration_min": 49.1,
        "is_synthetic": true,
        "data_origin": "synthetic",
        "simulation_model": "SIRA-SIM-v1",
        "random_seed": 20260825,
        "validation_status": "simulated",
        "confidence": 0.35,
        "stroke": "#165D9A",
        "stroke-width": 4
      }
    },
    {
      "type": "Feature",
      "id": "BUS-P03",
      "geometry": {
        "type": "LineString",
        "coordinates": [
          [
            -4.0188,
            5.3342
          ],
          [
            -4.007,
            5.3445
          ],
          [
            -3.9942,
            5.3495
          ],
          [
            -3.9836,
            5.3685
          ],
          [
            -3.9695,
            5.3545
          ]
        ]
      },
      "properties": {
        "entity_type": "route",
        "route_id": "BUS-P03",
        "public_name": "Bus pilote Plateau Nord → Riviera 2",
        "operator_name": "Opérateur synthétique SIRA",
        "transport_mode": "bus",
        "direction_id": "outbound",
        "origin_name": "Plateau Nord — zone pilote",
        "destination_name": "Riviera 2 — zone pilote",
        "stop_sequence": [
          "H02-S0",
          "H03-S1",
          "H04-S0",
          "H06-S1",
          "H07-S0"
        ],
        "service_windows": [
          {
            "time_period": "morning_peak",
            "start_time": "06:00",
            "end_time": "09:30",
            "headway_min_minutes": 6,
            "headway_typical_minutes": 10,
            "headway_max_minutes": 18
          },
          {
            "time_period": "day",
            "start_time": "09:30",
            "end_time": "16:30",
            "headway_min_minutes": 8,
            "headway_typical_minutes": 13,
            "headway_max_minutes": 22
          },
          {
            "time_period": "evening_peak",
            "start_time": "16:30",
            "end_time": "20:00",
            "headway_min_minutes": 7,
            "headway_typical_minutes": 12,
            "headway_max_minutes": 20
          }
        ],
        "fare": {
          "currency": "XOF",
          "pricing_rule": "fixed_simulated",
          "minimum": 250,
          "typical": 250,
          "maximum": 250,
          "transfer_included": false
        },
        "typical_distance_m": 8827,
        "typical_in_vehicle_duration_min": 31.5,
        "is_synthetic": true,
        "data_origin": "synthetic",
        "simulation_model": "SIRA-SIM-v1",
        "random_seed": 20260825,
        "validation_status": "simulated",
        "confidence": 0.35,
        "stroke": "#4472C4",
        "stroke-width": 4
      }
    },
    {
      "type": "Feature",
      "id": "BUS-P04",
      "geometry": {
        "type": "LineString",
        "coordinates": [
          [
            -4.0207,
            5.3258
          ],
          [
            -4.0176,
            5.3347
          ],
          [
            -4.0082,
            5.344
          ],
          [
            -3.9838,
            5.3482
          ],
          [
            -3.9518,
            5.3517
          ]
        ]
      },
      "properties": {
        "entity_type": "route",
        "route_id": "BUS-P04",
        "public_name": "Bus pilote Plateau Centre → Riviera 3",
        "operator_name": "Opérateur synthétique SIRA",
        "transport_mode": "bus",
        "direction_id": "outbound",
        "origin_name": "Plateau Centre — zone pilote",
        "destination_name": "Riviera 3 — zone pilote",
        "stop_sequence": [
          "H01-S0",
          "H02-S1",
          "H03-S0",
          "H05-S1",
          "H08-S0"
        ],
        "service_windows": [
          {
            "time_period": "morning_peak",
            "start_time": "06:00",
            "end_time": "09:30",
            "headway_min_minutes": 10,
            "headway_typical_minutes": 14,
            "headway_max_minutes": 22
          },
          {
            "time_period": "day",
            "start_time": "09:30",
            "end_time": "16:30",
            "headway_min_minutes": 12,
            "headway_typical_minutes": 17,
            "headway_max_minutes": 26
          },
          {
            "time_period": "evening_peak",
            "start_time": "16:30",
            "end_time": "20:00",
            "headway_min_minutes": 11,
            "headway_typical_minutes": 16,
            "headway_max_minutes": 24
          }
        ],
        "fare": {
          "currency": "XOF",
          "pricing_rule": "fixed_simulated",
          "minimum": 300,
          "typical": 300,
          "maximum": 300,
          "transfer_included": false
        },
        "typical_distance_m": 9878,
        "typical_in_vehicle_duration_min": 35.0,
        "is_synthetic": true,
        "data_origin": "synthetic",
        "simulation_model": "SIRA-SIM-v1",
        "random_seed": 20260825,
        "validation_status": "simulated",
        "confidence": 0.35,
        "stroke": "#1F77B4",
        "stroke-width": 4
      }
    },
    {
      "type": "Feature",
      "id": "BUS-P05",
      "geometry": {
        "type": "LineString",
        "coordinates": [
          [
            -4.0178,
            5.3185
          ],
          [
            -4.0195,
            5.3263
          ],
          [
            -3.9942,
            5.3495
          ],
          [
            -3.9838,
            5.3482
          ],
          [
            -3.9695,
            5.3545
          ],
          [
            -3.9446,
            5.3675
          ]
        ]
      },
      "properties": {
        "entity_type": "route",
        "route_id": "BUS-P05",
        "public_name": "Bus pilote Plateau Sud → Riviera Palmeraie",
        "operator_name": "Opérateur synthétique SIRA",
        "transport_mode": "bus",
        "direction_id": "outbound",
        "origin_name": "Plateau Sud — zone pilote",
        "destination_name": "Riviera Palmeraie — zone pilote",
        "stop_sequence": [
          "H00-S0",
          "H01-S1",
          "H04-S0",
          "H05-S1",
          "H07-S0",
          "H09-S1"
        ],
        "service_windows": [
          {
            "time_period": "morning_peak",
            "start_time": "06:00",
            "end_time": "09:30",
            "headway_min_minutes": 14,
            "headway_typical_minutes": 18,
            "headway_max_minutes": 26
          },
          {
            "time_period": "day",
            "start_time": "09:30",
            "end_time": "16:30",
            "headway_min_minutes": 16,
            "headway_typical_minutes": 21,
            "headway_max_minutes": 30
          },
          {
            "time_period": "evening_peak",
            "start_time": "16:30",
            "end_time": "20:00",
            "headway_min_minutes": 15,
            "headway_typical_minutes": 20,
            "headway_max_minutes": 28
          }
        ],
        "fare": {
          "currency": "XOF",
          "pricing_rule": "fixed_simulated",
          "minimum": 400,
          "typical": 400,
          "maximum": 400,
          "transfer_included": false
        },
        "typical_distance_m": 11984,
        "typical_in_vehicle_duration_min": 42.7,
        "is_synthetic": true,
        "data_origin": "synthetic",
        "simulation_model": "SIRA-SIM-v1",
        "random_seed": 20260825,
        "validation_status": "simulated",
        "confidence": 0.35,
        "stroke": "#264E86",
        "stroke-width": 4
      }
    },
    {
      "type": "Feature",
      "id": "GBAKA-P01",
      "geometry": {
        "type": "LineString",
        "coordinates": [
          [
            -4.0198,
            5.3349
          ],
          [
            -4.0075,
            5.343
          ],
          [
            -3.9952,
            5.3502
          ],
          [
            -3.9841,
            5.367
          ]
        ]
      },
      "properties": {
        "entity_type": "route",
        "route_id": "GBAKA-P01",
        "public_name": "Gbaka pilote Plateau Nord → Deux-Plateaux",
        "operator_name": "Opérateur synthétique SIRA",
        "transport_mode": "gbaka",
        "direction_id": "outbound",
        "origin_name": "Plateau Nord — zone pilote",
        "destination_name": "Deux-Plateaux — zone pilote",
        "stop_sequence": [
          "H02-S2",
          "H03-S3",
          "H04-S2",
          "H06-S3"
        ],
        "service_windows": [
          {
            "time_period": "morning_peak",
            "start_time": "06:00",
            "end_time": "09:30",
            "headway_min_minutes": 4,
            "headway_typical_minutes": 8,
            "headway_max_minutes": 16
          },
          {
            "time_period": "day",
            "start_time": "09:30",
            "end_time": "16:30",
            "headway_min_minutes": 6,
            "headway_typical_minutes": 11,
            "headway_max_minutes": 20
          },
          {
            "time_period": "evening_peak",
            "start_time": "16:30",
            "end_time": "20:00",
            "headway_min_minutes": 5,
            "headway_typical_minutes": 10,
            "headway_max_minutes": 18
          }
        ],
        "fare": {
          "currency": "XOF",
          "pricing_rule": "range_simulated",
          "minimum": 300,
          "typical": 400,
          "maximum": 550,
          "transfer_included": false
        },
        "typical_distance_m": 6102,
        "typical_in_vehicle_duration_min": 24.3,
        "is_synthetic": true,
        "data_origin": "synthetic",
        "simulation_model": "SIRA-SIM-v1",
        "random_seed": 20260825,
        "validation_status": "simulated",
        "confidence": 0.35,
        "stroke": "#F05A00",
        "stroke-width": 4
      }
    },
    {
      "type": "Feature",
      "id": "GBAKA-P02",
      "geometry": {
        "type": "LineString",
        "coordinates": [
          [
            -3.9952,
            5.3502
          ],
          [
            -3.9843,
            5.3467
          ],
          [
            -3.9705,
            5.3552
          ],
          [
            -3.9511,
            5.3507
          ]
        ]
      },
      "properties": {
        "entity_type": "route",
        "route_id": "GBAKA-P02",
        "public_name": "Gbaka pilote Cocody Centre → Riviera 3",
        "operator_name": "Opérateur synthétique SIRA",
        "transport_mode": "gbaka",
        "direction_id": "outbound",
        "origin_name": "Cocody Centre — zone pilote",
        "destination_name": "Riviera 3 — zone pilote",
        "stop_sequence": [
          "H04-S2",
          "H05-S3",
          "H07-S2",
          "H08-S3"
        ],
        "service_windows": [
          {
            "time_period": "morning_peak",
            "start_time": "06:00",
            "end_time": "09:30",
            "headway_min_minutes": 3,
            "headway_typical_minutes": 7,
            "headway_max_minutes": 15
          },
          {
            "time_period": "day",
            "start_time": "09:30",
            "end_time": "16:30",
            "headway_min_minutes": 5,
            "headway_typical_minutes": 10,
            "headway_max_minutes": 19
          },
          {
            "time_period": "evening_peak",
            "start_time": "16:30",
            "end_time": "20:00",
            "headway_min_minutes": 4,
            "headway_typical_minutes": 9,
            "headway_max_minutes": 17
          }
        ],
        "fare": {
          "currency": "XOF",
          "pricing_rule": "range_simulated",
          "minimum": 250,
          "typical": 350,
          "maximum": 500,
          "transfer_included": false
        },
        "typical_distance_m": 5902,
        "typical_in_vehicle_duration_min": 23.5,
        "is_synthetic": true,
        "data_origin": "synthetic",
        "simulation_model": "SIRA-SIM-v1",
        "random_seed": 20260825,
        "validation_status": "simulated",
        "confidence": 0.35,
        "stroke": "#E87500",
        "stroke-width": 4
      }
    },
    {
      "type": "Feature",
      "id": "GBAKA-P03",
      "geometry": {
        "type": "LineString",
        "coordinates": [
          [
            -4.0092,
            5.3447
          ],
          [
            -3.9935,
            5.3485
          ],
          [
            -3.9705,
            5.3552
          ],
          [
            -3.9451,
            5.366
          ]
        ]
      },
      "properties": {
        "entity_type": "route",
        "route_id": "GBAKA-P03",
        "public_name": "Gbaka pilote Indénié → Palmeraie",
        "operator_name": "Opérateur synthétique SIRA",
        "transport_mode": "gbaka",
        "direction_id": "outbound",
        "origin_name": "Indénié — zone pilote",
        "destination_name": "Riviera Palmeraie — zone pilote",
        "stop_sequence": [
          "H03-S2",
          "H04-S3",
          "H07-S2",
          "H09-S3"
        ],
        "service_windows": [
          {
            "time_period": "morning_peak",
            "start_time": "06:00",
            "end_time": "09:30",
            "headway_min_minutes": 5,
            "headway_typical_minutes": 9,
            "headway_max_minutes": 17
          },
          {
            "time_period": "day",
            "start_time": "09:30",
            "end_time": "16:30",
            "headway_min_minutes": 7,
            "headway_typical_minutes": 12,
            "headway_max_minutes": 21
          },
          {
            "time_period": "evening_peak",
            "start_time": "16:30",
            "end_time": "20:00",
            "headway_min_minutes": 6,
            "headway_typical_minutes": 11,
            "headway_max_minutes": 19
          }
        ],
        "fare": {
          "currency": "XOF",
          "pricing_rule": "range_simulated",
          "minimum": 400,
          "typical": 500,
          "maximum": 650,
          "transfer_included": false
        },
        "typical_distance_m": 8400,
        "typical_in_vehicle_duration_min": 32.9,
        "is_synthetic": true,
        "data_origin": "synthetic",
        "simulation_model": "SIRA-SIM-v1",
        "random_seed": 20260825,
        "validation_status": "simulated",
        "confidence": 0.35,
        "stroke": "#D94F00",
        "stroke-width": 4
      }
    },
    {
      "type": "Feature",
      "id": "GBAKA-P04",
      "geometry": {
        "type": "LineString",
        "coordinates": [
          [
            -3.986,
            5.3484
          ],
          [
            -3.9688,
            5.3535
          ],
          [
            -3.9528,
            5.3524
          ],
          [
            -3.9451,
            5.366
          ]
        ]
      },
      "properties": {
        "entity_type": "route",
        "route_id": "GBAKA-P04",
        "public_name": "Gbaka pilote Université → Palmeraie",
        "operator_name": "Opérateur synthétique SIRA",
        "transport_mode": "gbaka",
        "direction_id": "outbound",
        "origin_name": "Université — zone pilote",
        "destination_name": "Riviera Palmeraie — zone pilote",
        "stop_sequence": [
          "H05-S2",
          "H07-S3",
          "H08-S2",
          "H09-S3"
        ],
        "service_windows": [
          {
            "time_period": "morning_peak",
            "start_time": "06:00",
            "end_time": "09:30",
            "headway_min_minutes": 3,
            "headway_typical_minutes": 6,
            "headway_max_minutes": 14
          },
          {
            "time_period": "day",
            "start_time": "09:30",
            "end_time": "16:30",
            "headway_min_minutes": 4,
            "headway_typical_minutes": 9,
            "headway_max_minutes": 18
          },
          {
            "time_period": "evening_peak",
            "start_time": "16:30",
            "end_time": "20:00",
            "headway_min_minutes": 3,
            "headway_typical_minutes": 8,
            "headway_max_minutes": 16
          }
        ],
        "fare": {
          "currency": "XOF",
          "pricing_rule": "range_simulated",
          "minimum": 200,
          "typical": 300,
          "maximum": 450,
          "transfer_included": false
        },
        "typical_distance_m": 6158,
        "typical_in_vehicle_duration_min": 24.5,
        "is_synthetic": true,
        "data_origin": "synthetic",
        "simulation_model": "SIRA-SIM-v1",
        "random_seed": 20260825,
        "validation_status": "simulated",
        "confidence": 0.35,
        "stroke": "#FF7A00",
        "stroke-width": 4
      }
    },
    {
      "type": "Feature",
      "id": "TRANSFER-001",
      "geometry": {
        "type": "LineString",
        "coordinates": [
          [
            -4.0178,
            5.3185
          ],
          [
            -4.0188,
            5.3192
          ]
        ]
      },
      "properties": {
        "entity_type": "transfer",
        "transfer_id": "TRANSFER-001",
        "from_stop_id": "H00-S0",
        "to_stop_id": "H00-S2",
        "from_mode": "bus",
        "to_mode": "gbaka",
        "walking_distance_m": 169,
        "walking_duration_min": 2.3,
        "minimum_connection_time_min": 4.3,
        "difficulty": "normal",
        "instructions_fr_CI": "Descends au point indiqué, puis marche vers le repère pilote suivant.",
        "is_synthetic": true,
        "data_origin": "synthetic",
        "validation_status": "simulated",
        "confidence": 0.3,
        "stroke": "#1C7C54",
        "stroke-width": 2,
        "stroke-dasharray": [
          3,
          2
        ]
      }
    },
    {
      "type": "Feature",
      "id": "TRANSFER-002",
      "geometry": {
        "type": "LineString",
        "coordinates": [
          [
            -4.0207,
            5.3258
          ],
          [
            -4.0217,
            5.3265
          ]
        ]
      },
      "properties": {
        "entity_type": "transfer",
        "transfer_id": "TRANSFER-002",
        "from_stop_id": "H01-S0",
        "to_stop_id": "H01-S2",
        "from_mode": "bus",
        "to_mode": "gbaka",
        "walking_distance_m": 169,
        "walking_duration_min": 2.3,
        "minimum_connection_time_min": 4.3,
        "difficulty": "normal",
        "instructions_fr_CI": "Descends au point indiqué, puis marche vers le repère pilote suivant.",
        "is_synthetic": true,
        "data_origin": "synthetic",
        "validation_status": "simulated",
        "confidence": 0.3,
        "stroke": "#1C7C54",
        "stroke-width": 2,
        "stroke-dasharray": [
          3,
          2
        ]
      }
    },
    {
      "type": "Feature",
      "id": "TRANSFER-003",
      "geometry": {
        "type": "LineString",
        "coordinates": [
          [
            -4.0188,
            5.3342
          ],
          [
            -4.0198,
            5.3349
          ]
        ]
      },
      "properties": {
        "entity_type": "transfer",
        "transfer_id": "TRANSFER-003",
        "from_stop_id": "H02-S0",
        "to_stop_id": "H02-S2",
        "from_mode": "bus",
        "to_mode": "gbaka",
        "walking_distance_m": 169,
        "walking_duration_min": 2.3,
        "minimum_connection_time_min": 4.3,
        "difficulty": "normal",
        "instructions_fr_CI": "Descends au point indiqué, puis marche vers le repère pilote suivant.",
        "is_synthetic": true,
        "data_origin": "synthetic",
        "validation_status": "simulated",
        "confidence": 0.3,
        "stroke": "#1C7C54",
        "stroke-width": 2,
        "stroke-dasharray": [
          3,
          2
        ]
      }
    },
    {
      "type": "Feature",
      "id": "TRANSFER-004",
      "geometry": {
        "type": "LineString",
        "coordinates": [
          [
            -4.0082,
            5.344
          ],
          [
            -4.0092,
            5.3447
          ]
        ]
      },
      "properties": {
        "entity_type": "transfer",
        "transfer_id": "TRANSFER-004",
        "from_stop_id": "H03-S0",
        "to_stop_id": "H03-S2",
        "from_mode": "bus",
        "to_mode": "gbaka",
        "walking_distance_m": 169,
        "walking_duration_min": 2.3,
        "minimum_connection_time_min": 4.3,
        "difficulty": "normal",
        "instructions_fr_CI": "Descends au point indiqué, puis marche vers le repère pilote suivant.",
        "is_synthetic": true,
        "data_origin": "synthetic",
        "validation_status": "simulated",
        "confidence": 0.3,
        "stroke": "#1C7C54",
        "stroke-width": 2,
        "stroke-dasharray": [
          3,
          2
        ]
      }
    },
    {
      "type": "Feature",
      "id": "TRANSFER-005",
      "geometry": {
        "type": "LineString",
        "coordinates": [
          [
            -3.9942,
            5.3495
          ],
          [
            -3.9952,
            5.3502
          ]
        ]
      },
      "properties": {
        "entity_type": "transfer",
        "transfer_id": "TRANSFER-005",
        "from_stop_id": "H04-S0",
        "to_stop_id": "H04-S2",
        "from_mode": "bus",
        "to_mode": "gbaka",
        "walking_distance_m": 169,
        "walking_duration_min": 2.3,
        "minimum_connection_time_min": 4.3,
        "difficulty": "normal",
        "instructions_fr_CI": "Descends au point indiqué, puis marche vers le repère pilote suivant.",
        "is_synthetic": true,
        "data_origin": "synthetic",
        "validation_status": "simulated",
        "confidence": 0.3,
        "stroke": "#1C7C54",
        "stroke-width": 2,
        "stroke-dasharray": [
          3,
          2
        ]
      }
    },
    {
      "type": "Feature",
      "id": "TRANSFER-006",
      "geometry": {
        "type": "LineString",
        "coordinates": [
          [
            -3.985,
            5.3477
          ],
          [
            -3.986,
            5.3484
          ]
        ]
      },
      "properties": {
        "entity_type": "transfer",
        "transfer_id": "TRANSFER-006",
        "from_stop_id": "H05-S0",
        "to_stop_id": "H05-S2",
        "from_mode": "bus",
        "to_mode": "gbaka",
        "walking_distance_m": 169,
        "walking_duration_min": 2.3,
        "minimum_connection_time_min": 4.3,
        "difficulty": "normal",
        "instructions_fr_CI": "Descends au point indiqué, puis marche vers le repère pilote suivant.",
        "is_synthetic": true,
        "data_origin": "synthetic",
        "validation_status": "simulated",
        "confidence": 0.3,
        "stroke": "#1C7C54",
        "stroke-width": 2,
        "stroke-dasharray": [
          3,
          2
        ]
      }
    },
    {
      "type": "Feature",
      "id": "TRANSFER-007",
      "geometry": {
        "type": "LineString",
        "coordinates": [
          [
            -3.9848,
            5.368
          ],
          [
            -3.9858,
            5.3687
          ]
        ]
      },
      "properties": {
        "entity_type": "transfer",
        "transfer_id": "TRANSFER-007",
        "from_stop_id": "H06-S0",
        "to_stop_id": "H06-S2",
        "from_mode": "bus",
        "to_mode": "gbaka",
        "walking_distance_m": 169,
        "walking_duration_min": 2.3,
        "minimum_connection_time_min": 4.3,
        "difficulty": "normal",
        "instructions_fr_CI": "Descends au point indiqué, puis marche vers le repère pilote suivant.",
        "is_synthetic": true,
        "data_origin": "synthetic",
        "validation_status": "simulated",
        "confidence": 0.3,
        "stroke": "#1C7C54",
        "stroke-width": 2,
        "stroke-dasharray": [
          3,
          2
        ]
      }
    },
    {
      "type": "Feature",
      "id": "TRANSFER-008",
      "geometry": {
        "type": "LineString",
        "coordinates": [
          [
            -3.9695,
            5.3545
          ],
          [
            -3.9705,
            5.3552
          ]
        ]
      },
      "properties": {
        "entity_type": "transfer",
        "transfer_id": "TRANSFER-008",
        "from_stop_id": "H07-S0",
        "to_stop_id": "H07-S2",
        "from_mode": "bus",
        "to_mode": "gbaka",
        "walking_distance_m": 169,
        "walking_duration_min": 2.3,
        "minimum_connection_time_min": 4.3,
        "difficulty": "normal",
        "instructions_fr_CI": "Descends au point indiqué, puis marche vers le repère pilote suivant.",
        "is_synthetic": true,
        "data_origin": "synthetic",
        "validation_status": "simulated",
        "confidence": 0.3,
        "stroke": "#1C7C54",
        "stroke-width": 2,
        "stroke-dasharray": [
          3,
          2
        ]
      }
    },
    {
      "type": "Feature",
      "id": "TRANSFER-009",
      "geometry": {
        "type": "LineString",
        "coordinates": [
          [
            -3.9518,
            5.3517
          ],
          [
            -3.9528,
            5.3524
          ]
        ]
      },
      "properties": {
        "entity_type": "transfer",
        "transfer_id": "TRANSFER-009",
        "from_stop_id": "H08-S0",
        "to_stop_id": "H08-S2",
        "from_mode": "bus",
        "to_mode": "gbaka",
        "walking_distance_m": 169,
        "walking_duration_min": 2.3,
        "minimum_connection_time_min": 4.3,
        "difficulty": "normal",
        "instructions_fr_CI": "Descends au point indiqué, puis marche vers le repère pilote suivant.",
        "is_synthetic": true,
        "data_origin": "synthetic",
        "validation_status": "simulated",
        "confidence": 0.3,
        "stroke": "#1C7C54",
        "stroke-width": 2,
        "stroke-dasharray": [
          3,
          2
        ]
      }
    },
    {
      "type": "Feature",
      "id": "TRANSFER-010",
      "geometry": {
        "type": "LineString",
        "coordinates": [
          [
            -3.9458,
            5.367
          ],
          [
            -3.9468,
            5.3677
          ]
        ]
      },
      "properties": {
        "entity_type": "transfer",
        "transfer_id": "TRANSFER-010",
        "from_stop_id": "H09-S0",
        "to_stop_id": "H09-S2",
        "from_mode": "bus",
        "to_mode": "gbaka",
        "walking_distance_m": 169,
        "walking_duration_min": 2.3,
        "minimum_connection_time_min": 4.3,
        "difficulty": "normal",
        "instructions_fr_CI": "Descends au point indiqué, puis marche vers le repère pilote suivant.",
        "is_synthetic": true,
        "data_origin": "synthetic",
        "validation_status": "simulated",
        "confidence": 0.3,
        "stroke": "#1C7C54",
        "stroke-width": 2,
        "stroke-dasharray": [
          3,
          2
        ]
      }
    },
    {
      "type": "Feature",
      "id": "TRANSFER-011",
      "geometry": {
        "type": "LineString",
        "coordinates": [
          [
            -4.007,
            5.3445
          ],
          [
            -4.0075,
            5.343
          ]
        ]
      },
      "properties": {
        "entity_type": "transfer",
        "transfer_id": "TRANSFER-011",
        "from_stop_id": "H03-S1",
        "to_stop_id": "H03-S3",
        "from_mode": "bus",
        "to_mode": "gbaka",
        "walking_distance_m": 220,
        "walking_duration_min": 2.9,
        "minimum_connection_time_min": 4.9,
        "difficulty": "normal",
        "instructions_fr_CI": "Descends au point indiqué, puis marche vers le repère pilote suivant.",
        "is_synthetic": true,
        "data_origin": "synthetic",
        "validation_status": "simulated",
        "confidence": 0.3,
        "stroke": "#1C7C54",
        "stroke-width": 2,
        "stroke-dasharray": [
          3,
          2
        ]
      }
    },
    {
      "type": "Feature",
      "id": "TRANSFER-012",
      "geometry": {
        "type": "LineString",
        "coordinates": [
          [
            -3.993,
            5.35
          ],
          [
            -3.9935,
            5.3485
          ]
        ]
      },
      "properties": {
        "entity_type": "transfer",
        "transfer_id": "TRANSFER-012",
        "from_stop_id": "H04-S1",
        "to_stop_id": "H04-S3",
        "from_mode": "bus",
        "to_mode": "gbaka",
        "walking_distance_m": 220,
        "walking_duration_min": 2.9,
        "minimum_connection_time_min": 4.9,
        "difficulty": "normal",
        "instructions_fr_CI": "Descends au point indiqué, puis marche vers le repère pilote suivant.",
        "is_synthetic": true,
        "data_origin": "synthetic",
        "validation_status": "simulated",
        "confidence": 0.3,
        "stroke": "#1C7C54",
        "stroke-width": 2,
        "stroke-dasharray": [
          3,
          2
        ]
      }
    },
    {
      "type": "Feature",
      "id": "TRANSFER-013",
      "geometry": {
        "type": "LineString",
        "coordinates": [
          [
            -3.9838,
            5.3482
          ],
          [
            -3.9843,
            5.3467
          ]
        ]
      },
      "properties": {
        "entity_type": "transfer",
        "transfer_id": "TRANSFER-013",
        "from_stop_id": "H05-S1",
        "to_stop_id": "H05-S3",
        "from_mode": "bus",
        "to_mode": "gbaka",
        "walking_distance_m": 220,
        "walking_duration_min": 2.9,
        "minimum_connection_time_min": 4.9,
        "difficulty": "normal",
        "instructions_fr_CI": "Descends au point indiqué, puis marche vers le repère pilote suivant.",
        "is_synthetic": true,
        "data_origin": "synthetic",
        "validation_status": "simulated",
        "confidence": 0.3,
        "stroke": "#1C7C54",
        "stroke-width": 2,
        "stroke-dasharray": [
          3,
          2
        ]
      }
    },
    {
      "type": "Feature",
      "id": "TRANSFER-014",
      "geometry": {
        "type": "LineString",
        "coordinates": [
          [
            -3.9683,
            5.355
          ],
          [
            -3.9688,
            5.3535
          ]
        ]
      },
      "properties": {
        "entity_type": "transfer",
        "transfer_id": "TRANSFER-014",
        "from_stop_id": "H07-S1",
        "to_stop_id": "H07-S3",
        "from_mode": "bus",
        "to_mode": "gbaka",
        "walking_distance_m": 220,
        "walking_duration_min": 2.9,
        "minimum_connection_time_min": 4.9,
        "difficulty": "normal",
        "instructions_fr_CI": "Descends au point indiqué, puis marche vers le repère pilote suivant.",
        "is_synthetic": true,
        "data_origin": "synthetic",
        "validation_status": "simulated",
        "confidence": 0.3,
        "stroke": "#1C7C54",
        "stroke-width": 2,
        "stroke-dasharray": [
          3,
          2
        ]
      }
    },
    {
      "type": "Feature",
      "id": "TRANSFER-015",
      "geometry": {
        "type": "LineString",
        "coordinates": [
          [
            -3.9506,
            5.3522
          ],
          [
            -3.9511,
            5.3507
          ]
        ]
      },
      "properties": {
        "entity_type": "transfer",
        "transfer_id": "TRANSFER-015",
        "from_stop_id": "H08-S1",
        "to_stop_id": "H08-S3",
        "from_mode": "bus",
        "to_mode": "gbaka",
        "walking_distance_m": 220,
        "walking_duration_min": 2.9,
        "minimum_connection_time_min": 4.9,
        "difficulty": "normal",
        "instructions_fr_CI": "Descends au point indiqué, puis marche vers le repère pilote suivant.",
        "is_synthetic": true,
        "data_origin": "synthetic",
        "validation_status": "simulated",
        "confidence": 0.3,
        "stroke": "#1C7C54",
        "stroke-width": 2,
        "stroke-dasharray": [
          3,
          2
        ]
      }
    }
  ],
  "observations": [
    {
      "observation_id": "OBS-0001",
      "observation_type": "frequency",
      "route_id": "BUS-P01",
      "stop_id": "H00-S0",
      "transport_mode": "bus",
      "direction_id": "outbound",
      "observed_at": "2026-08-25T06:30:00Z",
      "time_period": "morning_peak",
      "headway_minutes": 10.0,
      "is_synthetic": true,
      "data_origin": "synthetic",
      "simulation_model": "triangular_headway",
      "validation_status": "simulated",
      "confidence": 0.35
    },
    {
      "observation_id": "OBS-0002",
      "observation_type": "frequency",
      "route_id": "BUS-P01",
      "stop_id": "H00-S0",
      "transport_mode": "bus",
      "direction_id": "outbound",
      "observed_at": "2026-08-25T07:07:00Z",
      "time_period": "day",
      "headway_minutes": 17.9,
      "is_synthetic": true,
      "data_origin": "synthetic",
      "simulation_model": "triangular_headway",
      "validation_status": "simulated",
      "confidence": 0.35
    },
    {
      "observation_id": "OBS-0003",
      "observation_type": "frequency",
      "route_id": "BUS-P01",
      "stop_id": "H00-S0",
      "transport_mode": "bus",
      "direction_id": "outbound",
      "observed_at": "2026-08-25T07:44:00Z",
      "time_period": "evening_peak",
      "headway_minutes": 13.2,
      "is_synthetic": true,
      "data_origin": "synthetic",
      "simulation_model": "triangular_headway",
      "validation_status": "simulated",
      "confidence": 0.35
    },
    {
      "observation_id": "OBS-0004",
      "observation_type": "frequency",
      "route_id": "BUS-P01",
      "stop_id": "H00-S0",
      "transport_mode": "bus",
      "direction_id": "outbound",
      "observed_at": "2026-08-25T08:21:00Z",
      "time_period": "morning_peak",
      "headway_minutes": 12.4,
      "is_synthetic": true,
      "data_origin": "synthetic",
      "simulation_model": "triangular_headway",
      "validation_status": "simulated",
      "confidence": 0.35
    },
    {
      "observation_id": "OBS-0005",
      "observation_type": "frequency",
      "route_id": "BUS-P01",
      "stop_id": "H00-S0",
      "transport_mode": "bus",
      "direction_id": "outbound",
      "observed_at": "2026-08-26T08:58:00Z",
      "time_period": "day",
      "headway_minutes": 16.1,
      "is_synthetic": true,
      "data_origin": "synthetic",
      "simulation_model": "triangular_headway",
      "validation_status": "simulated",
      "confidence": 0.35
    },
    {
      "observation_id": "OBS-0006",
      "observation_type": "frequency",
      "route_id": "BUS-P01",
      "stop_id": "H00-S0",
      "transport_mode": "bus",
      "direction_id": "outbound",
      "observed_at": "2026-08-26T09:35:00Z",
      "time_period": "evening_peak",
      "headway_minutes": 12.1,
      "is_synthetic": true,
      "data_origin": "synthetic",
      "simulation_model": "triangular_headway",
      "validation_status": "simulated",
      "confidence": 0.35
    },
    {
      "observation_id": "OBS-0007",
      "observation_type": "frequency",
      "route_id": "BUS-P01",
      "stop_id": "H00-S0",
      "transport_mode": "bus",
      "direction_id": "outbound",
      "observed_at": "2026-08-26T10:12:00Z",
      "time_period": "morning_peak",
      "headway_minutes": 8.5,
      "is_synthetic": true,
      "data_origin": "synthetic",
      "simulation_model": "triangular_headway",
      "validation_status": "simulated",
      "confidence": 0.35
    },
    {
      "observation_id": "OBS-0008",
      "observation_type": "frequency",
      "route_id": "BUS-P01",
      "stop_id": "H00-S0",
      "transport_mode": "bus",
      "direction_id": "outbound",
      "observed_at": "2026-08-26T10:49:00Z",
      "time_period": "day",
      "headway_minutes": 15.0,
      "is_synthetic": true,
      "data_origin": "synthetic",
      "simulation_model": "triangular_headway",
      "validation_status": "simulated",
      "confidence": 0.35
    },
    {
      "observation_id": "OBS-0009",
      "observation_type": "frequency",
      "route_id": "BUS-P01",
      "stop_id": "H00-S0",
      "transport_mode": "bus",
      "direction_id": "outbound",
      "observed_at": "2026-08-27T11:26:00Z",
      "time_period": "evening_peak",
      "headway_minutes": 22.0,
      "is_synthetic": true,
      "data_origin": "synthetic",
      "simulation_model": "triangular_headway",
      "validation_status": "simulated",
      "confidence": 0.35
    },
    {
      "observation_id": "OBS-0010",
      "observation_type": "frequency",
      "route_id": "BUS-P01",
      "stop_id": "H00-S0",
      "transport_mode": "bus",
      "direction_id": "outbound",
      "observed_at": "2026-08-27T12:03:00Z",
      "time_period": "morning_peak",
      "headway_minutes": 10.3,
      "is_synthetic": true,
      "data_origin": "synthetic",
      "simulation_model": "triangular_headway",
      "validation_status": "simulated",
      "confidence": 0.35
    },
    {
      "observation_id": "OBS-0011",
      "observation_type": "frequency",
      "route_id": "BUS-P01",
      "stop_id": "H00-S0",
      "transport_mode": "bus",
      "direction_id": "outbound",
      "observed_at": "2026-08-27T12:40:00Z",
      "time_period": "day",
      "headway_minutes": 15.4,
      "is_synthetic": true,
      "data_origin": "synthetic",
      "simulation_model": "triangular_headway",
      "validation_status": "simulated",
      "confidence": 0.35
    },
    {
      "observation_id": "OBS-0012",
      "observation_type": "frequency",
      "route_id": "BUS-P01",
      "stop_id": "H00-S0",
      "transport_mode": "bus",
      "direction_id": "outbound",
      "observed_at": "2026-08-27T13:17:00Z",
      "time_period": "evening_peak",
      "headway_minutes": 21.4,
      "is_synthetic": true,
      "data_origin": "synthetic",
      "simulation_model": "triangular_headway",
      "validation_status": "simulated",
      "confidence": 0.35
    },
    {
      "observation_id": "OBS-0013",
      "observation_type": "fare",
      "route_id": "BUS-P01",
      "stop_id": "H00-S0",
      "transport_mode": "bus",
      "direction_id": "outbound",
      "observed_at": "2026-08-25T07:00:00Z",
      "fare_paid": 300,
      "currency": "XOF",
      "is_synthetic": true,
      "data_origin": "synthetic",
      "simulation_model": "discrete_fare",
      "validation_status": "simulated",
      "confidence": 0.35
    },
    {
      "observation_id": "OBS-0014",
      "observation_type": "fare",
      "route_id": "BUS-P01",
      "stop_id": "H01-S1",
      "transport_mode": "bus",
      "direction_id": "outbound",
      "observed_at": "2026-08-25T07:41:00Z",
      "fare_paid": 300,
      "currency": "XOF",
      "is_synthetic": true,
      "data_origin": "synthetic",
      "simulation_model": "discrete_fare",
      "validation_status": "simulated",
      "confidence": 0.35
    },
    {
      "observation_id": "OBS-0015",
      "observation_type": "fare",
      "route_id": "BUS-P01",
      "stop_id": "H02-S0",
      "transport_mode": "bus",
      "direction_id": "outbound",
      "observed_at": "2026-08-25T08:22:00Z",
      "fare_paid": 300,
      "currency": "XOF",
      "is_synthetic": true,
      "data_origin": "synthetic",
      "simulation_model": "discrete_fare",
      "validation_status": "simulated",
      "confidence": 0.35
    },
    {
      "observation_id": "OBS-0016",
      "observation_type": "fare",
      "route_id": "BUS-P01",
      "stop_id": "H03-S1",
      "transport_mode": "bus",
      "direction_id": "outbound",
      "observed_at": "2026-08-25T09:03:00Z",
      "fare_paid": 300,
      "currency": "XOF",
      "is_synthetic": true,
      "data_origin": "synthetic",
      "simulation_model": "discrete_fare",
      "validation_status": "simulated",
      "confidence": 0.35
    },
    {
      "observation_id": "OBS-0017",
      "observation_type": "fare",
      "route_id": "BUS-P01",
      "stop_id": "H04-S0",
      "transport_mode": "bus",
      "direction_id": "outbound",
      "observed_at": "2026-08-26T09:44:00Z",
      "fare_paid": 300,
      "currency": "XOF",
      "is_synthetic": true,
      "data_origin": "synthetic",
      "simulation_model": "discrete_fare",
      "validation_status": "simulated",
      "confidence": 0.35
    },
    {
      "observation_id": "OBS-0018",
      "observation_type": "fare",
      "route_id": "BUS-P01",
      "stop_id": "H05-S1",
      "transport_mode": "bus",
      "direction_id": "outbound",
      "observed_at": "2026-08-26T10:25:00Z",
      "fare_paid": 300,
      "currency": "XOF",
      "is_synthetic": true,
      "data_origin": "synthetic",
      "simulation_model": "discrete_fare",
      "validation_status": "simulated",
      "confidence": 0.35
    },
    {
      "observation_id": "OBS-0019",
      "observation_type": "fare",
      "route_id": "BUS-P01",
      "stop_id": "H07-S0",
      "transport_mode": "bus",
      "direction_id": "outbound",
      "observed_at": "2026-08-26T11:06:00Z",
      "fare_paid": 300,
      "currency": "XOF",
      "is_synthetic": true,
      "data_origin": "synthetic",
      "simulation_model": "discrete_fare",
      "validation_status": "simulated",
      "confidence": 0.35
    },
    {
      "observation_id": "OBS-0020",
      "observation_type": "fare",
      "route_id": "BUS-P01",
      "stop_id": "H08-S1",
      "transport_mode": "bus",
      "direction_id": "outbound",
      "observed_at": "2026-08-26T11:47:00Z",
      "fare_paid": 300,
      "currency": "XOF",
      "is_synthetic": true,
      "data_origin": "synthetic",
      "simulation_model": "discrete_fare",
      "validation_status": "simulated",
      "confidence": 0.35
    },
    {
      "observation_id": "OBS-0021",
      "observation_type": "fare",
      "route_id": "BUS-P01",
      "stop_id": "H00-S0",
      "transport_mode": "bus",
      "direction_id": "outbound",
      "observed_at": "2026-08-27T12:28:00Z",
      "fare_paid": 300,
      "currency": "XOF",
      "is_synthetic": true,
      "data_origin": "synthetic",
      "simulation_model": "discrete_fare",
      "validation_status": "simulated",
      "confidence": 0.35
    },
    {
      "observation_id": "OBS-0022",
      "observation_type": "fare",
      "route_id": "BUS-P01",
      "stop_id": "H01-S1",
      "transport_mode": "bus",
      "direction_id": "outbound",
      "observed_at": "2026-08-27T13:09:00Z",
      "fare_paid": 300,
      "currency": "XOF",
      "is_synthetic": true,
      "data_origin": "synthetic",
      "simulation_model": "discrete_fare",
      "validation_status": "simulated",
      "confidence": 0.35
    },
    {
      "observation_id": "OBS-0023",
      "observation_type": "fare",
      "route_id": "BUS-P01",
      "stop_id": "H02-S0",
      "transport_mode": "bus",
      "direction_id": "outbound",
      "observed_at": "2026-08-27T13:50:00Z",
      "fare_paid": 300,
      "currency": "XOF",
      "is_synthetic": true,
      "data_origin": "synthetic",
      "simulation_model": "discrete_fare",
      "validation_status": "simulated",
      "confidence": 0.35
    },
    {
      "observation_id": "OBS-0024",
      "observation_type": "fare",
      "route_id": "BUS-P01",
      "stop_id": "H03-S1",
      "transport_mode": "bus",
      "direction_id": "outbound",
      "observed_at": "2026-08-27T14:31:00Z",
      "fare_paid": 300,
      "currency": "XOF",
      "is_synthetic": true,
      "data_origin": "synthetic",
      "simulation_model": "discrete_fare",
      "validation_status": "simulated",
      "confidence": 0.35
    },
    {
      "observation_id": "OBS-0025",
      "observation_type": "travel_time",
      "route_id": "BUS-P01",
      "from_stop_id": "H00-S0",
      "to_stop_id": "H08-S1",
      "transport_mode": "bus",
      "observed_at": "2026-08-25T07:30:00Z",
      "in_vehicle_duration_min": 32.8,
      "is_synthetic": true,
      "data_origin": "synthetic",
      "simulation_model": "lognormal_travel_time",
      "validation_status": "simulated",
      "confidence": 0.35
    },
    {
      "observation_id": "OBS-0026",
      "observation_type": "travel_time",
      "route_id": "BUS-P01",
      "from_stop_id": "H00-S0",
      "to_stop_id": "H08-S1",
      "transport_mode": "bus",
      "observed_at": "2026-08-25T08:15:00Z",
      "in_vehicle_duration_min": 37.8,
      "is_synthetic": true,
      "data_origin": "synthetic",
      "simulation_model": "lognormal_travel_time",
      "validation_status": "simulated",
      "confidence": 0.35
    },
    {
      "observation_id": "OBS-0027",
      "observation_type": "travel_time",
      "route_id": "BUS-P01",
      "from_stop_id": "H00-S0",
      "to_stop_id": "H08-S1",
      "transport_mode": "bus",
      "observed_at": "2026-08-25T09:00:00Z",
      "in_vehicle_duration_min": 49.7,
      "is_synthetic": true,
      "data_origin": "synthetic",
      "simulation_model": "lognormal_travel_time",
      "validation_status": "simulated",
      "confidence": 0.35
    },
    {
      "observation_id": "OBS-0028",
      "observation_type": "travel_time",
      "route_id": "BUS-P01",
      "from_stop_id": "H00-S0",
      "to_stop_id": "H08-S1",
      "transport_mode": "bus",
      "observed_at": "2026-08-25T09:45:00Z",
      "in_vehicle_duration_min": 33.5,
      "is_synthetic": true,
      "data_origin": "synthetic",
      "simulation_model": "lognormal_travel_time",
      "validation_status": "simulated",
      "confidence": 0.35
    },
    {
      "observation_id": "OBS-0029",
      "observation_type": "travel_time",
      "route_id": "BUS-P01",
      "from_stop_id": "H00-S0",
      "to_stop_id": "H08-S1",
      "transport_mode": "bus",
      "observed_at": "2026-08-26T10:30:00Z",
      "in_vehicle_duration_min": 41.6,
      "is_synthetic": true,
      "data_origin": "synthetic",
      "simulation_model": "lognormal_travel_time",
      "validation_status": "simulated",
      "confidence": 0.35
    },
    {
      "observation_id": "OBS-0030",
      "observation_type": "travel_time",
      "route_id": "BUS-P01",
      "from_stop_id": "H00-S0",
      "to_stop_id": "H08-S1",
      "transport_mode": "bus",
      "observed_at": "2026-08-26T11:15:00Z",
      "in_vehicle_duration_min": 41.2,
      "is_synthetic": true,
      "data_origin": "synthetic",
      "simulation_model": "lognormal_travel_time",
      "validation_status": "simulated",
      "confidence": 0.35
    },
    {
      "observation_id": "OBS-0031",
      "observation_type": "travel_time",
      "route_id": "BUS-P01",
      "from_stop_id": "H00-S0",
      "to_stop_id": "H08-S1",
      "transport_mode": "bus",
      "observed_at": "2026-08-26T12:00:00Z",
      "in_vehicle_duration_min": 50.7,
      "is_synthetic": true,
      "data_origin": "synthetic",
      "simulation_model": "lognormal_travel_time",
      "validation_status": "simulated",
      "confidence": 0.35
    },
    {
      "observation_id": "OBS-0032",
      "observation_type": "travel_time",
      "route_id": "BUS-P01",
      "from_stop_id": "H00-S0",
      "to_stop_id": "H08-S1",
      "transport_mode": "bus",
      "observed_at": "2026-08-26T12:45:00Z",
      "in_vehicle_duration_min": 50.9,
      "is_synthetic": true,
      "data_origin": "synthetic",
      "simulation_model": "lognormal_travel_time",
      "validation_status": "simulated",
      "confidence": 0.35
    },
    {
      "observation_id": "OBS-0033",
      "observation_type": "travel_time",
      "route_id": "BUS-P01",
      "from_stop_id": "H00-S0",
      "to_stop_id": "H08-S1",
      "transport_mode": "bus",
      "observed_at": "2026-08-27T13:30:00Z",
      "in_vehicle_duration_min": 30.4,
      "is_synthetic": true,
      "data_origin": "synthetic",
      "simulation_model": "lognormal_travel_time",
      "validation_status": "simulated",
      "confidence": 0.35
    },
    {
      "observation_id": "OBS-0034",
      "observation_type": "travel_time",
      "route_id": "BUS-P01",
      "from_stop_id": "H00-S0",
      "to_stop_id": "H08-S1",
      "transport_mode": "bus",
      "observed_at": "2026-08-27T14:15:00Z",
      "in_vehicle_duration_min": 48.2,
      "is_synthetic": true,
      "data_origin": "synthetic",
      "simulation_model": "lognormal_travel_time",
      "validation_status": "simulated",
      "confidence": 0.35
    },
    {
      "observation_id": "OBS-0035",
      "observation_type": "frequency",
      "route_id": "BUS-P02",
      "stop_id": "H00-S0",
      "transport_mode": "bus",
      "direction_id": "outbound",
      "observed_at": "2026-08-25T06:30:00Z",
      "time_period": "morning_peak",
      "headway_minutes": 15.5,
      "is_synthetic": true,
      "data_origin": "synthetic",
      "simulation_model": "triangular_headway",
      "validation_status": "simulated",
      "confidence": 0.35
    },
    {
      "observation_id": "OBS-0036",
      "observation_type": "frequency",
      "route_id": "BUS-P02",
      "stop_id": "H00-S0",
      "transport_mode": "bus",
      "direction_id": "outbound",
      "observed_at": "2026-08-25T07:07:00Z",
      "time_period": "day",
      "headway_minutes": 21.7,
      "is_synthetic": true,
      "data_origin": "synthetic",
      "simulation_model": "triangular_headway",
      "validation_status": "simulated",
      "confidence": 0.35
    },
    {
      "observation_id": "OBS-0037",
      "observation_type": "frequency",
      "route_id": "BUS-P02",
      "stop_id": "H00-S0",
      "transport_mode": "bus",
      "direction_id": "outbound",
      "observed_at": "2026-08-25T07:44:00Z",
      "time_period": "evening_peak",
      "headway_minutes": 17.4,
      "is_synthetic": true,
      "data_origin": "synthetic",
      "simulation_model": "triangular_headway",
      "validation_status": "simulated",
      "confidence": 0.35
    },
    {
      "observation_id": "OBS-0038",
      "observation_type": "frequency",
      "route_id": "BUS-P02",
      "stop_id": "H00-S0",
      "transport_mode": "bus",
      "direction_id": "outbound",
      "observed_at": "2026-08-25T08:21:00Z",
      "time_period": "morning_peak",
      "headway_minutes": 15.6,
      "is_synthetic": true,
      "data_origin": "synthetic",
      "simulation_model": "triangular_headway",
      "validation_status": "simulated",
      "confidence": 0.35
    },
    {
      "observation_id": "OBS-0039",
      "observation_type": "frequency",
      "route_id": "BUS-P02",
      "stop_id": "H00-S0",
      "transport_mode": "bus",
      "direction_id": "outbound",
      "observed_at": "2026-08-26T08:58:00Z",
      "time_period": "day",
      "headway_minutes": 19.3,
      "is_synthetic": true,
      "data_origin": "synthetic",
      "simulation_model": "triangular_headway",
      "validation_status": "simulated",
      "confidence": 0.35
    },
    {
      "observation_id": "OBS-0040",
      "observation_type": "frequency",
      "route_id": "BUS-P02",
      "stop_id": "H00-S0",
      "transport_mode": "bus",
      "direction_id": "outbound",
      "observed_at": "2026-08-26T09:35:00Z",
      "time_period": "evening_peak",
      "headway_minutes": 16.3,
      "is_synthetic": true,
      "data_origin": "synthetic",
      "simulation_model": "triangular_headway",
      "validation_status": "simulated",
      "confidence": 0.35
    },
    {
      "observation_id": "OBS-0041",
      "observation_type": "frequency",
      "route_id": "BUS-P02",
      "stop_id": "H00-S0",
      "transport_mode": "bus",
      "direction_id": "outbound",
      "observed_at": "2026-08-26T10:12:00Z",
      "time_period": "morning_peak",
      "headway_minutes": 16.9,
      "is_synthetic": true,
      "data_origin": "synthetic",
      "simulation_model": "triangular_headway",
      "validation_status": "simulated",
      "confidence": 0.35
    },
    {
      "observation_id": "OBS-0042",
      "observation_type": "frequency",
      "route_id": "BUS-P02",
      "stop_id": "H00-S0",
      "transport_mode": "bus",
      "direction_id": "outbound",
      "observed_at": "2026-08-26T10:49:00Z",
      "time_period": "day",
      "headway_minutes": 19.3,
      "is_synthetic": true,
      "data_origin": "synthetic",
      "simulation_model": "triangular_headway",
      "validation_status": "simulated",
      "confidence": 0.35
    },
    {
      "observation_id": "OBS-0043",
      "observation_type": "frequency",
      "route_id": "BUS-P02",
      "stop_id": "H00-S0",
      "transport_mode": "bus",
      "direction_id": "outbound",
      "observed_at": "2026-08-27T11:26:00Z",
      "time_period": "evening_peak",
      "headway_minutes": 21.9,
      "is_synthetic": true,
      "data_origin": "synthetic",
      "simulation_model": "triangular_headway",
      "validation_status": "simulated",
      "confidence": 0.35
    },
    {
      "observation_id": "OBS-0044",
      "observation_type": "frequency",
      "route_id": "BUS-P02",
      "stop_id": "H00-S0",
      "transport_mode": "bus",
      "direction_id": "outbound",
      "observed_at": "2026-08-27T12:03:00Z",
      "time_period": "morning_peak",
      "headway_minutes": 18.8,
      "is_synthetic": true,
      "data_origin": "synthetic",
      "simulation_model": "triangular_headway",
      "validation_status": "simulated",
      "confidence": 0.35
    },
    {
      "observation_id": "OBS-0045",
      "observation_type": "frequency",
      "route_id": "BUS-P02",
      "stop_id": "H00-S0",
      "transport_mode": "bus",
      "direction_id": "outbound",
      "observed_at": "2026-08-27T12:40:00Z",
      "time_period": "day",
      "headway_minutes": 26.1,
      "is_synthetic": true,
      "data_origin": "synthetic",
      "simulation_model": "triangular_headway",
      "validation_status": "simulated",
      "confidence": 0.35
    },
    {
      "observation_id": "OBS-0046",
      "observation_type": "frequency",
      "route_id": "BUS-P02",
      "stop_id": "H00-S0",
      "transport_mode": "bus",
      "direction_id": "outbound",
      "observed_at": "2026-08-27T13:17:00Z",
      "time_period": "evening_peak",
      "headway_minutes": 19.7,
      "is_synthetic": true,
      "data_origin": "synthetic",
      "simulation_model": "triangular_headway",
      "validation_status": "simulated",
      "confidence": 0.35
    },
    {
      "observation_id": "OBS-0047",
      "observation_type": "fare",
      "route_id": "BUS-P02",
      "stop_id": "H00-S0",
      "transport_mode": "bus",
      "direction_id": "outbound",
      "observed_at": "2026-08-25T07:00:00Z",
      "fare_paid": 400,
      "currency": "XOF",
      "is_synthetic": true,
      "data_origin": "synthetic",
      "simulation_model": "discrete_fare",
      "validation_status": "simulated",
      "confidence": 0.35
    },
    {
      "observation_id": "OBS-0048",
      "observation_type": "fare",
      "route_id": "BUS-P02",
      "stop_id": "H01-S1",
      "transport_mode": "bus",
      "direction_id": "outbound",
      "observed_at": "2026-08-25T07:41:00Z",
      "fare_paid": 400,
      "currency": "XOF",
      "is_synthetic": true,
      "data_origin": "synthetic",
      "simulation_model": "discrete_fare",
      "validation_status": "simulated",
      "confidence": 0.35
    },
    {
      "observation_id": "OBS-0049",
      "observation_type": "fare",
      "route_id": "BUS-P02",
      "stop_id": "H03-S0",
      "transport_mode": "bus",
      "direction_id": "outbound",
      "observed_at": "2026-08-25T08:22:00Z",
      "fare_paid": 400,
      "currency": "XOF",
      "is_synthetic": true,
      "data_origin": "synthetic",
      "simulation_model": "discrete_fare",
      "validation_status": "simulated",
      "confidence": 0.35
    },
    {
      "observation_id": "OBS-0050",
      "observation_type": "fare",
      "route_id": "BUS-P02",
      "stop_id": "H06-S1",
      "transport_mode": "bus",
      "direction_id": "outbound",
      "observed_at": "2026-08-25T09:03:00Z",
      "fare_paid": 400,
      "currency": "XOF",
      "is_synthetic": true,
      "data_origin": "synthetic",
      "simulation_model": "discrete_fare",
      "validation_status": "simulated",
      "confidence": 0.35
    },
    {
      "observation_id": "OBS-0051",
      "observation_type": "fare",
      "route_id": "BUS-P02",
      "stop_id": "H07-S0",
      "transport_mode": "bus",
      "direction_id": "outbound",
      "observed_at": "2026-08-26T09:44:00Z",
      "fare_paid": 400,
      "currency": "XOF",
      "is_synthetic": true,
      "data_origin": "synthetic",
      "simulation_model": "discrete_fare",
      "validation_status": "simulated",
      "confidence": 0.35
    },
    {
      "observation_id": "OBS-0052",
      "observation_type": "fare",
      "route_id": "BUS-P02",
      "stop_id": "H09-S1",
      "transport_mode": "bus",
      "direction_id": "outbound",
      "observed_at": "2026-08-26T10:25:00Z",
      "fare_paid": 400,
      "currency": "XOF",
      "is_synthetic": true,
      "data_origin": "synthetic",
      "simulation_model": "discrete_fare",
      "validation_status": "simulated",
      "confidence": 0.35
    },
    {
      "observation_id": "OBS-0053",
      "observation_type": "fare",
      "route_id": "BUS-P02",
      "stop_id": "H00-S0",
      "transport_mode": "bus",
      "direction_id": "outbound",
      "observed_at": "2026-08-26T11:06:00Z",
      "fare_paid": 400,
      "currency": "XOF",
      "is_synthetic": true,
      "data_origin": "synthetic",
      "simulation_model": "discrete_fare",
      "validation_status": "simulated",
      "confidence": 0.35
    },
    {
      "observation_id": "OBS-0054",
      "observation_type": "fare",
      "route_id": "BUS-P02",
      "stop_id": "H01-S1",
      "transport_mode": "bus",
      "direction_id": "outbound",
      "observed_at": "2026-08-26T11:47:00Z",
      "fare_paid": 400,
      "currency": "XOF",
      "is_synthetic": true,
      "data_origin": "synthetic",
      "simulation_model": "discrete_fare",
      "validation_status": "simulated",
      "confidence": 0.35
    },
    {
      "observation_id": "OBS-0055",
      "observation_type": "fare",
      "route_id": "BUS-P02",
      "stop_id": "H03-S0",
      "transport_mode": "bus",
      "direction_id": "outbound",
      "observed_at": "2026-08-27T12:28:00Z",
      "fare_paid": 400,
      "currency": "XOF",
      "is_synthetic": true,
      "data_origin": "synthetic",
      "simulation_model": "discrete_fare",
      "validation_status": "simulated",
      "confidence": 0.35
    },
    {
      "observation_id": "OBS-0056",
      "observation_type": "fare",
      "route_id": "BUS-P02",
      "stop_id": "H06-S1",
      "transport_mode": "bus",
      "direction_id": "outbound",
      "observed_at": "2026-08-27T13:09:00Z",
      "fare_paid": 400,
      "currency": "XOF",
      "is_synthetic": true,
      "data_origin": "synthetic",
      "simulation_model": "discrete_fare",
      "validation_status": "simulated",
      "confidence": 0.35
    },
    {
      "observation_id": "OBS-0057",
      "observation_type": "fare",
      "route_id": "BUS-P02",
      "stop_id": "H07-S0",
      "transport_mode": "bus",
      "direction_id": "outbound",
      "observed_at": "2026-08-27T13:50:00Z",
      "fare_paid": 400,
      "currency": "XOF",
      "is_synthetic": true,
      "data_origin": "synthetic",
      "simulation_model": "discrete_fare",
      "validation_status": "simulated",
      "confidence": 0.35
    },
    {
      "observation_id": "OBS-0058",
      "observation_type": "fare",
      "route_id": "BUS-P02",
      "stop_id": "H09-S1",
      "transport_mode": "bus",
      "direction_id": "outbound",
      "observed_at": "2026-08-27T14:31:00Z",
      "fare_paid": 400,
      "currency": "XOF",
      "is_synthetic": true,
      "data_origin": "synthetic",
      "simulation_model": "discrete_fare",
      "validation_status": "simulated",
      "confidence": 0.35
    },
    {
      "observation_id": "OBS-0059",
      "observation_type": "travel_time",
      "route_id": "BUS-P02",
      "from_stop_id": "H00-S0",
      "to_stop_id": "H09-S1",
      "transport_mode": "bus",
      "observed_at": "2026-08-25T07:30:00Z",
      "in_vehicle_duration_min": 45.9,
      "is_synthetic": true,
      "data_origin": "synthetic",
      "simulation_model": "lognormal_travel_time",
      "validation_status": "simulated",
      "confidence": 0.35
    },
    {
      "observation_id": "OBS-0060",
      "observation_type": "travel_time",
      "route_id": "BUS-P02",
      "from_stop_id": "H00-S0",
      "to_stop_id": "H09-S1",
      "transport_mode": "bus",
      "observed_at": "2026-08-25T08:15:00Z",
      "in_vehicle_duration_min": 39.9,
      "is_synthetic": true,
      "data_origin": "synthetic",
      "simulation_model": "lognormal_travel_time",
      "validation_status": "simulated",
      "confidence": 0.35
    },
    {
      "observation_id": "OBS-0061",
      "observation_type": "travel_time",
      "route_id": "BUS-P02",
      "from_stop_id": "H00-S0",
      "to_stop_id": "H09-S1",
      "transport_mode": "bus",
      "observed_at": "2026-08-25T09:00:00Z",
      "in_vehicle_duration_min": 45.6,
      "is_synthetic": true,
      "data_origin": "synthetic",
      "simulation_model": "lognormal_travel_time",
      "validation_status": "simulated",
      "confidence": 0.35
    },
    {
      "observation_id": "OBS-0062",
      "observation_type": "travel_time",
      "route_id": "BUS-P02",
      "from_stop_id": "H00-S0",
      "to_stop_id": "H09-S1",
      "transport_mode": "bus",
      "observed_at": "2026-08-25T09:45:00Z",
      "in_vehicle_duration_min": 51.1,
      "is_synthetic": true,
      "data_origin": "synthetic",
      "simulation_model": "lognormal_travel_time",
      "validation_status": "simulated",
      "confidence": 0.35
    },
    {
      "observation_id": "OBS-0063",
      "observation_type": "travel_time",
      "route_id": "BUS-P02",
      "from_stop_id": "H00-S0",
      "to_stop_id": "H09-S1",
      "transport_mode": "bus",
      "observed_at": "2026-08-26T10:30:00Z",
      "in_vehicle_duration_min": 56.8,
      "is_synthetic": true,
      "data_origin": "synthetic",
      "simulation_model": "lognormal_travel_time",
      "validation_status": "simulated",
      "confidence": 0.35
    },
    {
      "observation_id": "OBS-0064",
      "observation_type": "travel_time",
      "route_id": "BUS-P02",
      "from_stop_id": "H00-S0",
      "to_stop_id": "H09-S1",
      "transport_mode": "bus",
      "observed_at": "2026-08-26T11:15:00Z",
      "in_vehicle_duration_min": 55.3,
      "is_synthetic": true,
      "data_origin": "synthetic",
      "simulation_model": "lognormal_travel_time",
      "validation_status": "simulated",
      "confidence": 0.35
    },
    {
      "observation_id": "OBS-0065",
      "observation_type": "travel_time",
      "route_id": "BUS-P02",
      "from_stop_id": "H00-S0",
      "to_stop_id": "H09-S1",
      "transport_mode": "bus",
      "observed_at": "2026-08-26T12:00:00Z",
      "in_vehicle_duration_min": 52.0,
      "is_synthetic": true,
      "data_origin": "synthetic",
      "simulation_model": "lognormal_travel_time",
      "validation_status": "simulated",
      "confidence": 0.35
    },
    {
      "observation_id": "OBS-0066",
      "observation_type": "travel_time",
      "route_id": "BUS-P02",
      "from_stop_id": "H00-S0",
      "to_stop_id": "H09-S1",
      "transport_mode": "bus",
      "observed_at": "2026-08-26T12:45:00Z",
      "in_vehicle_duration_min": 43.4,
      "is_synthetic": true,
      "data_origin": "synthetic",
      "simulation_model": "lognormal_travel_time",
      "validation_status": "simulated",
      "confidence": 0.35
    },
    {
      "observation_id": "OBS-0067",
      "observation_type": "travel_time",
      "route_id": "BUS-P02",
      "from_stop_id": "H00-S0",
      "to_stop_id": "H09-S1",
      "transport_mode": "bus",
      "observed_at": "2026-08-27T13:30:00Z",
      "in_vehicle_duration_min": 44.1,
      "is_synthetic": true,
      "data_origin": "synthetic",
      "simulation_model": "lognormal_travel_time",
      "validation_status": "simulated",
      "confidence": 0.35
    },
    {
      "observation_id": "OBS-0068",
      "observation_type": "travel_time",
      "route_id": "BUS-P02",
      "from_stop_id": "H00-S0",
      "to_stop_id": "H09-S1",
      "transport_mode": "bus",
      "observed_at": "2026-08-27T14:15:00Z",
      "in_vehicle_duration_min": 48.4,
      "is_synthetic": true,
      "data_origin": "synthetic",
      "simulation_model": "lognormal_travel_time",
      "validation_status": "simulated",
      "confidence": 0.35
    },
    {
      "observation_id": "OBS-0069",
      "observation_type": "frequency",
      "route_id": "BUS-P03",
      "stop_id": "H02-S0",
      "transport_mode": "bus",
      "direction_id": "outbound",
      "observed_at": "2026-08-25T06:30:00Z",
      "time_period": "morning_peak",
      "headway_minutes": 16.3,
      "is_synthetic": true,
      "data_origin": "synthetic",
      "simulation_model": "triangular_headway",
      "validation_status": "simulated",
      "confidence": 0.35
    },
    {
      "observation_id": "OBS-0070",
      "observation_type": "frequency",
      "route_id": "BUS-P03",
      "stop_id": "H02-S0",
      "transport_mode": "bus",
      "direction_id": "outbound",
      "observed_at": "2026-08-25T07:07:00Z",
      "time_period": "day",
      "headway_minutes": 17.4,
      "is_synthetic": true,
      "data_origin": "synthetic",
      "simulation_model": "triangular_headway",
      "validation_status": "simulated",
      "confidence": 0.35
    },
    {
      "observation_id": "OBS-0071",
      "observation_type": "frequency",
      "route_id": "BUS-P03",
      "stop_id": "H02-S0",
      "transport_mode": "bus",
      "direction_id": "outbound",
      "observed_at": "2026-08-25T07:44:00Z",
      "time_period": "evening_peak",
      "headway_minutes": 13.0,
      "is_synthetic": true,
      "data_origin": "synthetic",
      "simulation_model": "triangular_headway",
      "validation_status": "simulated",
      "confidence": 0.35
    },
    {
      "observation_id": "OBS-0072",
      "observation_type": "frequency",
      "route_id": "BUS-P03",
      "stop_id": "H02-S0",
      "transport_mode": "bus",
      "direction_id": "outbound",
      "observed_at": "2026-08-25T08:21:00Z",
      "time_period": "morning_peak",
      "headway_minutes": 10.2,
      "is_synthetic": true,
      "data_origin": "synthetic",
      "simulation_model": "triangular_headway",
      "validation_status": "simulated",
      "confidence": 0.35
    },
    {
      "observation_id": "OBS-0073",
      "observation_type": "frequency",
      "route_id": "BUS-P03",
      "stop_id": "H02-S0",
      "transport_mode": "bus",
      "direction_id": "outbound",
      "observed_at": "2026-08-26T08:58:00Z",
      "time_period": "day",
      "headway_minutes": 16.5,
      "is_synthetic": true,
      "data_origin": "synthetic",
      "simulation_model": "triangular_headway",
      "validation_status": "simulated",
      "confidence": 0.35
    },
    {
      "observation_id": "OBS-0074",
      "observation_type": "frequency",
      "route_id": "BUS-P03",
      "stop_id": "H02-S0",
      "transport_mode": "bus",
      "direction_id": "outbound",
      "observed_at": "2026-08-26T09:35:00Z",
      "time_period": "evening_peak",
      "headway_minutes": 10.6,
      "is_synthetic": true,
      "data_origin": "synthetic",
      "simulation_model": "triangular_headway",
      "validation_status": "simulated",
      "confidence": 0.35
    },
    {
      "observation_id": "OBS-0075",
      "observation_type": "frequency",
      "route_id": "BUS-P03",
      "stop_id": "H02-S0",
      "transport_mode": "bus",
      "direction_id": "outbound",
      "observed_at": "2026-08-26T10:12:00Z",
      "time_period": "morning_peak",
      "headway_minutes": 17.0,
      "is_synthetic": true,
      "data_origin": "synthetic",
      "simulation_model": "triangular_headway",
      "validation_status": "simulated",
      "confidence": 0.35
    },
    {
      "observation_id": "OBS-0076",
      "observation_type": "frequency",
      "route_id": "BUS-P03",
      "stop_id": "H02-S0",
      "transport_mode": "bus",
      "direction_id": "outbound",
      "observed_at": "2026-08-26T10:49:00Z",
      "time_period": "day",
      "headway_minutes": 15.9,
      "is_synthetic": true,
      "data_origin": "synthetic",
      "simulation_model": "triangular_headway",
      "validation_status": "simulated",
      "confidence": 0.35
    },
    {
      "observation_id": "OBS-0077",
      "observation_type": "frequency",
      "route_id": "BUS-P03",
      "stop_id": "H02-S0",
      "transport_mode": "bus",
      "direction_id": "outbound",
      "observed_at": "2026-08-27T11:26:00Z",
      "time_period": "evening_peak",
      "headway_minutes": 12.3,
      "is_synthetic": true,
      "data_origin": "synthetic",
      "simulation_model": "triangular_headway",
      "validation_status": "simulated",
      "confidence": 0.35
    },
    {
      "observation_id": "OBS-0078",
      "observation_type": "frequency",
      "route_id": "BUS-P03",
      "stop_id": "H02-S0",
      "transport_mode": "bus",
      "direction_id": "outbound",
      "observed_at": "2026-08-27T12:03:00Z",
      "time_period": "morning_peak",
      "headway_minutes": 11.9,
      "is_synthetic": true,
      "data_origin": "synthetic",
      "simulation_model": "triangular_headway",
      "validation_status": "simulated",
      "confidence": 0.35
    },
    {
      "observation_id": "OBS-0079",
      "observation_type": "frequency",
      "route_id": "BUS-P03",
      "stop_id": "H02-S0",
      "transport_mode": "bus",
      "direction_id": "outbound",
      "observed_at": "2026-08-27T12:40:00Z",
      "time_period": "day",
      "headway_minutes": 13.2,
      "is_synthetic": true,
      "data_origin": "synthetic",
      "simulation_model": "triangular_headway",
      "validation_status": "simulated",
      "confidence": 0.35
    },
    {
      "observation_id": "OBS-0080",
      "observation_type": "frequency",
      "route_id": "BUS-P03",
      "stop_id": "H02-S0",
      "transport_mode": "bus",
      "direction_id": "outbound",
      "observed_at": "2026-08-27T13:17:00Z",
      "time_period": "evening_peak",
      "headway_minutes": 13.0,
      "is_synthetic": true,
      "data_origin": "synthetic",
      "simulation_model": "triangular_headway",
      "validation_status": "simulated",
      "confidence": 0.35
    },
    {
      "observation_id": "OBS-0081",
      "observation_type": "fare",
      "route_id": "BUS-P03",
      "stop_id": "H02-S0",
      "transport_mode": "bus",
      "direction_id": "outbound",
      "observed_at": "2026-08-25T07:00:00Z",
      "fare_paid": 250,
      "currency": "XOF",
      "is_synthetic": true,
      "data_origin": "synthetic",
      "simulation_model": "discrete_fare",
      "validation_status": "simulated",
      "confidence": 0.35
    },
    {
      "observation_id": "OBS-0082",
      "observation_type": "fare",
      "route_id": "BUS-P03",
      "stop_id": "H03-S1",
      "transport_mode": "bus",
      "direction_id": "outbound",
      "observed_at": "2026-08-25T07:41:00Z",
      "fare_paid": 250,
      "currency": "XOF",
      "is_synthetic": true,
      "data_origin": "synthetic",
      "simulation_model": "discrete_fare",
      "validation_status": "simulated",
      "confidence": 0.35
    },
    {
      "observation_id": "OBS-0083",
      "observation_type": "fare",
      "route_id": "BUS-P03",
      "stop_id": "H04-S0",
      "transport_mode": "bus",
      "direction_id": "outbound",
      "observed_at": "2026-08-25T08:22:00Z",
      "fare_paid": 250,
      "currency": "XOF",
      "is_synthetic": true,
      "data_origin": "synthetic",
      "simulation_model": "discrete_fare",
      "validation_status": "simulated",
      "confidence": 0.35
    },
    {
      "observation_id": "OBS-0084",
      "observation_type": "fare",
      "route_id": "BUS-P03",
      "stop_id": "H06-S1",
      "transport_mode": "bus",
      "direction_id": "outbound",
      "observed_at": "2026-08-25T09:03:00Z",
      "fare_paid": 250,
      "currency": "XOF",
      "is_synthetic": true,
      "data_origin": "synthetic",
      "simulation_model": "discrete_fare",
      "validation_status": "simulated",
      "confidence": 0.35
    },
    {
      "observation_id": "OBS-0085",
      "observation_type": "fare",
      "route_id": "BUS-P03",
      "stop_id": "H07-S0",
      "transport_mode": "bus",
      "direction_id": "outbound",
      "observed_at": "2026-08-26T09:44:00Z",
      "fare_paid": 250,
      "currency": "XOF",
      "is_synthetic": true,
      "data_origin": "synthetic",
      "simulation_model": "discrete_fare",
      "validation_status": "simulated",
      "confidence": 0.35
    },
    {
      "observation_id": "OBS-0086",
      "observation_type": "fare",
      "route_id": "BUS-P03",
      "stop_id": "H02-S0",
      "transport_mode": "bus",
      "direction_id": "outbound",
      "observed_at": "2026-08-26T10:25:00Z",
      "fare_paid": 250,
      "currency": "XOF",
      "is_synthetic": true,
      "data_origin": "synthetic",
      "simulation_model": "discrete_fare",
      "validation_status": "simulated",
      "confidence": 0.35
    },
    {
      "observation_id": "OBS-0087",
      "observation_type": "fare",
      "route_id": "BUS-P03",
      "stop_id": "H03-S1",
      "transport_mode": "bus",
      "direction_id": "outbound",
      "observed_at": "2026-08-26T11:06:00Z",
      "fare_paid": 250,
      "currency": "XOF",
      "is_synthetic": true,
      "data_origin": "synthetic",
      "simulation_model": "discrete_fare",
      "validation_status": "simulated",
      "confidence": 0.35
    },
    {
      "observation_id": "OBS-0088",
      "observation_type": "fare",
      "route_id": "BUS-P03",
      "stop_id": "H04-S0",
      "transport_mode": "bus",
      "direction_id": "outbound",
      "observed_at": "2026-08-26T11:47:00Z",
      "fare_paid": 250,
      "currency": "XOF",
      "is_synthetic": true,
      "data_origin": "synthetic",
      "simulation_model": "discrete_fare",
      "validation_status": "simulated",
      "confidence": 0.35
    },
    {
      "observation_id": "OBS-0089",
      "observation_type": "fare",
      "route_id": "BUS-P03",
      "stop_id": "H06-S1",
      "transport_mode": "bus",
      "direction_id": "outbound",
      "observed_at": "2026-08-27T12:28:00Z",
      "fare_paid": 250,
      "currency": "XOF",
      "is_synthetic": true,
      "data_origin": "synthetic",
      "simulation_model": "discrete_fare",
      "validation_status": "simulated",
      "confidence": 0.35
    },
    {
      "observation_id": "OBS-0090",
      "observation_type": "fare",
      "route_id": "BUS-P03",
      "stop_id": "H07-S0",
      "transport_mode": "bus",
      "direction_id": "outbound",
      "observed_at": "2026-08-27T13:09:00Z",
      "fare_paid": 250,
      "currency": "XOF",
      "is_synthetic": true,
      "data_origin": "synthetic",
      "simulation_model": "discrete_fare",
      "validation_status": "simulated",
      "confidence": 0.35
    },
    {
      "observation_id": "OBS-0091",
      "observation_type": "fare",
      "route_id": "BUS-P03",
      "stop_id": "H02-S0",
      "transport_mode": "bus",
      "direction_id": "outbound",
      "observed_at": "2026-08-27T13:50:00Z",
      "fare_paid": 250,
      "currency": "XOF",
      "is_synthetic": true,
      "data_origin": "synthetic",
      "simulation_model": "discrete_fare",
      "validation_status": "simulated",
      "confidence": 0.35
    },
    {
      "observation_id": "OBS-0092",
      "observation_type": "fare",
      "route_id": "BUS-P03",
      "stop_id": "H03-S1",
      "transport_mode": "bus",
      "direction_id": "outbound",
      "observed_at": "2026-08-27T14:31:00Z",
      "fare_paid": 250,
      "currency": "XOF",
      "is_synthetic": true,
      "data_origin": "synthetic",
      "simulation_model": "discrete_fare",
      "validation_status": "simulated",
      "confidence": 0.35
    },
    {
      "observation_id": "OBS-0093",
      "observation_type": "travel_time",
      "route_id": "BUS-P03",
      "from_stop_id": "H02-S0",
      "to_stop_id": "H07-S0",
      "transport_mode": "bus",
      "observed_at": "2026-08-25T07:30:00Z",
      "in_vehicle_duration_min": 34.3,
      "is_synthetic": true,
      "data_origin": "synthetic",
      "simulation_model": "lognormal_travel_time",
      "validation_status": "simulated",
      "confidence": 0.35
    },
    {
      "observation_id": "OBS-0094",
      "observation_type": "travel_time",
      "route_id": "BUS-P03",
      "from_stop_id": "H02-S0",
      "to_stop_id": "H07-S0",
      "transport_mode": "bus",
      "observed_at": "2026-08-25T08:15:00Z",
      "in_vehicle_duration_min": 25.2,
      "is_synthetic": true,
      "data_origin": "synthetic",
      "simulation_model": "lognormal_travel_time",
      "validation_status": "simulated",
      "confidence": 0.35
    },
    {
      "observation_id": "OBS-0095",
      "observation_type": "travel_time",
      "route_id": "BUS-P03",
      "from_stop_id": "H02-S0",
      "to_stop_id": "H07-S0",
      "transport_mode": "bus",
      "observed_at": "2026-08-25T09:00:00Z",
      "in_vehicle_duration_min": 42.1,
      "is_synthetic": true,
      "data_origin": "synthetic",
      "simulation_model": "lognormal_travel_time",
      "validation_status": "simulated",
      "confidence": 0.35
    },
    {
      "observation_id": "OBS-0096",
      "observation_type": "travel_time",
      "route_id": "BUS-P03",
      "from_stop_id": "H02-S0",
      "to_stop_id": "H07-S0",
      "transport_mode": "bus",
      "observed_at": "2026-08-25T09:45:00Z",
      "in_vehicle_duration_min": 34.3,
      "is_synthetic": true,
      "data_origin": "synthetic",
      "simulation_model": "lognormal_travel_time",
      "validation_status": "simulated",
      "confidence": 0.35
    },
    {
      "observation_id": "OBS-0097",
      "observation_type": "travel_time",
      "route_id": "BUS-P03",
      "from_stop_id": "H02-S0",
      "to_stop_id": "H07-S0",
      "transport_mode": "bus",
      "observed_at": "2026-08-26T10:30:00Z",
      "in_vehicle_duration_min": 33.4,
      "is_synthetic": true,
      "data_origin": "synthetic",
      "simulation_model": "lognormal_travel_time",
      "validation_status": "simulated",
      "confidence": 0.35
    },
    {
      "observation_id": "OBS-0098",
      "observation_type": "travel_time",
      "route_id": "BUS-P03",
      "from_stop_id": "H02-S0",
      "to_stop_id": "H07-S0",
      "transport_mode": "bus",
      "observed_at": "2026-08-26T11:15:00Z",
      "in_vehicle_duration_min": 32.7,
      "is_synthetic": true,
      "data_origin": "synthetic",
      "simulation_model": "lognormal_travel_time",
      "validation_status": "simulated",
      "confidence": 0.35
    },
    {
      "observation_id": "OBS-0099",
      "observation_type": "travel_time",
      "route_id": "BUS-P03",
      "from_stop_id": "H02-S0",
      "to_stop_id": "H07-S0",
      "transport_mode": "bus",
      "observed_at": "2026-08-26T12:00:00Z",
      "in_vehicle_duration_min": 33.9,
      "is_synthetic": true,
      "data_origin": "synthetic",
      "simulation_model": "lognormal_travel_time",
      "validation_status": "simulated",
      "confidence": 0.35
    },
    {
      "observation_id": "OBS-0100",
      "observation_type": "travel_time",
      "route_id": "BUS-P03",
      "from_stop_id": "H02-S0",
      "to_stop_id": "H07-S0",
      "transport_mode": "bus",
      "observed_at": "2026-08-26T12:45:00Z",
      "in_vehicle_duration_min": 33.7,
      "is_synthetic": true,
      "data_origin": "synthetic",
      "simulation_model": "lognormal_travel_time",
      "validation_status": "simulated",
      "confidence": 0.35
    },
    {
      "observation_id": "OBS-0101",
      "observation_type": "travel_time",
      "route_id": "BUS-P03",
      "from_stop_id": "H02-S0",
      "to_stop_id": "H07-S0",
      "transport_mode": "bus",
      "observed_at": "2026-08-27T13:30:00Z",
      "in_vehicle_duration_min": 32.1,
      "is_synthetic": true,
      "data_origin": "synthetic",
      "simulation_model": "lognormal_travel_time",
      "validation_status": "simulated",
      "confidence": 0.35
    },
    {
      "observation_id": "OBS-0102",
      "observation_type": "travel_time",
      "route_id": "BUS-P03",
      "from_stop_id": "H02-S0",
      "to_stop_id": "H07-S0",
      "transport_mode": "bus",
      "observed_at": "2026-08-27T14:15:00Z",
      "in_vehicle_duration_min": 33.4,
      "is_synthetic": true,
      "data_origin": "synthetic",
      "simulation_model": "lognormal_travel_time",
      "validation_status": "simulated",
      "confidence": 0.35
    },
    {
      "observation_id": "OBS-0103",
      "observation_type": "frequency",
      "route_id": "BUS-P04",
      "stop_id": "H01-S0",
      "transport_mode": "bus",
      "direction_id": "outbound",
      "observed_at": "2026-08-25T06:30:00Z",
      "time_period": "morning_peak",
      "headway_minutes": 13.5,
      "is_synthetic": true,
      "data_origin": "synthetic",
      "simulation_model": "triangular_headway",
      "validation_status": "simulated",
      "confidence": 0.35
    },
    {
      "observation_id": "OBS-0104",
      "observation_type": "frequency",
      "route_id": "BUS-P04",
      "stop_id": "H01-S0",
      "transport_mode": "bus",
      "direction_id": "outbound",
      "observed_at": "2026-08-25T07:07:00Z",
      "time_period": "day",
      "headway_minutes": 14.4,
      "is_synthetic": true,
      "data_origin": "synthetic",
      "simulation_model": "triangular_headway",
      "validation_status": "simulated",
      "confidence": 0.35
    },
    {
      "observation_id": "OBS-0105",
      "observation_type": "frequency",
      "route_id": "BUS-P04",
      "stop_id": "H01-S0",
      "transport_mode": "bus",
      "direction_id": "outbound",
      "observed_at": "2026-08-25T07:44:00Z",
      "time_period": "evening_peak",
      "headway_minutes": 13.8,
      "is_synthetic": true,
      "data_origin": "synthetic",
      "simulation_model": "triangular_headway",
      "validation_status": "simulated",
      "confidence": 0.35
    },
    {
      "observation_id": "OBS-0106",
      "observation_type": "frequency",
      "route_id": "BUS-P04",
      "stop_id": "H01-S0",
      "transport_mode": "bus",
      "direction_id": "outbound",
      "observed_at": "2026-08-25T08:21:00Z",
      "time_period": "morning_peak",
      "headway_minutes": 19.7,
      "is_synthetic": true,
      "data_origin": "synthetic",
      "simulation_model": "triangular_headway",
      "validation_status": "simulated",
      "confidence": 0.35
    },
    {
      "observation_id": "OBS-0107",
      "observation_type": "frequency",
      "route_id": "BUS-P04",
      "stop_id": "H01-S0",
      "transport_mode": "bus",
      "direction_id": "outbound",
      "observed_at": "2026-08-26T08:58:00Z",
      "time_period": "day",
      "headway_minutes": 19.4,
      "is_synthetic": true,
      "data_origin": "synthetic",
      "simulation_model": "triangular_headway",
      "validation_status": "simulated",
      "confidence": 0.35
    },
    {
      "observation_id": "OBS-0108",
      "observation_type": "frequency",
      "route_id": "BUS-P04",
      "stop_id": "H01-S0",
      "transport_mode": "bus",
      "direction_id": "outbound",
      "observed_at": "2026-08-26T09:35:00Z",
      "time_period": "evening_peak",
      "headway_minutes": 14.9,
      "is_synthetic": true,
      "data_origin": "synthetic",
      "simulation_model": "triangular_headway",
      "validation_status": "simulated",
      "confidence": 0.35
    },
    {
      "observation_id": "OBS-0109",
      "observation_type": "frequency",
      "route_id": "BUS-P04",
      "stop_id": "H01-S0",
      "transport_mode": "bus",
      "direction_id": "outbound",
      "observed_at": "2026-08-26T10:12:00Z",
      "time_period": "morning_peak",
      "headway_minutes": 20.7,
      "is_synthetic": true,
      "data_origin": "synthetic",
      "simulation_model": "triangular_headway",
      "validation_status": "simulated",
      "confidence": 0.35
    },
    {
      "observation_id": "OBS-0110",
      "observation_type": "frequency",
      "route_id": "BUS-P04",
      "stop_id": "H01-S0",
      "transport_mode": "bus",
      "direction_id": "outbound",
      "observed_at": "2026-08-26T10:49:00Z",
      "time_period": "day",
      "headway_minutes": 18.7,
      "is_synthetic": true,
      "data_origin": "synthetic",
      "simulation_model": "triangular_headway",
      "validation_status": "simulated",
      "confidence": 0.35
    },
    {
      "observation_id": "OBS-0111",
      "observation_type": "frequency",
      "route_id": "BUS-P04",
      "stop_id": "H01-S0",
      "transport_mode": "bus",
      "direction_id": "outbound",
      "observed_at": "2026-08-27T11:26:00Z",
      "time_period": "evening_peak",
      "headway_minutes": 13.6,
      "is_synthetic": true,
      "data_origin": "synthetic",
      "simulation_model": "triangular_headway",
      "validation_status": "simulated",
      "confidence": 0.35
    },
    {
      "observation_id": "OBS-0112",
      "observation_type": "frequency",
      "route_id": "BUS-P04",
      "stop_id": "H01-S0",
      "transport_mode": "bus",
      "direction_id": "outbound",
      "observed_at": "2026-08-27T12:03:00Z",
      "time_period": "morning_peak",
      "headway_minutes": 11.9,
      "is_synthetic": true,
      "data_origin": "synthetic",
      "simulation_model": "triangular_headway",
      "validation_status": "simulated",
      "confidence": 0.35
    },
    {
      "observation_id": "OBS-0113",
      "observation_type": "frequency",
      "route_id": "BUS-P04",
      "stop_id": "H01-S0",
      "transport_mode": "bus",
      "direction_id": "outbound",
      "observed_at": "2026-08-27T12:40:00Z",
      "time_period": "day",
      "headway_minutes": 19.9,
      "is_synthetic": true,
      "data_origin": "synthetic",
      "simulation_model": "triangular_headway",
      "validation_status": "simulated",
      "confidence": 0.35
    },
    {
      "observation_id": "OBS-0114",
      "observation_type": "frequency",
      "route_id": "BUS-P04",
      "stop_id": "H01-S0",
      "transport_mode": "bus",
      "direction_id": "outbound",
      "observed_at": "2026-08-27T13:17:00Z",
      "time_period": "evening_peak",
      "headway_minutes": 19.5,
      "is_synthetic": true,
      "data_origin": "synthetic",
      "simulation_model": "triangular_headway",
      "validation_status": "simulated",
      "confidence": 0.35
    },
    {
      "observation_id": "OBS-0115",
      "observation_type": "fare",
      "route_id": "BUS-P04",
      "stop_id": "H01-S0",
      "transport_mode": "bus",
      "direction_id": "outbound",
      "observed_at": "2026-08-25T07:00:00Z",
      "fare_paid": 300,
      "currency": "XOF",
      "is_synthetic": true,
      "data_origin": "synthetic",
      "simulation_model": "discrete_fare",
      "validation_status": "simulated",
      "confidence": 0.35
    },
    {
      "observation_id": "OBS-0116",
      "observation_type": "fare",
      "route_id": "BUS-P04",
      "stop_id": "H02-S1",
      "transport_mode": "bus",
      "direction_id": "outbound",
      "observed_at": "2026-08-25T07:41:00Z",
      "fare_paid": 300,
      "currency": "XOF",
      "is_synthetic": true,
      "data_origin": "synthetic",
      "simulation_model": "discrete_fare",
      "validation_status": "simulated",
      "confidence": 0.35
    },
    {
      "observation_id": "OBS-0117",
      "observation_type": "fare",
      "route_id": "BUS-P04",
      "stop_id": "H03-S0",
      "transport_mode": "bus",
      "direction_id": "outbound",
      "observed_at": "2026-08-25T08:22:00Z",
      "fare_paid": 300,
      "currency": "XOF",
      "is_synthetic": true,
      "data_origin": "synthetic",
      "simulation_model": "discrete_fare",
      "validation_status": "simulated",
      "confidence": 0.35
    },
    {
      "observation_id": "OBS-0118",
      "observation_type": "fare",
      "route_id": "BUS-P04",
      "stop_id": "H05-S1",
      "transport_mode": "bus",
      "direction_id": "outbound",
      "observed_at": "2026-08-25T09:03:00Z",
      "fare_paid": 300,
      "currency": "XOF",
      "is_synthetic": true,
      "data_origin": "synthetic",
      "simulation_model": "discrete_fare",
      "validation_status": "simulated",
      "confidence": 0.35
    },
    {
      "observation_id": "OBS-0119",
      "observation_type": "fare",
      "route_id": "BUS-P04",
      "stop_id": "H08-S0",
      "transport_mode": "bus",
      "direction_id": "outbound",
      "observed_at": "2026-08-26T09:44:00Z",
      "fare_paid": 300,
      "currency": "XOF",
      "is_synthetic": true,
      "data_origin": "synthetic",
      "simulation_model": "discrete_fare",
      "validation_status": "simulated",
      "confidence": 0.35
    },
    {
      "observation_id": "OBS-0120",
      "observation_type": "fare",
      "route_id": "BUS-P04",
      "stop_id": "H01-S0",
      "transport_mode": "bus",
      "direction_id": "outbound",
      "observed_at": "2026-08-26T10:25:00Z",
      "fare_paid": 300,
      "currency": "XOF",
      "is_synthetic": true,
      "data_origin": "synthetic",
      "simulation_model": "discrete_fare",
      "validation_status": "simulated",
      "confidence": 0.35
    },
    {
      "observation_id": "OBS-0121",
      "observation_type": "fare",
      "route_id": "BUS-P04",
      "stop_id": "H02-S1",
      "transport_mode": "bus",
      "direction_id": "outbound",
      "observed_at": "2026-08-26T11:06:00Z",
      "fare_paid": 300,
      "currency": "XOF",
      "is_synthetic": true,
      "data_origin": "synthetic",
      "simulation_model": "discrete_fare",
      "validation_status": "simulated",
      "confidence": 0.35
    },
    {
      "observation_id": "OBS-0122",
      "observation_type": "fare",
      "route_id": "BUS-P04",
      "stop_id": "H03-S0",
      "transport_mode": "bus",
      "direction_id": "outbound",
      "observed_at": "2026-08-26T11:47:00Z",
      "fare_paid": 300,
      "currency": "XOF",
      "is_synthetic": true,
      "data_origin": "synthetic",
      "simulation_model": "discrete_fare",
      "validation_status": "simulated",
      "confidence": 0.35
    },
    {
      "observation_id": "OBS-0123",
      "observation_type": "fare",
      "route_id": "BUS-P04",
      "stop_id": "H05-S1",
      "transport_mode": "bus",
      "direction_id": "outbound",
      "observed_at": "2026-08-27T12:28:00Z",
      "fare_paid": 300,
      "currency": "XOF",
      "is_synthetic": true,
      "data_origin": "synthetic",
      "simulation_model": "discrete_fare",
      "validation_status": "simulated",
      "confidence": 0.35
    },
    {
      "observation_id": "OBS-0124",
      "observation_type": "fare",
      "route_id": "BUS-P04",
      "stop_id": "H08-S0",
      "transport_mode": "bus",
      "direction_id": "outbound",
      "observed_at": "2026-08-27T13:09:00Z",
      "fare_paid": 300,
      "currency": "XOF",
      "is_synthetic": true,
      "data_origin": "synthetic",
      "simulation_model": "discrete_fare",
      "validation_status": "simulated",
      "confidence": 0.35
    },
    {
      "observation_id": "OBS-0125",
      "observation_type": "fare",
      "route_id": "BUS-P04",
      "stop_id": "H01-S0",
      "transport_mode": "bus",
      "direction_id": "outbound",
      "observed_at": "2026-08-27T13:50:00Z",
      "fare_paid": 300,
      "currency": "XOF",
      "is_synthetic": true,
      "data_origin": "synthetic",
      "simulation_model": "discrete_fare",
      "validation_status": "simulated",
      "confidence": 0.35
    },
    {
      "observation_id": "OBS-0126",
      "observation_type": "fare",
      "route_id": "BUS-P04",
      "stop_id": "H02-S1",
      "transport_mode": "bus",
      "direction_id": "outbound",
      "observed_at": "2026-08-27T14:31:00Z",
      "fare_paid": 300,
      "currency": "XOF",
      "is_synthetic": true,
      "data_origin": "synthetic",
      "simulation_model": "discrete_fare",
      "validation_status": "simulated",
      "confidence": 0.35
    },
    {
      "observation_id": "OBS-0127",
      "observation_type": "travel_time",
      "route_id": "BUS-P04",
      "from_stop_id": "H01-S0",
      "to_stop_id": "H08-S0",
      "transport_mode": "bus",
      "observed_at": "2026-08-25T07:30:00Z",
      "in_vehicle_duration_min": 39.6,
      "is_synthetic": true,
      "data_origin": "synthetic",
      "simulation_model": "lognormal_travel_time",
      "validation_status": "simulated",
      "confidence": 0.35
    },
    {
      "observation_id": "OBS-0128",
      "observation_type": "travel_time",
      "route_id": "BUS-P04",
      "from_stop_id": "H01-S0",
      "to_stop_id": "H08-S0",
      "transport_mode": "bus",
      "observed_at": "2026-08-25T08:15:00Z",
      "in_vehicle_duration_min": 31.9,
      "is_synthetic": true,
      "data_origin": "synthetic",
      "simulation_model": "lognormal_travel_time",
      "validation_status": "simulated",
      "confidence": 0.35
    },
    {
      "observation_id": "OBS-0129",
      "observation_type": "travel_time",
      "route_id": "BUS-P04",
      "from_stop_id": "H01-S0",
      "to_stop_id": "H08-S0",
      "transport_mode": "bus",
      "observed_at": "2026-08-25T09:00:00Z",
      "in_vehicle_duration_min": 34.4,
      "is_synthetic": true,
      "data_origin": "synthetic",
      "simulation_model": "lognormal_travel_time",
      "validation_status": "simulated",
      "confidence": 0.35
    },
    {
      "observation_id": "OBS-0130",
      "observation_type": "travel_time",
      "route_id": "BUS-P04",
      "from_stop_id": "H01-S0",
      "to_stop_id": "H08-S0",
      "transport_mode": "bus",
      "observed_at": "2026-08-25T09:45:00Z",
      "in_vehicle_duration_min": 25.2,
      "is_synthetic": true,
      "data_origin": "synthetic",
      "simulation_model": "lognormal_travel_time",
      "validation_status": "simulated",
      "confidence": 0.35
    },
    {
      "observation_id": "OBS-0131",
      "observation_type": "travel_time",
      "route_id": "BUS-P04",
      "from_stop_id": "H01-S0",
      "to_stop_id": "H08-S0",
      "transport_mode": "bus",
      "observed_at": "2026-08-26T10:30:00Z",
      "in_vehicle_duration_min": 34.7,
      "is_synthetic": true,
      "data_origin": "synthetic",
      "simulation_model": "lognormal_travel_time",
      "validation_status": "simulated",
      "confidence": 0.35
    },
    {
      "observation_id": "OBS-0132",
      "observation_type": "travel_time",
      "route_id": "BUS-P04",
      "from_stop_id": "H01-S0",
      "to_stop_id": "H08-S0",
      "transport_mode": "bus",
      "observed_at": "2026-08-26T11:15:00Z",
      "in_vehicle_duration_min": 38.2,
      "is_synthetic": true,
      "data_origin": "synthetic",
      "simulation_model": "lognormal_travel_time",
      "validation_status": "simulated",
      "confidence": 0.35
    },
    {
      "observation_id": "OBS-0133",
      "observation_type": "travel_time",
      "route_id": "BUS-P04",
      "from_stop_id": "H01-S0",
      "to_stop_id": "H08-S0",
      "transport_mode": "bus",
      "observed_at": "2026-08-26T12:00:00Z",
      "in_vehicle_duration_min": 40.2,
      "is_synthetic": true,
      "data_origin": "synthetic",
      "simulation_model": "lognormal_travel_time",
      "validation_status": "simulated",
      "confidence": 0.35
    },
    {
      "observation_id": "OBS-0134",
      "observation_type": "travel_time",
      "route_id": "BUS-P04",
      "from_stop_id": "H01-S0",
      "to_stop_id": "H08-S0",
      "transport_mode": "bus",
      "observed_at": "2026-08-26T12:45:00Z",
      "in_vehicle_duration_min": 37.4,
      "is_synthetic": true,
      "data_origin": "synthetic",
      "simulation_model": "lognormal_travel_time",
      "validation_status": "simulated",
      "confidence": 0.35
    },
    {
      "observation_id": "OBS-0135",
      "observation_type": "travel_time",
      "route_id": "BUS-P04",
      "from_stop_id": "H01-S0",
      "to_stop_id": "H08-S0",
      "transport_mode": "bus",
      "observed_at": "2026-08-27T13:30:00Z",
      "in_vehicle_duration_min": 35.6,
      "is_synthetic": true,
      "data_origin": "synthetic",
      "simulation_model": "lognormal_travel_time",
      "validation_status": "simulated",
      "confidence": 0.35
    },
    {
      "observation_id": "OBS-0136",
      "observation_type": "travel_time",
      "route_id": "BUS-P04",
      "from_stop_id": "H01-S0",
      "to_stop_id": "H08-S0",
      "transport_mode": "bus",
      "observed_at": "2026-08-27T14:15:00Z",
      "in_vehicle_duration_min": 43.1,
      "is_synthetic": true,
      "data_origin": "synthetic",
      "simulation_model": "lognormal_travel_time",
      "validation_status": "simulated",
      "confidence": 0.35
    },
    {
      "observation_id": "OBS-0137",
      "observation_type": "frequency",
      "route_id": "BUS-P05",
      "stop_id": "H00-S0",
      "transport_mode": "bus",
      "direction_id": "outbound",
      "observed_at": "2026-08-25T06:30:00Z",
      "time_period": "morning_peak",
      "headway_minutes": 19.9,
      "is_synthetic": true,
      "data_origin": "synthetic",
      "simulation_model": "triangular_headway",
      "validation_status": "simulated",
      "confidence": 0.35
    },
    {
      "observation_id": "OBS-0138",
      "observation_type": "frequency",
      "route_id": "BUS-P05",
      "stop_id": "H00-S0",
      "transport_mode": "bus",
      "direction_id": "outbound",
      "observed_at": "2026-08-25T07:07:00Z",
      "time_period": "day",
      "headway_minutes": 20.2,
      "is_synthetic": true,
      "data_origin": "synthetic",
      "simulation_model": "triangular_headway",
      "validation_status": "simulated",
      "confidence": 0.35
    },
    {
      "observation_id": "OBS-0139",
      "observation_type": "frequency",
      "route_id": "BUS-P05",
      "stop_id": "H00-S0",
      "transport_mode": "bus",
      "direction_id": "outbound",
      "observed_at": "2026-08-25T07:44:00Z",
      "time_period": "evening_peak",
      "headway_minutes": 29.6,
      "is_synthetic": true,
      "data_origin": "synthetic",
      "simulation_model": "triangular_headway",
      "validation_status": "simulated",
      "confidence": 0.35
    },
    {
      "observation_id": "OBS-0140",
      "observation_type": "frequency",
      "route_id": "BUS-P05",
      "stop_id": "H00-S0",
      "transport_mode": "bus",
      "direction_id": "outbound",
      "observed_at": "2026-08-25T08:21:00Z",
      "time_period": "morning_peak",
      "headway_minutes": 18.9,
      "is_synthetic": true,
      "data_origin": "synthetic",
      "simulation_model": "triangular_headway",
      "validation_status": "simulated",
      "confidence": 0.35
    },
    {
      "observation_id": "OBS-0141",
      "observation_type": "frequency",
      "route_id": "BUS-P05",
      "stop_id": "H00-S0",
      "transport_mode": "bus",
      "direction_id": "outbound",
      "observed_at": "2026-08-26T08:58:00Z",
      "time_period": "day",
      "headway_minutes": 23.6,
      "is_synthetic": true,
      "data_origin": "synthetic",
      "simulation_model": "triangular_headway",
      "validation_status": "simulated",
      "confidence": 0.35
    },
    {
      "observation_id": "OBS-0142",
      "observation_type": "frequency",
      "route_id": "BUS-P05",
      "stop_id": "H00-S0",
      "transport_mode": "bus",
      "direction_id": "outbound",
      "observed_at": "2026-08-26T09:35:00Z",
      "time_period": "evening_peak",
      "headway_minutes": 26.3,
      "is_synthetic": true,
      "data_origin": "synthetic",
      "simulation_model": "triangular_headway",
      "validation_status": "simulated",
      "confidence": 0.35
    },
    {
      "observation_id": "OBS-0143",
      "observation_type": "frequency",
      "route_id": "BUS-P05",
      "stop_id": "H00-S0",
      "transport_mode": "bus",
      "direction_id": "outbound",
      "observed_at": "2026-08-26T10:12:00Z",
      "time_period": "morning_peak",
      "headway_minutes": 19.3,
      "is_synthetic": true,
      "data_origin": "synthetic",
      "simulation_model": "triangular_headway",
      "validation_status": "simulated",
      "confidence": 0.35
    },
    {
      "observation_id": "OBS-0144",
      "observation_type": "frequency",
      "route_id": "BUS-P05",
      "stop_id": "H00-S0",
      "transport_mode": "bus",
      "direction_id": "outbound",
      "observed_at": "2026-08-26T10:49:00Z",
      "time_period": "day",
      "headway_minutes": 24.0,
      "is_synthetic": true,
      "data_origin": "synthetic",
      "simulation_model": "triangular_headway",
      "validation_status": "simulated",
      "confidence": 0.35
    },
    {
      "observation_id": "OBS-0145",
      "observation_type": "frequency",
      "route_id": "BUS-P05",
      "stop_id": "H00-S0",
      "transport_mode": "bus",
      "direction_id": "outbound",
      "observed_at": "2026-08-27T11:26:00Z",
      "time_period": "evening_peak",
      "headway_minutes": 27.3,
      "is_synthetic": true,
      "data_origin": "synthetic",
      "simulation_model": "triangular_headway",
      "validation_status": "simulated",
      "confidence": 0.35
    },
    {
      "observation_id": "OBS-0146",
      "observation_type": "frequency",
      "route_id": "BUS-P05",
      "stop_id": "H00-S0",
      "transport_mode": "bus",
      "direction_id": "outbound",
      "observed_at": "2026-08-27T12:03:00Z",
      "time_period": "morning_peak",
      "headway_minutes": 22.4,
      "is_synthetic": true,
      "data_origin": "synthetic",
      "simulation_model": "triangular_headway",
      "validation_status": "simulated",
      "confidence": 0.35
    },
    {
      "observation_id": "OBS-0147",
      "observation_type": "frequency",
      "route_id": "BUS-P05",
      "stop_id": "H00-S0",
      "transport_mode": "bus",
      "direction_id": "outbound",
      "observed_at": "2026-08-27T12:40:00Z",
      "time_period": "day",
      "headway_minutes": 22.2,
      "is_synthetic": true,
      "data_origin": "synthetic",
      "simulation_model": "triangular_headway",
      "validation_status": "simulated",
      "confidence": 0.35
    },
    {
      "observation_id": "OBS-0148",
      "observation_type": "frequency",
      "route_id": "BUS-P05",
      "stop_id": "H00-S0",
      "transport_mode": "bus",
      "direction_id": "outbound",
      "observed_at": "2026-08-27T13:17:00Z",
      "time_period": "evening_peak",
      "headway_minutes": 18.1,
      "is_synthetic": true,
      "data_origin": "synthetic",
      "simulation_model": "triangular_headway",
      "validation_status": "simulated",
      "confidence": 0.35
    },
    {
      "observation_id": "OBS-0149",
      "observation_type": "fare",
      "route_id": "BUS-P05",
      "stop_id": "H00-S0",
      "transport_mode": "bus",
      "direction_id": "outbound",
      "observed_at": "2026-08-25T07:00:00Z",
      "fare_paid": 400,
      "currency": "XOF",
      "is_synthetic": true,
      "data_origin": "synthetic",
      "simulation_model": "discrete_fare",
      "validation_status": "simulated",
      "confidence": 0.35
    },
    {
      "observation_id": "OBS-0150",
      "observation_type": "fare",
      "route_id": "BUS-P05",
      "stop_id": "H01-S1",
      "transport_mode": "bus",
      "direction_id": "outbound",
      "observed_at": "2026-08-25T07:41:00Z",
      "fare_paid": 400,
      "currency": "XOF",
      "is_synthetic": true,
      "data_origin": "synthetic",
      "simulation_model": "discrete_fare",
      "validation_status": "simulated",
      "confidence": 0.35
    },
    {
      "observation_id": "OBS-0151",
      "observation_type": "fare",
      "route_id": "BUS-P05",
      "stop_id": "H04-S0",
      "transport_mode": "bus",
      "direction_id": "outbound",
      "observed_at": "2026-08-25T08:22:00Z",
      "fare_paid": 400,
      "currency": "XOF",
      "is_synthetic": true,
      "data_origin": "synthetic",
      "simulation_model": "discrete_fare",
      "validation_status": "simulated",
      "confidence": 0.35
    },
    {
      "observation_id": "OBS-0152",
      "observation_type": "fare",
      "route_id": "BUS-P05",
      "stop_id": "H05-S1",
      "transport_mode": "bus",
      "direction_id": "outbound",
      "observed_at": "2026-08-25T09:03:00Z",
      "fare_paid": 400,
      "currency": "XOF",
      "is_synthetic": true,
      "data_origin": "synthetic",
      "simulation_model": "discrete_fare",
      "validation_status": "simulated",
      "confidence": 0.35
    },
    {
      "observation_id": "OBS-0153",
      "observation_type": "fare",
      "route_id": "BUS-P05",
      "stop_id": "H07-S0",
      "transport_mode": "bus",
      "direction_id": "outbound",
      "observed_at": "2026-08-26T09:44:00Z",
      "fare_paid": 400,
      "currency": "XOF",
      "is_synthetic": true,
      "data_origin": "synthetic",
      "simulation_model": "discrete_fare",
      "validation_status": "simulated",
      "confidence": 0.35
    },
    {
      "observation_id": "OBS-0154",
      "observation_type": "fare",
      "route_id": "BUS-P05",
      "stop_id": "H09-S1",
      "transport_mode": "bus",
      "direction_id": "outbound",
      "observed_at": "2026-08-26T10:25:00Z",
      "fare_paid": 400,
      "currency": "XOF",
      "is_synthetic": true,
      "data_origin": "synthetic",
      "simulation_model": "discrete_fare",
      "validation_status": "simulated",
      "confidence": 0.35
    },
    {
      "observation_id": "OBS-0155",
      "observation_type": "fare",
      "route_id": "BUS-P05",
      "stop_id": "H00-S0",
      "transport_mode": "bus",
      "direction_id": "outbound",
      "observed_at": "2026-08-26T11:06:00Z",
      "fare_paid": 400,
      "currency": "XOF",
      "is_synthetic": true,
      "data_origin": "synthetic",
      "simulation_model": "discrete_fare",
      "validation_status": "simulated",
      "confidence": 0.35
    },
    {
      "observation_id": "OBS-0156",
      "observation_type": "fare",
      "route_id": "BUS-P05",
      "stop_id": "H01-S1",
      "transport_mode": "bus",
      "direction_id": "outbound",
      "observed_at": "2026-08-26T11:47:00Z",
      "fare_paid": 400,
      "currency": "XOF",
      "is_synthetic": true,
      "data_origin": "synthetic",
      "simulation_model": "discrete_fare",
      "validation_status": "simulated",
      "confidence": 0.35
    },
    {
      "observation_id": "OBS-0157",
      "observation_type": "fare",
      "route_id": "BUS-P05",
      "stop_id": "H04-S0",
      "transport_mode": "bus",
      "direction_id": "outbound",
      "observed_at": "2026-08-27T12:28:00Z",
      "fare_paid": 400,
      "currency": "XOF",
      "is_synthetic": true,
      "data_origin": "synthetic",
      "simulation_model": "discrete_fare",
      "validation_status": "simulated",
      "confidence": 0.35
    },
    {
      "observation_id": "OBS-0158",
      "observation_type": "fare",
      "route_id": "BUS-P05",
      "stop_id": "H05-S1",
      "transport_mode": "bus",
      "direction_id": "outbound",
      "observed_at": "2026-08-27T13:09:00Z",
      "fare_paid": 400,
      "currency": "XOF",
      "is_synthetic": true,
      "data_origin": "synthetic",
      "simulation_model": "discrete_fare",
      "validation_status": "simulated",
      "confidence": 0.35
    },
    {
      "observation_id": "OBS-0159",
      "observation_type": "fare",
      "route_id": "BUS-P05",
      "stop_id": "H07-S0",
      "transport_mode": "bus",
      "direction_id": "outbound",
      "observed_at": "2026-08-27T13:50:00Z",
      "fare_paid": 400,
      "currency": "XOF",
      "is_synthetic": true,
      "data_origin": "synthetic",
      "simulation_model": "discrete_fare",
      "validation_status": "simulated",
      "confidence": 0.35
    },
    {
      "observation_id": "OBS-0160",
      "observation_type": "fare",
      "route_id": "BUS-P05",
      "stop_id": "H09-S1",
      "transport_mode": "bus",
      "direction_id": "outbound",
      "observed_at": "2026-08-27T14:31:00Z",
      "fare_paid": 400,
      "currency": "XOF",
      "is_synthetic": true,
      "data_origin": "synthetic",
      "simulation_model": "discrete_fare",
      "validation_status": "simulated",
      "confidence": 0.35
    },
    {
      "observation_id": "OBS-0161",
      "observation_type": "travel_time",
      "route_id": "BUS-P05",
      "from_stop_id": "H00-S0",
      "to_stop_id": "H09-S1",
      "transport_mode": "bus",
      "observed_at": "2026-08-25T07:30:00Z",
      "in_vehicle_duration_min": 41.1,
      "is_synthetic": true,
      "data_origin": "synthetic",
      "simulation_model": "lognormal_travel_time",
      "validation_status": "simulated",
      "confidence": 0.35
    },
    {
      "observation_id": "OBS-0162",
      "observation_type": "travel_time",
      "route_id": "BUS-P05",
      "from_stop_id": "H00-S0",
      "to_stop_id": "H09-S1",
      "transport_mode": "bus",
      "observed_at": "2026-08-25T08:15:00Z",
      "in_vehicle_duration_min": 38.8,
      "is_synthetic": true,
      "data_origin": "synthetic",
      "simulation_model": "lognormal_travel_time",
      "validation_status": "simulated",
      "confidence": 0.35
    },
    {
      "observation_id": "OBS-0163",
      "observation_type": "travel_time",
      "route_id": "BUS-P05",
      "from_stop_id": "H00-S0",
      "to_stop_id": "H09-S1",
      "transport_mode": "bus",
      "observed_at": "2026-08-25T09:00:00Z",
      "in_vehicle_duration_min": 40.7,
      "is_synthetic": true,
      "data_origin": "synthetic",
      "simulation_model": "lognormal_travel_time",
      "validation_status": "simulated",
      "confidence": 0.35
    },
    {
      "observation_id": "OBS-0164",
      "observation_type": "travel_time",
      "route_id": "BUS-P05",
      "from_stop_id": "H00-S0",
      "to_stop_id": "H09-S1",
      "transport_mode": "bus",
      "observed_at": "2026-08-25T09:45:00Z",
      "in_vehicle_duration_min": 39.3,
      "is_synthetic": true,
      "data_origin": "synthetic",
      "simulation_model": "lognormal_travel_time",
      "validation_status": "simulated",
      "confidence": 0.35
    },
    {
      "observation_id": "OBS-0165",
      "observation_type": "travel_time",
      "route_id": "BUS-P05",
      "from_stop_id": "H00-S0",
      "to_stop_id": "H09-S1",
      "transport_mode": "bus",
      "observed_at": "2026-08-26T10:30:00Z",
      "in_vehicle_duration_min": 51.9,
      "is_synthetic": true,
      "data_origin": "synthetic",
      "simulation_model": "lognormal_travel_time",
      "validation_status": "simulated",
      "confidence": 0.35
    },
    {
      "observation_id": "OBS-0166",
      "observation_type": "travel_time",
      "route_id": "BUS-P05",
      "from_stop_id": "H00-S0",
      "to_stop_id": "H09-S1",
      "transport_mode": "bus",
      "observed_at": "2026-08-26T11:15:00Z",
      "in_vehicle_duration_min": 37.7,
      "is_synthetic": true,
      "data_origin": "synthetic",
      "simulation_model": "lognormal_travel_time",
      "validation_status": "simulated",
      "confidence": 0.35
    },
    {
      "observation_id": "OBS-0167",
      "observation_type": "travel_time",
      "route_id": "BUS-P05",
      "from_stop_id": "H00-S0",
      "to_stop_id": "H09-S1",
      "transport_mode": "bus",
      "observed_at": "2026-08-26T12:00:00Z",
      "in_vehicle_duration_min": 37.8,
      "is_synthetic": true,
      "data_origin": "synthetic",
      "simulation_model": "lognormal_travel_time",
      "validation_status": "simulated",
      "confidence": 0.35
    },
    {
      "observation_id": "OBS-0168",
      "observation_type": "travel_time",
      "route_id": "BUS-P05",
      "from_stop_id": "H00-S0",
      "to_stop_id": "H09-S1",
      "transport_mode": "bus",
      "observed_at": "2026-08-26T12:45:00Z",
      "in_vehicle_duration_min": 43.0,
      "is_synthetic": true,
      "data_origin": "synthetic",
      "simulation_model": "lognormal_travel_time",
      "validation_status": "simulated",
      "confidence": 0.35
    },
    {
      "observation_id": "OBS-0169",
      "observation_type": "travel_time",
      "route_id": "BUS-P05",
      "from_stop_id": "H00-S0",
      "to_stop_id": "H09-S1",
      "transport_mode": "bus",
      "observed_at": "2026-08-27T13:30:00Z",
      "in_vehicle_duration_min": 39.9,
      "is_synthetic": true,
      "data_origin": "synthetic",
      "simulation_model": "lognormal_travel_time",
      "validation_status": "simulated",
      "confidence": 0.35
    },
    {
      "observation_id": "OBS-0170",
      "observation_type": "travel_time",
      "route_id": "BUS-P05",
      "from_stop_id": "H00-S0",
      "to_stop_id": "H09-S1",
      "transport_mode": "bus",
      "observed_at": "2026-08-27T14:15:00Z",
      "in_vehicle_duration_min": 40.0,
      "is_synthetic": true,
      "data_origin": "synthetic",
      "simulation_model": "lognormal_travel_time",
      "validation_status": "simulated",
      "confidence": 0.35
    },
    {
      "observation_id": "OBS-0171",
      "observation_type": "frequency",
      "route_id": "GBAKA-P01",
      "stop_id": "H02-S2",
      "transport_mode": "gbaka",
      "direction_id": "outbound",
      "observed_at": "2026-08-25T06:30:00Z",
      "time_period": "morning_peak",
      "headway_minutes": 9.5,
      "is_synthetic": true,
      "data_origin": "synthetic",
      "simulation_model": "triangular_headway",
      "validation_status": "simulated",
      "confidence": 0.35
    },
    {
      "observation_id": "OBS-0172",
      "observation_type": "frequency",
      "route_id": "GBAKA-P01",
      "stop_id": "H02-S2",
      "transport_mode": "gbaka",
      "direction_id": "outbound",
      "observed_at": "2026-08-25T07:07:00Z",
      "time_period": "day",
      "headway_minutes": 13.8,
      "is_synthetic": true,
      "data_origin": "synthetic",
      "simulation_model": "triangular_headway",
      "validation_status": "simulated",
      "confidence": 0.35
    },
    {
      "observation_id": "OBS-0173",
      "observation_type": "frequency",
      "route_id": "GBAKA-P01",
      "stop_id": "H02-S2",
      "transport_mode": "gbaka",
      "direction_id": "outbound",
      "observed_at": "2026-08-25T07:44:00Z",
      "time_period": "evening_peak",
      "headway_minutes": 8.6,
      "is_synthetic": true,
      "data_origin": "synthetic",
      "simulation_model": "triangular_headway",
      "validation_status": "simulated",
      "confidence": 0.35
    },
    {
      "observation_id": "OBS-0174",
      "observation_type": "frequency",
      "route_id": "GBAKA-P01",
      "stop_id": "H02-S2",
      "transport_mode": "gbaka",
      "direction_id": "outbound",
      "observed_at": "2026-08-25T08:21:00Z",
      "time_period": "morning_peak",
      "headway_minutes": 9.1,
      "is_synthetic": true,
      "data_origin": "synthetic",
      "simulation_model": "triangular_headway",
      "validation_status": "simulated",
      "confidence": 0.35
    },
    {
      "observation_id": "OBS-0175",
      "observation_type": "frequency",
      "route_id": "GBAKA-P01",
      "stop_id": "H02-S2",
      "transport_mode": "gbaka",
      "direction_id": "outbound",
      "observed_at": "2026-08-26T08:58:00Z",
      "time_period": "day",
      "headway_minutes": 10.3,
      "is_synthetic": true,
      "data_origin": "synthetic",
      "simulation_model": "triangular_headway",
      "validation_status": "simulated",
      "confidence": 0.35
    },
    {
      "observation_id": "OBS-0176",
      "observation_type": "frequency",
      "route_id": "GBAKA-P01",
      "stop_id": "H02-S2",
      "transport_mode": "gbaka",
      "direction_id": "outbound",
      "observed_at": "2026-08-26T09:35:00Z",
      "time_period": "evening_peak",
      "headway_minutes": 15.4,
      "is_synthetic": true,
      "data_origin": "synthetic",
      "simulation_model": "triangular_headway",
      "validation_status": "simulated",
      "confidence": 0.35
    },
    {
      "observation_id": "OBS-0177",
      "observation_type": "frequency",
      "route_id": "GBAKA-P01",
      "stop_id": "H02-S2",
      "transport_mode": "gbaka",
      "direction_id": "outbound",
      "observed_at": "2026-08-26T10:12:00Z",
      "time_period": "morning_peak",
      "headway_minutes": 4.6,
      "is_synthetic": true,
      "data_origin": "synthetic",
      "simulation_model": "triangular_headway",
      "validation_status": "simulated",
      "confidence": 0.35
    },
    {
      "observation_id": "OBS-0178",
      "observation_type": "frequency",
      "route_id": "GBAKA-P01",
      "stop_id": "H02-S2",
      "transport_mode": "gbaka",
      "direction_id": "outbound",
      "observed_at": "2026-08-26T10:49:00Z",
      "time_period": "day",
      "headway_minutes": 18.0,
      "is_synthetic": true,
      "data_origin": "synthetic",
      "simulation_model": "triangular_headway",
      "validation_status": "simulated",
      "confidence": 0.35
    },
    {
      "observation_id": "OBS-0179",
      "observation_type": "frequency",
      "route_id": "GBAKA-P01",
      "stop_id": "H02-S2",
      "transport_mode": "gbaka",
      "direction_id": "outbound",
      "observed_at": "2026-08-27T11:26:00Z",
      "time_period": "evening_peak",
      "headway_minutes": 9.9,
      "is_synthetic": true,
      "data_origin": "synthetic",
      "simulation_model": "triangular_headway",
      "validation_status": "simulated",
      "confidence": 0.35
    },
    {
      "observation_id": "OBS-0180",
      "observation_type": "frequency",
      "route_id": "GBAKA-P01",
      "stop_id": "H02-S2",
      "transport_mode": "gbaka",
      "direction_id": "outbound",
      "observed_at": "2026-08-27T12:03:00Z",
      "time_period": "morning_peak",
      "headway_minutes": 5.7,
      "is_synthetic": true,
      "data_origin": "synthetic",
      "simulation_model": "triangular_headway",
      "validation_status": "simulated",
      "confidence": 0.35
    },
    {
      "observation_id": "OBS-0181",
      "observation_type": "frequency",
      "route_id": "GBAKA-P01",
      "stop_id": "H02-S2",
      "transport_mode": "gbaka",
      "direction_id": "outbound",
      "observed_at": "2026-08-27T12:40:00Z",
      "time_period": "day",
      "headway_minutes": 13.6,
      "is_synthetic": true,
      "data_origin": "synthetic",
      "simulation_model": "triangular_headway",
      "validation_status": "simulated",
      "confidence": 0.35
    },
    {
      "observation_id": "OBS-0182",
      "observation_type": "frequency",
      "route_id": "GBAKA-P01",
      "stop_id": "H02-S2",
      "transport_mode": "gbaka",
      "direction_id": "outbound",
      "observed_at": "2026-08-27T13:17:00Z",
      "time_period": "evening_peak",
      "headway_minutes": 9.1,
      "is_synthetic": true,
      "data_origin": "synthetic",
      "simulation_model": "triangular_headway",
      "validation_status": "simulated",
      "confidence": 0.35
    },
    {
      "observation_id": "OBS-0183",
      "observation_type": "fare",
      "route_id": "GBAKA-P01",
      "stop_id": "H02-S2",
      "transport_mode": "gbaka",
      "direction_id": "outbound",
      "observed_at": "2026-08-25T07:00:00Z",
      "fare_paid": 400,
      "currency": "XOF",
      "is_synthetic": true,
      "data_origin": "synthetic",
      "simulation_model": "discrete_fare",
      "validation_status": "simulated",
      "confidence": 0.35
    },
    {
      "observation_id": "OBS-0184",
      "observation_type": "fare",
      "route_id": "GBAKA-P01",
      "stop_id": "H03-S3",
      "transport_mode": "gbaka",
      "direction_id": "outbound",
      "observed_at": "2026-08-25T07:41:00Z",
      "fare_paid": 450,
      "currency": "XOF",
      "is_synthetic": true,
      "data_origin": "synthetic",
      "simulation_model": "discrete_fare",
      "validation_status": "simulated",
      "confidence": 0.35
    },
    {
      "observation_id": "OBS-0185",
      "observation_type": "fare",
      "route_id": "GBAKA-P01",
      "stop_id": "H04-S2",
      "transport_mode": "gbaka",
      "direction_id": "outbound",
      "observed_at": "2026-08-25T08:22:00Z",
      "fare_paid": 400,
      "currency": "XOF",
      "is_synthetic": true,
      "data_origin": "synthetic",
      "simulation_model": "discrete_fare",
      "validation_status": "simulated",
      "confidence": 0.35
    },
    {
      "observation_id": "OBS-0186",
      "observation_type": "fare",
      "route_id": "GBAKA-P01",
      "stop_id": "H06-S3",
      "transport_mode": "gbaka",
      "direction_id": "outbound",
      "observed_at": "2026-08-25T09:03:00Z",
      "fare_paid": 400,
      "currency": "XOF",
      "is_synthetic": true,
      "data_origin": "synthetic",
      "simulation_model": "discrete_fare",
      "validation_status": "simulated",
      "confidence": 0.35
    },
    {
      "observation_id": "OBS-0187",
      "observation_type": "fare",
      "route_id": "GBAKA-P01",
      "stop_id": "H02-S2",
      "transport_mode": "gbaka",
      "direction_id": "outbound",
      "observed_at": "2026-08-26T09:44:00Z",
      "fare_paid": 550,
      "currency": "XOF",
      "is_synthetic": true,
      "data_origin": "synthetic",
      "simulation_model": "discrete_fare",
      "validation_status": "simulated",
      "confidence": 0.35
    },
    {
      "observation_id": "OBS-0188",
      "observation_type": "fare",
      "route_id": "GBAKA-P01",
      "stop_id": "H03-S3",
      "transport_mode": "gbaka",
      "direction_id": "outbound",
      "observed_at": "2026-08-26T10:25:00Z",
      "fare_paid": 550,
      "currency": "XOF",
      "is_synthetic": true,
      "data_origin": "synthetic",
      "simulation_model": "discrete_fare",
      "validation_status": "simulated",
      "confidence": 0.35
    },
    {
      "observation_id": "OBS-0189",
      "observation_type": "fare",
      "route_id": "GBAKA-P01",
      "stop_id": "H04-S2",
      "transport_mode": "gbaka",
      "direction_id": "outbound",
      "observed_at": "2026-08-26T11:06:00Z",
      "fare_paid": 400,
      "currency": "XOF",
      "is_synthetic": true,
      "data_origin": "synthetic",
      "simulation_model": "discrete_fare",
      "validation_status": "simulated",
      "confidence": 0.35
    },
    {
      "observation_id": "OBS-0190",
      "observation_type": "fare",
      "route_id": "GBAKA-P01",
      "stop_id": "H06-S3",
      "transport_mode": "gbaka",
      "direction_id": "outbound",
      "observed_at": "2026-08-26T11:47:00Z",
      "fare_paid": 400,
      "currency": "XOF",
      "is_synthetic": true,
      "data_origin": "synthetic",
      "simulation_model": "discrete_fare",
      "validation_status": "simulated",
      "confidence": 0.35
    },
    {
      "observation_id": "OBS-0191",
      "observation_type": "fare",
      "route_id": "GBAKA-P01",
      "stop_id": "H02-S2",
      "transport_mode": "gbaka",
      "direction_id": "outbound",
      "observed_at": "2026-08-27T12:28:00Z",
      "fare_paid": 400,
      "currency": "XOF",
      "is_synthetic": true,
      "data_origin": "synthetic",
      "simulation_model": "discrete_fare",
      "validation_status": "simulated",
      "confidence": 0.35
    },
    {
      "observation_id": "OBS-0192",
      "observation_type": "fare",
      "route_id": "GBAKA-P01",
      "stop_id": "H03-S3",
      "transport_mode": "gbaka",
      "direction_id": "outbound",
      "observed_at": "2026-08-27T13:09:00Z",
      "fare_paid": 350,
      "currency": "XOF",
      "is_synthetic": true,
      "data_origin": "synthetic",
      "simulation_model": "discrete_fare",
      "validation_status": "simulated",
      "confidence": 0.35
    },
    {
      "observation_id": "OBS-0193",
      "observation_type": "fare",
      "route_id": "GBAKA-P01",
      "stop_id": "H04-S2",
      "transport_mode": "gbaka",
      "direction_id": "outbound",
      "observed_at": "2026-08-27T13:50:00Z",
      "fare_paid": 400,
      "currency": "XOF",
      "is_synthetic": true,
      "data_origin": "synthetic",
      "simulation_model": "discrete_fare",
      "validation_status": "simulated",
      "confidence": 0.35
    },
    {
      "observation_id": "OBS-0194",
      "observation_type": "fare",
      "route_id": "GBAKA-P01",
      "stop_id": "H06-S3",
      "transport_mode": "gbaka",
      "direction_id": "outbound",
      "observed_at": "2026-08-27T14:31:00Z",
      "fare_paid": 500,
      "currency": "XOF",
      "is_synthetic": true,
      "data_origin": "synthetic",
      "simulation_model": "discrete_fare",
      "validation_status": "simulated",
      "confidence": 0.35
    },
    {
      "observation_id": "OBS-0195",
      "observation_type": "travel_time",
      "route_id": "GBAKA-P01",
      "from_stop_id": "H02-S2",
      "to_stop_id": "H06-S3",
      "transport_mode": "gbaka",
      "observed_at": "2026-08-25T07:30:00Z",
      "in_vehicle_duration_min": 26.4,
      "is_synthetic": true,
      "data_origin": "synthetic",
      "simulation_model": "lognormal_travel_time",
      "validation_status": "simulated",
      "confidence": 0.35
    },
    {
      "observation_id": "OBS-0196",
      "observation_type": "travel_time",
      "route_id": "GBAKA-P01",
      "from_stop_id": "H02-S2",
      "to_stop_id": "H06-S3",
      "transport_mode": "gbaka",
      "observed_at": "2026-08-25T08:15:00Z",
      "in_vehicle_duration_min": 25.1,
      "is_synthetic": true,
      "data_origin": "synthetic",
      "simulation_model": "lognormal_travel_time",
      "validation_status": "simulated",
      "confidence": 0.35
    },
    {
      "observation_id": "OBS-0197",
      "observation_type": "travel_time",
      "route_id": "GBAKA-P01",
      "from_stop_id": "H02-S2",
      "to_stop_id": "H06-S3",
      "transport_mode": "gbaka",
      "observed_at": "2026-08-25T09:00:00Z",
      "in_vehicle_duration_min": 21.1,
      "is_synthetic": true,
      "data_origin": "synthetic",
      "simulation_model": "lognormal_travel_time",
      "validation_status": "simulated",
      "confidence": 0.35
    },
    {
      "observation_id": "OBS-0198",
      "observation_type": "travel_time",
      "route_id": "GBAKA-P01",
      "from_stop_id": "H02-S2",
      "to_stop_id": "H06-S3",
      "transport_mode": "gbaka",
      "observed_at": "2026-08-25T09:45:00Z",
      "in_vehicle_duration_min": 28.7,
      "is_synthetic": true,
      "data_origin": "synthetic",
      "simulation_model": "lognormal_travel_time",
      "validation_status": "simulated",
      "confidence": 0.35
    },
    {
      "observation_id": "OBS-0199",
      "observation_type": "travel_time",
      "route_id": "GBAKA-P01",
      "from_stop_id": "H02-S2",
      "to_stop_id": "H06-S3",
      "transport_mode": "gbaka",
      "observed_at": "2026-08-26T10:30:00Z",
      "in_vehicle_duration_min": 26.9,
      "is_synthetic": true,
      "data_origin": "synthetic",
      "simulation_model": "lognormal_travel_time",
      "validation_status": "simulated",
      "confidence": 0.35
    },
    {
      "observation_id": "OBS-0200",
      "observation_type": "travel_time",
      "route_id": "GBAKA-P01",
      "from_stop_id": "H02-S2",
      "to_stop_id": "H06-S3",
      "transport_mode": "gbaka",
      "observed_at": "2026-08-26T11:15:00Z",
      "in_vehicle_duration_min": 20.7,
      "is_synthetic": true,
      "data_origin": "synthetic",
      "simulation_model": "lognormal_travel_time",
      "validation_status": "simulated",
      "confidence": 0.35
    },
    {
      "observation_id": "OBS-0201",
      "observation_type": "travel_time",
      "route_id": "GBAKA-P01",
      "from_stop_id": "H02-S2",
      "to_stop_id": "H06-S3",
      "transport_mode": "gbaka",
      "observed_at": "2026-08-26T12:00:00Z",
      "in_vehicle_duration_min": 24.5,
      "is_synthetic": true,
      "data_origin": "synthetic",
      "simulation_model": "lognormal_travel_time",
      "validation_status": "simulated",
      "confidence": 0.35
    },
    {
      "observation_id": "OBS-0202",
      "observation_type": "travel_time",
      "route_id": "GBAKA-P01",
      "from_stop_id": "H02-S2",
      "to_stop_id": "H06-S3",
      "transport_mode": "gbaka",
      "observed_at": "2026-08-26T12:45:00Z",
      "in_vehicle_duration_min": 26.7,
      "is_synthetic": true,
      "data_origin": "synthetic",
      "simulation_model": "lognormal_travel_time",
      "validation_status": "simulated",
      "confidence": 0.35
    },
    {
      "observation_id": "OBS-0203",
      "observation_type": "travel_time",
      "route_id": "GBAKA-P01",
      "from_stop_id": "H02-S2",
      "to_stop_id": "H06-S3",
      "transport_mode": "gbaka",
      "observed_at": "2026-08-27T13:30:00Z",
      "in_vehicle_duration_min": 24.7,
      "is_synthetic": true,
      "data_origin": "synthetic",
      "simulation_model": "lognormal_travel_time",
      "validation_status": "simulated",
      "confidence": 0.35
    },
    {
      "observation_id": "OBS-0204",
      "observation_type": "travel_time",
      "route_id": "GBAKA-P01",
      "from_stop_id": "H02-S2",
      "to_stop_id": "H06-S3",
      "transport_mode": "gbaka",
      "observed_at": "2026-08-27T14:15:00Z",
      "in_vehicle_duration_min": 27.3,
      "is_synthetic": true,
      "data_origin": "synthetic",
      "simulation_model": "lognormal_travel_time",
      "validation_status": "simulated",
      "confidence": 0.35
    },
    {
      "observation_id": "OBS-0205",
      "observation_type": "frequency",
      "route_id": "GBAKA-P02",
      "stop_id": "H04-S2",
      "transport_mode": "gbaka",
      "direction_id": "outbound",
      "observed_at": "2026-08-25T06:30:00Z",
      "time_period": "morning_peak",
      "headway_minutes": 7.5,
      "is_synthetic": true,
      "data_origin": "synthetic",
      "simulation_model": "triangular_headway",
      "validation_status": "simulated",
      "confidence": 0.35
    },
    {
      "observation_id": "OBS-0206",
      "observation_type": "frequency",
      "route_id": "GBAKA-P02",
      "stop_id": "H04-S2",
      "transport_mode": "gbaka",
      "direction_id": "outbound",
      "observed_at": "2026-08-25T07:07:00Z",
      "time_period": "day",
      "headway_minutes": 17.8,
      "is_synthetic": true,
      "data_origin": "synthetic",
      "simulation_model": "triangular_headway",
      "validation_status": "simulated",
      "confidence": 0.35
    },
    {
      "observation_id": "OBS-0207",
      "observation_type": "frequency",
      "route_id": "GBAKA-P02",
      "stop_id": "H04-S2",
      "transport_mode": "gbaka",
      "direction_id": "outbound",
      "observed_at": "2026-08-25T07:44:00Z",
      "time_period": "evening_peak",
      "headway_minutes": 13.5,
      "is_synthetic": true,
      "data_origin": "synthetic",
      "simulation_model": "triangular_headway",
      "validation_status": "simulated",
      "confidence": 0.35
    },
    {
      "observation_id": "OBS-0208",
      "observation_type": "frequency",
      "route_id": "GBAKA-P02",
      "stop_id": "H04-S2",
      "transport_mode": "gbaka",
      "direction_id": "outbound",
      "observed_at": "2026-08-25T08:21:00Z",
      "time_period": "morning_peak",
      "headway_minutes": 6.4,
      "is_synthetic": true,
      "data_origin": "synthetic",
      "simulation_model": "triangular_headway",
      "validation_status": "simulated",
      "confidence": 0.35
    },
    {
      "observation_id": "OBS-0209",
      "observation_type": "frequency",
      "route_id": "GBAKA-P02",
      "stop_id": "H04-S2",
      "transport_mode": "gbaka",
      "direction_id": "outbound",
      "observed_at": "2026-08-26T08:58:00Z",
      "time_period": "day",
      "headway_minutes": 10.7,
      "is_synthetic": true,
      "data_origin": "synthetic",
      "simulation_model": "triangular_headway",
      "validation_status": "simulated",
      "confidence": 0.35
    },
    {
      "observation_id": "OBS-0210",
      "observation_type": "frequency",
      "route_id": "GBAKA-P02",
      "stop_id": "H04-S2",
      "transport_mode": "gbaka",
      "direction_id": "outbound",
      "observed_at": "2026-08-26T09:35:00Z",
      "time_period": "evening_peak",
      "headway_minutes": 10.1,
      "is_synthetic": true,
      "data_origin": "synthetic",
      "simulation_model": "triangular_headway",
      "validation_status": "simulated",
      "confidence": 0.35
    },
    {
      "observation_id": "OBS-0211",
      "observation_type": "frequency",
      "route_id": "GBAKA-P02",
      "stop_id": "H04-S2",
      "transport_mode": "gbaka",
      "direction_id": "outbound",
      "observed_at": "2026-08-26T10:12:00Z",
      "time_period": "morning_peak",
      "headway_minutes": 5.4,
      "is_synthetic": true,
      "data_origin": "synthetic",
      "simulation_model": "triangular_headway",
      "validation_status": "simulated",
      "confidence": 0.35
    },
    {
      "observation_id": "OBS-0212",
      "observation_type": "frequency",
      "route_id": "GBAKA-P02",
      "stop_id": "H04-S2",
      "transport_mode": "gbaka",
      "direction_id": "outbound",
      "observed_at": "2026-08-26T10:49:00Z",
      "time_period": "day",
      "headway_minutes": 14.5,
      "is_synthetic": true,
      "data_origin": "synthetic",
      "simulation_model": "triangular_headway",
      "validation_status": "simulated",
      "confidence": 0.35
    },
    {
      "observation_id": "OBS-0213",
      "observation_type": "frequency",
      "route_id": "GBAKA-P02",
      "stop_id": "H04-S2",
      "transport_mode": "gbaka",
      "direction_id": "outbound",
      "observed_at": "2026-08-27T11:26:00Z",
      "time_period": "evening_peak",
      "headway_minutes": 11.7,
      "is_synthetic": true,
      "data_origin": "synthetic",
      "simulation_model": "triangular_headway",
      "validation_status": "simulated",
      "confidence": 0.35
    },
    {
      "observation_id": "OBS-0214",
      "observation_type": "frequency",
      "route_id": "GBAKA-P02",
      "stop_id": "H04-S2",
      "transport_mode": "gbaka",
      "direction_id": "outbound",
      "observed_at": "2026-08-27T12:03:00Z",
      "time_period": "morning_peak",
      "headway_minutes": 8.1,
      "is_synthetic": true,
      "data_origin": "synthetic",
      "simulation_model": "triangular_headway",
      "validation_status": "simulated",
      "confidence": 0.35
    },
    {
      "observation_id": "OBS-0215",
      "observation_type": "frequency",
      "route_id": "GBAKA-P02",
      "stop_id": "H04-S2",
      "transport_mode": "gbaka",
      "direction_id": "outbound",
      "observed_at": "2026-08-27T12:40:00Z",
      "time_period": "day",
      "headway_minutes": 9.4,
      "is_synthetic": true,
      "data_origin": "synthetic",
      "simulation_model": "triangular_headway",
      "validation_status": "simulated",
      "confidence": 0.35
    },
    {
      "observation_id": "OBS-0216",
      "observation_type": "frequency",
      "route_id": "GBAKA-P02",
      "stop_id": "H04-S2",
      "transport_mode": "gbaka",
      "direction_id": "outbound",
      "observed_at": "2026-08-27T13:17:00Z",
      "time_period": "evening_peak",
      "headway_minutes": 11.2,
      "is_synthetic": true,
      "data_origin": "synthetic",
      "simulation_model": "triangular_headway",
      "validation_status": "simulated",
      "confidence": 0.35
    },
    {
      "observation_id": "OBS-0217",
      "observation_type": "fare",
      "route_id": "GBAKA-P02",
      "stop_id": "H04-S2",
      "transport_mode": "gbaka",
      "direction_id": "outbound",
      "observed_at": "2026-08-25T07:00:00Z",
      "fare_paid": 300,
      "currency": "XOF",
      "is_synthetic": true,
      "data_origin": "synthetic",
      "simulation_model": "discrete_fare",
      "validation_status": "simulated",
      "confidence": 0.35
    },
    {
      "observation_id": "OBS-0218",
      "observation_type": "fare",
      "route_id": "GBAKA-P02",
      "stop_id": "H05-S3",
      "transport_mode": "gbaka",
      "direction_id": "outbound",
      "observed_at": "2026-08-25T07:41:00Z",
      "fare_paid": 450,
      "currency": "XOF",
      "is_synthetic": true,
      "data_origin": "synthetic",
      "simulation_model": "discrete_fare",
      "validation_status": "simulated",
      "confidence": 0.35
    },
    {
      "observation_id": "OBS-0219",
      "observation_type": "fare",
      "route_id": "GBAKA-P02",
      "stop_id": "H07-S2",
      "transport_mode": "gbaka",
      "direction_id": "outbound",
      "observed_at": "2026-08-25T08:22:00Z",
      "fare_paid": 250,
      "currency": "XOF",
      "is_synthetic": true,
      "data_origin": "synthetic",
      "simulation_model": "discrete_fare",
      "validation_status": "simulated",
      "confidence": 0.35
    },
    {
      "observation_id": "OBS-0220",
      "observation_type": "fare",
      "route_id": "GBAKA-P02",
      "stop_id": "H08-S3",
      "transport_mode": "gbaka",
      "direction_id": "outbound",
      "observed_at": "2026-08-25T09:03:00Z",
      "fare_paid": 500,
      "currency": "XOF",
      "is_synthetic": true,
      "data_origin": "synthetic",
      "simulation_model": "discrete_fare",
      "validation_status": "simulated",
      "confidence": 0.35
    },
    {
      "observation_id": "OBS-0221",
      "observation_type": "fare",
      "route_id": "GBAKA-P02",
      "stop_id": "H04-S2",
      "transport_mode": "gbaka",
      "direction_id": "outbound",
      "observed_at": "2026-08-26T09:44:00Z",
      "fare_paid": 400,
      "currency": "XOF",
      "is_synthetic": true,
      "data_origin": "synthetic",
      "simulation_model": "discrete_fare",
      "validation_status": "simulated",
      "confidence": 0.35
    },
    {
      "observation_id": "OBS-0222",
      "observation_type": "fare",
      "route_id": "GBAKA-P02",
      "stop_id": "H05-S3",
      "transport_mode": "gbaka",
      "direction_id": "outbound",
      "observed_at": "2026-08-26T10:25:00Z",
      "fare_paid": 350,
      "currency": "XOF",
      "is_synthetic": true,
      "data_origin": "synthetic",
      "simulation_model": "discrete_fare",
      "validation_status": "simulated",
      "confidence": 0.35
    },
    {
      "observation_id": "OBS-0223",
      "observation_type": "fare",
      "route_id": "GBAKA-P02",
      "stop_id": "H07-S2",
      "transport_mode": "gbaka",
      "direction_id": "outbound",
      "observed_at": "2026-08-26T11:06:00Z",
      "fare_paid": 450,
      "currency": "XOF",
      "is_synthetic": true,
      "data_origin": "synthetic",
      "simulation_model": "discrete_fare",
      "validation_status": "simulated",
      "confidence": 0.35
    },
    {
      "observation_id": "OBS-0224",
      "observation_type": "fare",
      "route_id": "GBAKA-P02",
      "stop_id": "H08-S3",
      "transport_mode": "gbaka",
      "direction_id": "outbound",
      "observed_at": "2026-08-26T11:47:00Z",
      "fare_paid": 350,
      "currency": "XOF",
      "is_synthetic": true,
      "data_origin": "synthetic",
      "simulation_model": "discrete_fare",
      "validation_status": "simulated",
      "confidence": 0.35
    },
    {
      "observation_id": "OBS-0225",
      "observation_type": "fare",
      "route_id": "GBAKA-P02",
      "stop_id": "H04-S2",
      "transport_mode": "gbaka",
      "direction_id": "outbound",
      "observed_at": "2026-08-27T12:28:00Z",
      "fare_paid": 350,
      "currency": "XOF",
      "is_synthetic": true,
      "data_origin": "synthetic",
      "simulation_model": "discrete_fare",
      "validation_status": "simulated",
      "confidence": 0.35
    },
    {
      "observation_id": "OBS-0226",
      "observation_type": "fare",
      "route_id": "GBAKA-P02",
      "stop_id": "H05-S3",
      "transport_mode": "gbaka",
      "direction_id": "outbound",
      "observed_at": "2026-08-27T13:09:00Z",
      "fare_paid": 500,
      "currency": "XOF",
      "is_synthetic": true,
      "data_origin": "synthetic",
      "simulation_model": "discrete_fare",
      "validation_status": "simulated",
      "confidence": 0.35
    },
    {
      "observation_id": "OBS-0227",
      "observation_type": "fare",
      "route_id": "GBAKA-P02",
      "stop_id": "H07-S2",
      "transport_mode": "gbaka",
      "direction_id": "outbound",
      "observed_at": "2026-08-27T13:50:00Z",
      "fare_paid": 350,
      "currency": "XOF",
      "is_synthetic": true,
      "data_origin": "synthetic",
      "simulation_model": "discrete_fare",
      "validation_status": "simulated",
      "confidence": 0.35
    },
    {
      "observation_id": "OBS-0228",
      "observation_type": "fare",
      "route_id": "GBAKA-P02",
      "stop_id": "H08-S3",
      "transport_mode": "gbaka",
      "direction_id": "outbound",
      "observed_at": "2026-08-27T14:31:00Z",
      "fare_paid": 250,
      "currency": "XOF",
      "is_synthetic": true,
      "data_origin": "synthetic",
      "simulation_model": "discrete_fare",
      "validation_status": "simulated",
      "confidence": 0.35
    },
    {
      "observation_id": "OBS-0229",
      "observation_type": "travel_time",
      "route_id": "GBAKA-P02",
      "from_stop_id": "H04-S2",
      "to_stop_id": "H08-S3",
      "transport_mode": "gbaka",
      "observed_at": "2026-08-25T07:30:00Z",
      "in_vehicle_duration_min": 22.0,
      "is_synthetic": true,
      "data_origin": "synthetic",
      "simulation_model": "lognormal_travel_time",
      "validation_status": "simulated",
      "confidence": 0.35
    },
    {
      "observation_id": "OBS-0230",
      "observation_type": "travel_time",
      "route_id": "GBAKA-P02",
      "from_stop_id": "H04-S2",
      "to_stop_id": "H08-S3",
      "transport_mode": "gbaka",
      "observed_at": "2026-08-25T08:15:00Z",
      "in_vehicle_duration_min": 21.2,
      "is_synthetic": true,
      "data_origin": "synthetic",
      "simulation_model": "lognormal_travel_time",
      "validation_status": "simulated",
      "confidence": 0.35
    },
    {
      "observation_id": "OBS-0231",
      "observation_type": "travel_time",
      "route_id": "GBAKA-P02",
      "from_stop_id": "H04-S2",
      "to_stop_id": "H08-S3",
      "transport_mode": "gbaka",
      "observed_at": "2026-08-25T09:00:00Z",
      "in_vehicle_duration_min": 21.7,
      "is_synthetic": true,
      "data_origin": "synthetic",
      "simulation_model": "lognormal_travel_time",
      "validation_status": "simulated",
      "confidence": 0.35
    },
    {
      "observation_id": "OBS-0232",
      "observation_type": "travel_time",
      "route_id": "GBAKA-P02",
      "from_stop_id": "H04-S2",
      "to_stop_id": "H08-S3",
      "transport_mode": "gbaka",
      "observed_at": "2026-08-25T09:45:00Z",
      "in_vehicle_duration_min": 19.2,
      "is_synthetic": true,
      "data_origin": "synthetic",
      "simulation_model": "lognormal_travel_time",
      "validation_status": "simulated",
      "confidence": 0.35
    },
    {
      "observation_id": "OBS-0233",
      "observation_type": "travel_time",
      "route_id": "GBAKA-P02",
      "from_stop_id": "H04-S2",
      "to_stop_id": "H08-S3",
      "transport_mode": "gbaka",
      "observed_at": "2026-08-26T10:30:00Z",
      "in_vehicle_duration_min": 21.7,
      "is_synthetic": true,
      "data_origin": "synthetic",
      "simulation_model": "lognormal_travel_time",
      "validation_status": "simulated",
      "confidence": 0.35
    },
    {
      "observation_id": "OBS-0234",
      "observation_type": "travel_time",
      "route_id": "GBAKA-P02",
      "from_stop_id": "H04-S2",
      "to_stop_id": "H08-S3",
      "transport_mode": "gbaka",
      "observed_at": "2026-08-26T11:15:00Z",
      "in_vehicle_duration_min": 26.9,
      "is_synthetic": true,
      "data_origin": "synthetic",
      "simulation_model": "lognormal_travel_time",
      "validation_status": "simulated",
      "confidence": 0.35
    },
    {
      "observation_id": "OBS-0235",
      "observation_type": "travel_time",
      "route_id": "GBAKA-P02",
      "from_stop_id": "H04-S2",
      "to_stop_id": "H08-S3",
      "transport_mode": "gbaka",
      "observed_at": "2026-08-26T12:00:00Z",
      "in_vehicle_duration_min": 21.5,
      "is_synthetic": true,
      "data_origin": "synthetic",
      "simulation_model": "lognormal_travel_time",
      "validation_status": "simulated",
      "confidence": 0.35
    },
    {
      "observation_id": "OBS-0236",
      "observation_type": "travel_time",
      "route_id": "GBAKA-P02",
      "from_stop_id": "H04-S2",
      "to_stop_id": "H08-S3",
      "transport_mode": "gbaka",
      "observed_at": "2026-08-26T12:45:00Z",
      "in_vehicle_duration_min": 21.4,
      "is_synthetic": true,
      "data_origin": "synthetic",
      "simulation_model": "lognormal_travel_time",
      "validation_status": "simulated",
      "confidence": 0.35
    },
    {
      "observation_id": "OBS-0237",
      "observation_type": "travel_time",
      "route_id": "GBAKA-P02",
      "from_stop_id": "H04-S2",
      "to_stop_id": "H08-S3",
      "transport_mode": "gbaka",
      "observed_at": "2026-08-27T13:30:00Z",
      "in_vehicle_duration_min": 20.5,
      "is_synthetic": true,
      "data_origin": "synthetic",
      "simulation_model": "lognormal_travel_time",
      "validation_status": "simulated",
      "confidence": 0.35
    },
    {
      "observation_id": "OBS-0238",
      "observation_type": "travel_time",
      "route_id": "GBAKA-P02",
      "from_stop_id": "H04-S2",
      "to_stop_id": "H08-S3",
      "transport_mode": "gbaka",
      "observed_at": "2026-08-27T14:15:00Z",
      "in_vehicle_duration_min": 28.1,
      "is_synthetic": true,
      "data_origin": "synthetic",
      "simulation_model": "lognormal_travel_time",
      "validation_status": "simulated",
      "confidence": 0.35
    },
    {
      "observation_id": "OBS-0239",
      "observation_type": "frequency",
      "route_id": "GBAKA-P03",
      "stop_id": "H03-S2",
      "transport_mode": "gbaka",
      "direction_id": "outbound",
      "observed_at": "2026-08-25T06:30:00Z",
      "time_period": "morning_peak",
      "headway_minutes": 8.6,
      "is_synthetic": true,
      "data_origin": "synthetic",
      "simulation_model": "triangular_headway",
      "validation_status": "simulated",
      "confidence": 0.35
    },
    {
      "observation_id": "OBS-0240",
      "observation_type": "frequency",
      "route_id": "GBAKA-P03",
      "stop_id": "H03-S2",
      "transport_mode": "gbaka",
      "direction_id": "outbound",
      "observed_at": "2026-08-25T07:07:00Z",
      "time_period": "day",
      "headway_minutes": 12.8,
      "is_synthetic": true,
      "data_origin": "synthetic",
      "simulation_model": "triangular_headway",
      "validation_status": "simulated",
      "confidence": 0.35
    },
    {
      "observation_id": "OBS-0241",
      "observation_type": "frequency",
      "route_id": "GBAKA-P03",
      "stop_id": "H03-S2",
      "transport_mode": "gbaka",
      "direction_id": "outbound",
      "observed_at": "2026-08-25T07:44:00Z",
      "time_period": "evening_peak",
      "headway_minutes": 14.7,
      "is_synthetic": true,
      "data_origin": "synthetic",
      "simulation_model": "triangular_headway",
      "validation_status": "simulated",
      "confidence": 0.35
    },
    {
      "observation_id": "OBS-0242",
      "observation_type": "frequency",
      "route_id": "GBAKA-P03",
      "stop_id": "H03-S2",
      "transport_mode": "gbaka",
      "direction_id": "outbound",
      "observed_at": "2026-08-25T08:21:00Z",
      "time_period": "morning_peak",
      "headway_minutes": 16.9,
      "is_synthetic": true,
      "data_origin": "synthetic",
      "simulation_model": "triangular_headway",
      "validation_status": "simulated",
      "confidence": 0.35
    },
    {
      "observation_id": "OBS-0243",
      "observation_type": "frequency",
      "route_id": "GBAKA-P03",
      "stop_id": "H03-S2",
      "transport_mode": "gbaka",
      "direction_id": "outbound",
      "observed_at": "2026-08-26T08:58:00Z",
      "time_period": "day",
      "headway_minutes": 16.4,
      "is_synthetic": true,
      "data_origin": "synthetic",
      "simulation_model": "triangular_headway",
      "validation_status": "simulated",
      "confidence": 0.35
    },
    {
      "observation_id": "OBS-0244",
      "observation_type": "frequency",
      "route_id": "GBAKA-P03",
      "stop_id": "H03-S2",
      "transport_mode": "gbaka",
      "direction_id": "outbound",
      "observed_at": "2026-08-26T09:35:00Z",
      "time_period": "evening_peak",
      "headway_minutes": 18.9,
      "is_synthetic": true,
      "data_origin": "synthetic",
      "simulation_model": "triangular_headway",
      "validation_status": "simulated",
      "confidence": 0.35
    },
    {
      "observation_id": "OBS-0245",
      "observation_type": "frequency",
      "route_id": "GBAKA-P03",
      "stop_id": "H03-S2",
      "transport_mode": "gbaka",
      "direction_id": "outbound",
      "observed_at": "2026-08-26T10:12:00Z",
      "time_period": "morning_peak",
      "headway_minutes": 11.0,
      "is_synthetic": true,
      "data_origin": "synthetic",
      "simulation_model": "triangular_headway",
      "validation_status": "simulated",
      "confidence": 0.35
    },
    {
      "observation_id": "OBS-0246",
      "observation_type": "frequency",
      "route_id": "GBAKA-P03",
      "stop_id": "H03-S2",
      "transport_mode": "gbaka",
      "direction_id": "outbound",
      "observed_at": "2026-08-26T10:49:00Z",
      "time_period": "day",
      "headway_minutes": 13.6,
      "is_synthetic": true,
      "data_origin": "synthetic",
      "simulation_model": "triangular_headway",
      "validation_status": "simulated",
      "confidence": 0.35
    },
    {
      "observation_id": "OBS-0247",
      "observation_type": "frequency",
      "route_id": "GBAKA-P03",
      "stop_id": "H03-S2",
      "transport_mode": "gbaka",
      "direction_id": "outbound",
      "observed_at": "2026-08-27T11:26:00Z",
      "time_period": "evening_peak",
      "headway_minutes": 9.8,
      "is_synthetic": true,
      "data_origin": "synthetic",
      "simulation_model": "triangular_headway",
      "validation_status": "simulated",
      "confidence": 0.35
    },
    {
      "observation_id": "OBS-0248",
      "observation_type": "frequency",
      "route_id": "GBAKA-P03",
      "stop_id": "H03-S2",
      "transport_mode": "gbaka",
      "direction_id": "outbound",
      "observed_at": "2026-08-27T12:03:00Z",
      "time_period": "morning_peak",
      "headway_minutes": 8.0,
      "is_synthetic": true,
      "data_origin": "synthetic",
      "simulation_model": "triangular_headway",
      "validation_status": "simulated",
      "confidence": 0.35
    },
    {
      "observation_id": "OBS-0249",
      "observation_type": "frequency",
      "route_id": "GBAKA-P03",
      "stop_id": "H03-S2",
      "transport_mode": "gbaka",
      "direction_id": "outbound",
      "observed_at": "2026-08-27T12:40:00Z",
      "time_period": "day",
      "headway_minutes": 15.7,
      "is_synthetic": true,
      "data_origin": "synthetic",
      "simulation_model": "triangular_headway",
      "validation_status": "simulated",
      "confidence": 0.35
    },
    {
      "observation_id": "OBS-0250",
      "observation_type": "frequency",
      "route_id": "GBAKA-P03",
      "stop_id": "H03-S2",
      "transport_mode": "gbaka",
      "direction_id": "outbound",
      "observed_at": "2026-08-27T13:17:00Z",
      "time_period": "evening_peak",
      "headway_minutes": 14.8,
      "is_synthetic": true,
      "data_origin": "synthetic",
      "simulation_model": "triangular_headway",
      "validation_status": "simulated",
      "confidence": 0.35
    },
    {
      "observation_id": "OBS-0251",
      "observation_type": "fare",
      "route_id": "GBAKA-P03",
      "stop_id": "H03-S2",
      "transport_mode": "gbaka",
      "direction_id": "outbound",
      "observed_at": "2026-08-25T07:00:00Z",
      "fare_paid": 500,
      "currency": "XOF",
      "is_synthetic": true,
      "data_origin": "synthetic",
      "simulation_model": "discrete_fare",
      "validation_status": "simulated",
      "confidence": 0.35
    },
    {
      "observation_id": "OBS-0252",
      "observation_type": "fare",
      "route_id": "GBAKA-P03",
      "stop_id": "H04-S3",
      "transport_mode": "gbaka",
      "direction_id": "outbound",
      "observed_at": "2026-08-25T07:41:00Z",
      "fare_paid": 600,
      "currency": "XOF",
      "is_synthetic": true,
      "data_origin": "synthetic",
      "simulation_model": "discrete_fare",
      "validation_status": "simulated",
      "confidence": 0.35
    },
    {
      "observation_id": "OBS-0253",
      "observation_type": "fare",
      "route_id": "GBAKA-P03",
      "stop_id": "H07-S2",
      "transport_mode": "gbaka",
      "direction_id": "outbound",
      "observed_at": "2026-08-25T08:22:00Z",
      "fare_paid": 450,
      "currency": "XOF",
      "is_synthetic": true,
      "data_origin": "synthetic",
      "simulation_model": "discrete_fare",
      "validation_status": "simulated",
      "confidence": 0.35
    },
    {
      "observation_id": "OBS-0254",
      "observation_type": "fare",
      "route_id": "GBAKA-P03",
      "stop_id": "H09-S3",
      "transport_mode": "gbaka",
      "direction_id": "outbound",
      "observed_at": "2026-08-25T09:03:00Z",
      "fare_paid": 450,
      "currency": "XOF",
      "is_synthetic": true,
      "data_origin": "synthetic",
      "simulation_model": "discrete_fare",
      "validation_status": "simulated",
      "confidence": 0.35
    },
    {
      "observation_id": "OBS-0255",
      "observation_type": "fare",
      "route_id": "GBAKA-P03",
      "stop_id": "H03-S2",
      "transport_mode": "gbaka",
      "direction_id": "outbound",
      "observed_at": "2026-08-26T09:44:00Z",
      "fare_paid": 650,
      "currency": "XOF",
      "is_synthetic": true,
      "data_origin": "synthetic",
      "simulation_model": "discrete_fare",
      "validation_status": "simulated",
      "confidence": 0.35
    },
    {
      "observation_id": "OBS-0256",
      "observation_type": "fare",
      "route_id": "GBAKA-P03",
      "stop_id": "H04-S3",
      "transport_mode": "gbaka",
      "direction_id": "outbound",
      "observed_at": "2026-08-26T10:25:00Z",
      "fare_paid": 400,
      "currency": "XOF",
      "is_synthetic": true,
      "data_origin": "synthetic",
      "simulation_model": "discrete_fare",
      "validation_status": "simulated",
      "confidence": 0.35
    },
    {
      "observation_id": "OBS-0257",
      "observation_type": "fare",
      "route_id": "GBAKA-P03",
      "stop_id": "H07-S2",
      "transport_mode": "gbaka",
      "direction_id": "outbound",
      "observed_at": "2026-08-26T11:06:00Z",
      "fare_paid": 400,
      "currency": "XOF",
      "is_synthetic": true,
      "data_origin": "synthetic",
      "simulation_model": "discrete_fare",
      "validation_status": "simulated",
      "confidence": 0.35
    },
    {
      "observation_id": "OBS-0258",
      "observation_type": "fare",
      "route_id": "GBAKA-P03",
      "stop_id": "H09-S3",
      "transport_mode": "gbaka",
      "direction_id": "outbound",
      "observed_at": "2026-08-26T11:47:00Z",
      "fare_paid": 450,
      "currency": "XOF",
      "is_synthetic": true,
      "data_origin": "synthetic",
      "simulation_model": "discrete_fare",
      "validation_status": "simulated",
      "confidence": 0.35
    },
    {
      "observation_id": "OBS-0259",
      "observation_type": "fare",
      "route_id": "GBAKA-P03",
      "stop_id": "H03-S2",
      "transport_mode": "gbaka",
      "direction_id": "outbound",
      "observed_at": "2026-08-27T12:28:00Z",
      "fare_paid": 450,
      "currency": "XOF",
      "is_synthetic": true,
      "data_origin": "synthetic",
      "simulation_model": "discrete_fare",
      "validation_status": "simulated",
      "confidence": 0.35
    },
    {
      "observation_id": "OBS-0260",
      "observation_type": "fare",
      "route_id": "GBAKA-P03",
      "stop_id": "H04-S3",
      "transport_mode": "gbaka",
      "direction_id": "outbound",
      "observed_at": "2026-08-27T13:09:00Z",
      "fare_paid": 500,
      "currency": "XOF",
      "is_synthetic": true,
      "data_origin": "synthetic",
      "simulation_model": "discrete_fare",
      "validation_status": "simulated",
      "confidence": 0.35
    },
    {
      "observation_id": "OBS-0261",
      "observation_type": "fare",
      "route_id": "GBAKA-P03",
      "stop_id": "H07-S2",
      "transport_mode": "gbaka",
      "direction_id": "outbound",
      "observed_at": "2026-08-27T13:50:00Z",
      "fare_paid": 500,
      "currency": "XOF",
      "is_synthetic": true,
      "data_origin": "synthetic",
      "simulation_model": "discrete_fare",
      "validation_status": "simulated",
      "confidence": 0.35
    },
    {
      "observation_id": "OBS-0262",
      "observation_type": "fare",
      "route_id": "GBAKA-P03",
      "stop_id": "H09-S3",
      "transport_mode": "gbaka",
      "direction_id": "outbound",
      "observed_at": "2026-08-27T14:31:00Z",
      "fare_paid": 500,
      "currency": "XOF",
      "is_synthetic": true,
      "data_origin": "synthetic",
      "simulation_model": "discrete_fare",
      "validation_status": "simulated",
      "confidence": 0.35
    },
    {
      "observation_id": "OBS-0263",
      "observation_type": "travel_time",
      "route_id": "GBAKA-P03",
      "from_stop_id": "H03-S2",
      "to_stop_id": "H09-S3",
      "transport_mode": "gbaka",
      "observed_at": "2026-08-25T07:30:00Z",
      "in_vehicle_duration_min": 29.9,
      "is_synthetic": true,
      "data_origin": "synthetic",
      "simulation_model": "lognormal_travel_time",
      "validation_status": "simulated",
      "confidence": 0.35
    },
    {
      "observation_id": "OBS-0264",
      "observation_type": "travel_time",
      "route_id": "GBAKA-P03",
      "from_stop_id": "H03-S2",
      "to_stop_id": "H09-S3",
      "transport_mode": "gbaka",
      "observed_at": "2026-08-25T08:15:00Z",
      "in_vehicle_duration_min": 35.5,
      "is_synthetic": true,
      "data_origin": "synthetic",
      "simulation_model": "lognormal_travel_time",
      "validation_status": "simulated",
      "confidence": 0.35
    },
    {
      "observation_id": "OBS-0265",
      "observation_type": "travel_time",
      "route_id": "GBAKA-P03",
      "from_stop_id": "H03-S2",
      "to_stop_id": "H09-S3",
      "transport_mode": "gbaka",
      "observed_at": "2026-08-25T09:00:00Z",
      "in_vehicle_duration_min": 37.0,
      "is_synthetic": true,
      "data_origin": "synthetic",
      "simulation_model": "lognormal_travel_time",
      "validation_status": "simulated",
      "confidence": 0.35
    },
    {
      "observation_id": "OBS-0266",
      "observation_type": "travel_time",
      "route_id": "GBAKA-P03",
      "from_stop_id": "H03-S2",
      "to_stop_id": "H09-S3",
      "transport_mode": "gbaka",
      "observed_at": "2026-08-25T09:45:00Z",
      "in_vehicle_duration_min": 31.6,
      "is_synthetic": true,
      "data_origin": "synthetic",
      "simulation_model": "lognormal_travel_time",
      "validation_status": "simulated",
      "confidence": 0.35
    },
    {
      "observation_id": "OBS-0267",
      "observation_type": "travel_time",
      "route_id": "GBAKA-P03",
      "from_stop_id": "H03-S2",
      "to_stop_id": "H09-S3",
      "transport_mode": "gbaka",
      "observed_at": "2026-08-26T10:30:00Z",
      "in_vehicle_duration_min": 28.7,
      "is_synthetic": true,
      "data_origin": "synthetic",
      "simulation_model": "lognormal_travel_time",
      "validation_status": "simulated",
      "confidence": 0.35
    },
    {
      "observation_id": "OBS-0268",
      "observation_type": "travel_time",
      "route_id": "GBAKA-P03",
      "from_stop_id": "H03-S2",
      "to_stop_id": "H09-S3",
      "transport_mode": "gbaka",
      "observed_at": "2026-08-26T11:15:00Z",
      "in_vehicle_duration_min": 27.3,
      "is_synthetic": true,
      "data_origin": "synthetic",
      "simulation_model": "lognormal_travel_time",
      "validation_status": "simulated",
      "confidence": 0.35
    },
    {
      "observation_id": "OBS-0269",
      "observation_type": "travel_time",
      "route_id": "GBAKA-P03",
      "from_stop_id": "H03-S2",
      "to_stop_id": "H09-S3",
      "transport_mode": "gbaka",
      "observed_at": "2026-08-26T12:00:00Z",
      "in_vehicle_duration_min": 35.7,
      "is_synthetic": true,
      "data_origin": "synthetic",
      "simulation_model": "lognormal_travel_time",
      "validation_status": "simulated",
      "confidence": 0.35
    },
    {
      "observation_id": "OBS-0270",
      "observation_type": "travel_time",
      "route_id": "GBAKA-P03",
      "from_stop_id": "H03-S2",
      "to_stop_id": "H09-S3",
      "transport_mode": "gbaka",
      "observed_at": "2026-08-26T12:45:00Z",
      "in_vehicle_duration_min": 29.8,
      "is_synthetic": true,
      "data_origin": "synthetic",
      "simulation_model": "lognormal_travel_time",
      "validation_status": "simulated",
      "confidence": 0.35
    },
    {
      "observation_id": "OBS-0271",
      "observation_type": "travel_time",
      "route_id": "GBAKA-P03",
      "from_stop_id": "H03-S2",
      "to_stop_id": "H09-S3",
      "transport_mode": "gbaka",
      "observed_at": "2026-08-27T13:30:00Z",
      "in_vehicle_duration_min": 37.5,
      "is_synthetic": true,
      "data_origin": "synthetic",
      "simulation_model": "lognormal_travel_time",
      "validation_status": "simulated",
      "confidence": 0.35
    },
    {
      "observation_id": "OBS-0272",
      "observation_type": "travel_time",
      "route_id": "GBAKA-P03",
      "from_stop_id": "H03-S2",
      "to_stop_id": "H09-S3",
      "transport_mode": "gbaka",
      "observed_at": "2026-08-27T14:15:00Z",
      "in_vehicle_duration_min": 32.1,
      "is_synthetic": true,
      "data_origin": "synthetic",
      "simulation_model": "lognormal_travel_time",
      "validation_status": "simulated",
      "confidence": 0.35
    },
    {
      "observation_id": "OBS-0273",
      "observation_type": "frequency",
      "route_id": "GBAKA-P04",
      "stop_id": "H05-S2",
      "transport_mode": "gbaka",
      "direction_id": "outbound",
      "observed_at": "2026-08-25T06:30:00Z",
      "time_period": "morning_peak",
      "headway_minutes": 8.8,
      "is_synthetic": true,
      "data_origin": "synthetic",
      "simulation_model": "triangular_headway",
      "validation_status": "simulated",
      "confidence": 0.35
    },
    {
      "observation_id": "OBS-0274",
      "observation_type": "frequency",
      "route_id": "GBAKA-P04",
      "stop_id": "H05-S2",
      "transport_mode": "gbaka",
      "direction_id": "outbound",
      "observed_at": "2026-08-25T07:07:00Z",
      "time_period": "day",
      "headway_minutes": 12.1,
      "is_synthetic": true,
      "data_origin": "synthetic",
      "simulation_model": "triangular_headway",
      "validation_status": "simulated",
      "confidence": 0.35
    },
    {
      "observation_id": "OBS-0275",
      "observation_type": "frequency",
      "route_id": "GBAKA-P04",
      "stop_id": "H05-S2",
      "transport_mode": "gbaka",
      "direction_id": "outbound",
      "observed_at": "2026-08-25T07:44:00Z",
      "time_period": "evening_peak",
      "headway_minutes": 13.0,
      "is_synthetic": true,
      "data_origin": "synthetic",
      "simulation_model": "triangular_headway",
      "validation_status": "simulated",
      "confidence": 0.35
    },
    {
      "observation_id": "OBS-0276",
      "observation_type": "frequency",
      "route_id": "GBAKA-P04",
      "stop_id": "H05-S2",
      "transport_mode": "gbaka",
      "direction_id": "outbound",
      "observed_at": "2026-08-25T08:21:00Z",
      "time_period": "morning_peak",
      "headway_minutes": 7.3,
      "is_synthetic": true,
      "data_origin": "synthetic",
      "simulation_model": "triangular_headway",
      "validation_status": "simulated",
      "confidence": 0.35
    },
    {
      "observation_id": "OBS-0277",
      "observation_type": "frequency",
      "route_id": "GBAKA-P04",
      "stop_id": "H05-S2",
      "transport_mode": "gbaka",
      "direction_id": "outbound",
      "observed_at": "2026-08-26T08:58:00Z",
      "time_period": "day",
      "headway_minutes": 15.0,
      "is_synthetic": true,
      "data_origin": "synthetic",
      "simulation_model": "triangular_headway",
      "validation_status": "simulated",
      "confidence": 0.35
    },
    {
      "observation_id": "OBS-0278",
      "observation_type": "frequency",
      "route_id": "GBAKA-P04",
      "stop_id": "H05-S2",
      "transport_mode": "gbaka",
      "direction_id": "outbound",
      "observed_at": "2026-08-26T09:35:00Z",
      "time_period": "evening_peak",
      "headway_minutes": 6.9,
      "is_synthetic": true,
      "data_origin": "synthetic",
      "simulation_model": "triangular_headway",
      "validation_status": "simulated",
      "confidence": 0.35
    },
    {
      "observation_id": "OBS-0279",
      "observation_type": "frequency",
      "route_id": "GBAKA-P04",
      "stop_id": "H05-S2",
      "transport_mode": "gbaka",
      "direction_id": "outbound",
      "observed_at": "2026-08-26T10:12:00Z",
      "time_period": "morning_peak",
      "headway_minutes": 6.2,
      "is_synthetic": true,
      "data_origin": "synthetic",
      "simulation_model": "triangular_headway",
      "validation_status": "simulated",
      "confidence": 0.35
    },
    {
      "observation_id": "OBS-0280",
      "observation_type": "frequency",
      "route_id": "GBAKA-P04",
      "stop_id": "H05-S2",
      "transport_mode": "gbaka",
      "direction_id": "outbound",
      "observed_at": "2026-08-26T10:49:00Z",
      "time_period": "day",
      "headway_minutes": 10.1,
      "is_synthetic": true,
      "data_origin": "synthetic",
      "simulation_model": "triangular_headway",
      "validation_status": "simulated",
      "confidence": 0.35
    },
    {
      "observation_id": "OBS-0281",
      "observation_type": "frequency",
      "route_id": "GBAKA-P04",
      "stop_id": "H05-S2",
      "transport_mode": "gbaka",
      "direction_id": "outbound",
      "observed_at": "2026-08-27T11:26:00Z",
      "time_period": "evening_peak",
      "headway_minutes": 9.2,
      "is_synthetic": true,
      "data_origin": "synthetic",
      "simulation_model": "triangular_headway",
      "validation_status": "simulated",
      "confidence": 0.35
    },
    {
      "observation_id": "OBS-0282",
      "observation_type": "frequency",
      "route_id": "GBAKA-P04",
      "stop_id": "H05-S2",
      "transport_mode": "gbaka",
      "direction_id": "outbound",
      "observed_at": "2026-08-27T12:03:00Z",
      "time_period": "morning_peak",
      "headway_minutes": 7.1,
      "is_synthetic": true,
      "data_origin": "synthetic",
      "simulation_model": "triangular_headway",
      "validation_status": "simulated",
      "confidence": 0.35
    },
    {
      "observation_id": "OBS-0283",
      "observation_type": "frequency",
      "route_id": "GBAKA-P04",
      "stop_id": "H05-S2",
      "transport_mode": "gbaka",
      "direction_id": "outbound",
      "observed_at": "2026-08-27T12:40:00Z",
      "time_period": "day",
      "headway_minutes": 11.4,
      "is_synthetic": true,
      "data_origin": "synthetic",
      "simulation_model": "triangular_headway",
      "validation_status": "simulated",
      "confidence": 0.35
    },
    {
      "observation_id": "OBS-0284",
      "observation_type": "frequency",
      "route_id": "GBAKA-P04",
      "stop_id": "H05-S2",
      "transport_mode": "gbaka",
      "direction_id": "outbound",
      "observed_at": "2026-08-27T13:17:00Z",
      "time_period": "evening_peak",
      "headway_minutes": 8.4,
      "is_synthetic": true,
      "data_origin": "synthetic",
      "simulation_model": "triangular_headway",
      "validation_status": "simulated",
      "confidence": 0.35
    },
    {
      "observation_id": "OBS-0285",
      "observation_type": "fare",
      "route_id": "GBAKA-P04",
      "stop_id": "H05-S2",
      "transport_mode": "gbaka",
      "direction_id": "outbound",
      "observed_at": "2026-08-25T07:00:00Z",
      "fare_paid": 300,
      "currency": "XOF",
      "is_synthetic": true,
      "data_origin": "synthetic",
      "simulation_model": "discrete_fare",
      "validation_status": "simulated",
      "confidence": 0.35
    },
    {
      "observation_id": "OBS-0286",
      "observation_type": "fare",
      "route_id": "GBAKA-P04",
      "stop_id": "H07-S3",
      "transport_mode": "gbaka",
      "direction_id": "outbound",
      "observed_at": "2026-08-25T07:41:00Z",
      "fare_paid": 450,
      "currency": "XOF",
      "is_synthetic": true,
      "data_origin": "synthetic",
      "simulation_model": "discrete_fare",
      "validation_status": "simulated",
      "confidence": 0.35
    },
    {
      "observation_id": "OBS-0287",
      "observation_type": "fare",
      "route_id": "GBAKA-P04",
      "stop_id": "H08-S2",
      "transport_mode": "gbaka",
      "direction_id": "outbound",
      "observed_at": "2026-08-25T08:22:00Z",
      "fare_paid": 250,
      "currency": "XOF",
      "is_synthetic": true,
      "data_origin": "synthetic",
      "simulation_model": "discrete_fare",
      "validation_status": "simulated",
      "confidence": 0.35
    },
    {
      "observation_id": "OBS-0288",
      "observation_type": "fare",
      "route_id": "GBAKA-P04",
      "stop_id": "H09-S3",
      "transport_mode": "gbaka",
      "direction_id": "outbound",
      "observed_at": "2026-08-25T09:03:00Z",
      "fare_paid": 350,
      "currency": "XOF",
      "is_synthetic": true,
      "data_origin": "synthetic",
      "simulation_model": "discrete_fare",
      "validation_status": "simulated",
      "confidence": 0.35
    },
    {
      "observation_id": "OBS-0289",
      "observation_type": "fare",
      "route_id": "GBAKA-P04",
      "stop_id": "H05-S2",
      "transport_mode": "gbaka",
      "direction_id": "outbound",
      "observed_at": "2026-08-26T09:44:00Z",
      "fare_paid": 350,
      "currency": "XOF",
      "is_synthetic": true,
      "data_origin": "synthetic",
      "simulation_model": "discrete_fare",
      "validation_status": "simulated",
      "confidence": 0.35
    },
    {
      "observation_id": "OBS-0290",
      "observation_type": "fare",
      "route_id": "GBAKA-P04",
      "stop_id": "H07-S3",
      "transport_mode": "gbaka",
      "direction_id": "outbound",
      "observed_at": "2026-08-26T10:25:00Z",
      "fare_paid": 250,
      "currency": "XOF",
      "is_synthetic": true,
      "data_origin": "synthetic",
      "simulation_model": "discrete_fare",
      "validation_status": "simulated",
      "confidence": 0.35
    },
    {
      "observation_id": "OBS-0291",
      "observation_type": "fare",
      "route_id": "GBAKA-P04",
      "stop_id": "H08-S2",
      "transport_mode": "gbaka",
      "direction_id": "outbound",
      "observed_at": "2026-08-26T11:06:00Z",
      "fare_paid": 350,
      "currency": "XOF",
      "is_synthetic": true,
      "data_origin": "synthetic",
      "simulation_model": "discrete_fare",
      "validation_status": "simulated",
      "confidence": 0.35
    },
    {
      "observation_id": "OBS-0292",
      "observation_type": "fare",
      "route_id": "GBAKA-P04",
      "stop_id": "H09-S3",
      "transport_mode": "gbaka",
      "direction_id": "outbound",
      "observed_at": "2026-08-26T11:47:00Z",
      "fare_paid": 350,
      "currency": "XOF",
      "is_synthetic": true,
      "data_origin": "synthetic",
      "simulation_model": "discrete_fare",
      "validation_status": "simulated",
      "confidence": 0.35
    },
    {
      "observation_id": "OBS-0293",
      "observation_type": "fare",
      "route_id": "GBAKA-P04",
      "stop_id": "H05-S2",
      "transport_mode": "gbaka",
      "direction_id": "outbound",
      "observed_at": "2026-08-27T12:28:00Z",
      "fare_paid": 250,
      "currency": "XOF",
      "is_synthetic": true,
      "data_origin": "synthetic",
      "simulation_model": "discrete_fare",
      "validation_status": "simulated",
      "confidence": 0.35
    },
    {
      "observation_id": "OBS-0294",
      "observation_type": "fare",
      "route_id": "GBAKA-P04",
      "stop_id": "H07-S3",
      "transport_mode": "gbaka",
      "direction_id": "outbound",
      "observed_at": "2026-08-27T13:09:00Z",
      "fare_paid": 450,
      "currency": "XOF",
      "is_synthetic": true,
      "data_origin": "synthetic",
      "simulation_model": "discrete_fare",
      "validation_status": "simulated",
      "confidence": 0.35
    },
    {
      "observation_id": "OBS-0295",
      "observation_type": "fare",
      "route_id": "GBAKA-P04",
      "stop_id": "H08-S2",
      "transport_mode": "gbaka",
      "direction_id": "outbound",
      "observed_at": "2026-08-27T13:50:00Z",
      "fare_paid": 200,
      "currency": "XOF",
      "is_synthetic": true,
      "data_origin": "synthetic",
      "simulation_model": "discrete_fare",
      "validation_status": "simulated",
      "confidence": 0.35
    },
    {
      "observation_id": "OBS-0296",
      "observation_type": "fare",
      "route_id": "GBAKA-P04",
      "stop_id": "H09-S3",
      "transport_mode": "gbaka",
      "direction_id": "outbound",
      "observed_at": "2026-08-27T14:31:00Z",
      "fare_paid": 300,
      "currency": "XOF",
      "is_synthetic": true,
      "data_origin": "synthetic",
      "simulation_model": "discrete_fare",
      "validation_status": "simulated",
      "confidence": 0.35
    },
    {
      "observation_id": "OBS-0297",
      "observation_type": "travel_time",
      "route_id": "GBAKA-P04",
      "from_stop_id": "H05-S2",
      "to_stop_id": "H09-S3",
      "transport_mode": "gbaka",
      "observed_at": "2026-08-25T07:30:00Z",
      "in_vehicle_duration_min": 22.0,
      "is_synthetic": true,
      "data_origin": "synthetic",
      "simulation_model": "lognormal_travel_time",
      "validation_status": "simulated",
      "confidence": 0.35
    },
    {
      "observation_id": "OBS-0298",
      "observation_type": "travel_time",
      "route_id": "GBAKA-P04",
      "from_stop_id": "H05-S2",
      "to_stop_id": "H09-S3",
      "transport_mode": "gbaka",
      "observed_at": "2026-08-25T08:15:00Z",
      "in_vehicle_duration_min": 32.4,
      "is_synthetic": true,
      "data_origin": "synthetic",
      "simulation_model": "lognormal_travel_time",
      "validation_status": "simulated",
      "confidence": 0.35
    },
    {
      "observation_id": "OBS-0299",
      "observation_type": "travel_time",
      "route_id": "GBAKA-P04",
      "from_stop_id": "H05-S2",
      "to_stop_id": "H09-S3",
      "transport_mode": "gbaka",
      "observed_at": "2026-08-25T09:00:00Z",
      "in_vehicle_duration_min": 20.6,
      "is_synthetic": true,
      "data_origin": "synthetic",
      "simulation_model": "lognormal_travel_time",
      "validation_status": "simulated",
      "confidence": 0.35
    },
    {
      "observation_id": "OBS-0300",
      "observation_type": "travel_time",
      "route_id": "GBAKA-P04",
      "from_stop_id": "H05-S2",
      "to_stop_id": "H09-S3",
      "transport_mode": "gbaka",
      "observed_at": "2026-08-25T09:45:00Z",
      "in_vehicle_duration_min": 25.1,
      "is_synthetic": true,
      "data_origin": "synthetic",
      "simulation_model": "lognormal_travel_time",
      "validation_status": "simulated",
      "confidence": 0.35
    },
    {
      "observation_id": "OBS-0301",
      "observation_type": "travel_time",
      "route_id": "GBAKA-P04",
      "from_stop_id": "H05-S2",
      "to_stop_id": "H09-S3",
      "transport_mode": "gbaka",
      "observed_at": "2026-08-26T10:30:00Z",
      "in_vehicle_duration_min": 27.5,
      "is_synthetic": true,
      "data_origin": "synthetic",
      "simulation_model": "lognormal_travel_time",
      "validation_status": "simulated",
      "confidence": 0.35
    },
    {
      "observation_id": "OBS-0302",
      "observation_type": "travel_time",
      "route_id": "GBAKA-P04",
      "from_stop_id": "H05-S2",
      "to_stop_id": "H09-S3",
      "transport_mode": "gbaka",
      "observed_at": "2026-08-26T11:15:00Z",
      "in_vehicle_duration_min": 23.6,
      "is_synthetic": true,
      "data_origin": "synthetic",
      "simulation_model": "lognormal_travel_time",
      "validation_status": "simulated",
      "confidence": 0.35
    },
    {
      "observation_id": "OBS-0303",
      "observation_type": "travel_time",
      "route_id": "GBAKA-P04",
      "from_stop_id": "H05-S2",
      "to_stop_id": "H09-S3",
      "transport_mode": "gbaka",
      "observed_at": "2026-08-26T12:00:00Z",
      "in_vehicle_duration_min": 26.8,
      "is_synthetic": true,
      "data_origin": "synthetic",
      "simulation_model": "lognormal_travel_time",
      "validation_status": "simulated",
      "confidence": 0.35
    },
    {
      "observation_id": "OBS-0304",
      "observation_type": "travel_time",
      "route_id": "GBAKA-P04",
      "from_stop_id": "H05-S2",
      "to_stop_id": "H09-S3",
      "transport_mode": "gbaka",
      "observed_at": "2026-08-26T12:45:00Z",
      "in_vehicle_duration_min": 26.7,
      "is_synthetic": true,
      "data_origin": "synthetic",
      "simulation_model": "lognormal_travel_time",
      "validation_status": "simulated",
      "confidence": 0.35
    },
    {
      "observation_id": "OBS-0305",
      "observation_type": "travel_time",
      "route_id": "GBAKA-P04",
      "from_stop_id": "H05-S2",
      "to_stop_id": "H09-S3",
      "transport_mode": "gbaka",
      "observed_at": "2026-08-27T13:30:00Z",
      "in_vehicle_duration_min": 26.5,
      "is_synthetic": true,
      "data_origin": "synthetic",
      "simulation_model": "lognormal_travel_time",
      "validation_status": "simulated",
      "confidence": 0.35
    },
    {
      "observation_id": "OBS-0306",
      "observation_type": "travel_time",
      "route_id": "GBAKA-P04",
      "from_stop_id": "H05-S2",
      "to_stop_id": "H09-S3",
      "transport_mode": "gbaka",
      "observed_at": "2026-08-27T14:15:00Z",
      "in_vehicle_duration_min": 26.5,
      "is_synthetic": true,
      "data_origin": "synthetic",
      "simulation_model": "lognormal_travel_time",
      "validation_status": "simulated",
      "confidence": 0.35
    }
  ],
  "test_scenarios": [
    {
      "scenario_id": "SCN-001",
      "category": "walk_bus_walk",
      "name": "Walk Bus Walk",
      "origin": {
        "name": "Origine synthétique",
        "coordinates": [
          -4.016029,
          5.315598
        ]
      },
      "destination": {
        "name": "Destination synthétique",
        "coordinates": [
          -3.941577,
          5.367822
        ]
      },
      "departure": {
        "local_date": "2026-08-25",
        "local_time": "17:30",
        "timezone": "Africa/Abidjan"
      },
      "constraints": {
        "maximum_budget_xof": 600,
        "maximum_walking_distance_m": 1500,
        "maximum_transfers": 2,
        "allowed_modes": [
          "walk",
          "bus",
          "gbaka"
        ]
      },
      "reference_journey": {
        "solution_expected": true,
        "ground_truth_type": "simulated_reference",
        "expected_mode_sequence": [
          "walk",
          "bus",
          "walk"
        ],
        "legs": [
          {
            "sequence": 1,
            "mode": "walk",
            "from_reference": "origin",
            "to_reference": "H00-S0",
            "route_id": null,
            "distance_m": 378,
            "waiting_duration_min": 0,
            "movement_duration_min": 5.0,
            "cost_xof": 0,
            "is_synthetic": true
          },
          {
            "sequence": 2,
            "mode": "bus",
            "from_stop_id": "H00-S0",
            "to_stop_id": "H09-S1",
            "route_id": "BUS-P05",
            "distance_m": 11984,
            "waiting_duration_min": 9.0,
            "movement_duration_min": 42.9,
            "cost_xof": 400,
            "is_synthetic": true
          },
          {
            "sequence": 3,
            "mode": "walk",
            "from_reference": "H09-S1",
            "to_reference": "destination",
            "route_id": null,
            "distance_m": 337,
            "waiting_duration_min": 0,
            "movement_duration_min": 4.5,
            "cost_xof": 0,
            "is_synthetic": true
          }
        ],
        "expected_totals": {
          "walking_distance_m": 715,
          "walking_duration_min": 9.5,
          "waiting_duration_min": 9.0,
          "in_vehicle_duration_min": 42.9,
          "total_duration_min": 61.4,
          "total_cost_xof": 400,
          "boarding_count": 1,
          "transfer_count": 0,
          "confidence": 0.35
        }
      },
      "engine_validation": {
        "maximum_duration_error_min": 10,
        "maximum_cost_error_xof": 100,
        "mode_sequence_must_match": true,
        "budget_must_be_respected": true,
        "result": "not_tested"
      },
      "is_synthetic": true,
      "data_origin": "synthetic",
      "simulation_model": "SIRA-SIM-v1",
      "random_seed": 20260825,
      "validation_status": "simulated",
      "confidence": 0.35
    },
    {
      "scenario_id": "SCN-002",
      "category": "walk_bus_walk",
      "name": "Walk Bus Walk",
      "origin": {
        "name": "Origine synthétique",
        "coordinates": [
          -3.992357,
          5.347275
        ]
      },
      "destination": {
        "name": "Destination synthétique",
        "coordinates": [
          -3.972841,
          5.355267
        ]
      },
      "departure": {
        "local_date": "2026-08-25",
        "local_time": "08:00",
        "timezone": "Africa/Abidjan"
      },
      "constraints": {
        "maximum_budget_xof": 350,
        "maximum_walking_distance_m": 1500,
        "maximum_transfers": 2,
        "allowed_modes": [
          "walk",
          "bus",
          "gbaka"
        ]
      },
      "reference_journey": {
        "solution_expected": true,
        "ground_truth_type": "simulated_reference",
        "expected_mode_sequence": [
          "walk",
          "bus",
          "walk"
        ],
        "legs": [
          {
            "sequence": 1,
            "mode": "walk",
            "from_reference": "origin",
            "to_reference": "H04-S0",
            "route_id": null,
            "distance_m": 321,
            "waiting_duration_min": 0,
            "movement_duration_min": 4.3,
            "cost_xof": 0,
            "is_synthetic": true
          },
          {
            "sequence": 2,
            "mode": "bus",
            "from_stop_id": "H04-S0",
            "to_stop_id": "H07-S0",
            "route_id": "BUS-P03",
            "distance_m": 5176,
            "waiting_duration_min": 5.0,
            "movement_duration_min": 18.0,
            "cost_xof": 250,
            "is_synthetic": true
          },
          {
            "sequence": 3,
            "mode": "walk",
            "from_reference": "H07-S0",
            "to_reference": "destination",
            "route_id": null,
            "distance_m": 380,
            "waiting_duration_min": 0,
            "movement_duration_min": 5.1,
            "cost_xof": 0,
            "is_synthetic": true
          }
        ],
        "expected_totals": {
          "walking_distance_m": 701,
          "walking_duration_min": 9.4,
          "waiting_duration_min": 5.0,
          "in_vehicle_duration_min": 18.0,
          "total_duration_min": 32.4,
          "total_cost_xof": 250,
          "boarding_count": 1,
          "transfer_count": 0,
          "confidence": 0.35
        }
      },
      "engine_validation": {
        "maximum_duration_error_min": 10,
        "maximum_cost_error_xof": 100,
        "mode_sequence_must_match": true,
        "budget_must_be_respected": true,
        "result": "not_tested"
      },
      "is_synthetic": true,
      "data_origin": "synthetic",
      "simulation_model": "SIRA-SIM-v1",
      "random_seed": 20260825,
      "validation_status": "simulated",
      "confidence": 0.35
    },
    {
      "scenario_id": "SCN-003",
      "category": "walk_bus_walk",
      "name": "Walk Bus Walk",
      "origin": {
        "name": "Origine synthétique",
        "coordinates": [
          -3.99768,
          5.347773
        ]
      },
      "destination": {
        "name": "Destination synthétique",
        "coordinates": [
          -3.969943,
          5.355934
        ]
      },
      "departure": {
        "local_date": "2026-08-25",
        "local_time": "17:30",
        "timezone": "Africa/Abidjan"
      },
      "constraints": {
        "maximum_budget_xof": 600,
        "maximum_walking_distance_m": 1500,
        "maximum_transfers": 2,
        "allowed_modes": [
          "walk",
          "bus",
          "gbaka"
        ]
      },
      "reference_journey": {
        "solution_expected": true,
        "ground_truth_type": "simulated_reference",
        "expected_mode_sequence": [
          "walk",
          "bus",
          "walk"
        ],
        "legs": [
          {
            "sequence": 1,
            "mode": "walk",
            "from_reference": "origin",
            "to_reference": "H04-S0",
            "route_id": null,
            "distance_m": 431,
            "waiting_duration_min": 0,
            "movement_duration_min": 5.7,
            "cost_xof": 0,
            "is_synthetic": true
          },
          {
            "sequence": 2,
            "mode": "bus",
            "from_stop_id": "H04-S0",
            "to_stop_id": "H07-S0",
            "route_id": "BUS-P01",
            "distance_m": 3239,
            "waiting_duration_min": 6.0,
            "movement_duration_min": 11.5,
            "cost_xof": 300,
            "is_synthetic": true
          },
          {
            "sequence": 3,
            "mode": "walk",
            "from_reference": "H07-S0",
            "to_reference": "destination",
            "route_id": null,
            "distance_m": 167,
            "waiting_duration_min": 0,
            "movement_duration_min": 2.2,
            "cost_xof": 0,
            "is_synthetic": true
          }
        ],
        "expected_totals": {
          "walking_distance_m": 598,
          "walking_duration_min": 7.9,
          "waiting_duration_min": 6.0,
          "in_vehicle_duration_min": 11.5,
          "total_duration_min": 25.4,
          "total_cost_xof": 300,
          "boarding_count": 1,
          "transfer_count": 0,
          "confidence": 0.35
        }
      },
      "engine_validation": {
        "maximum_duration_error_min": 10,
        "maximum_cost_error_xof": 100,
        "mode_sequence_must_match": true,
        "budget_must_be_respected": true,
        "result": "not_tested"
      },
      "is_synthetic": true,
      "data_origin": "synthetic",
      "simulation_model": "SIRA-SIM-v1",
      "random_seed": 20260825,
      "validation_status": "simulated",
      "confidence": 0.35
    },
    {
      "scenario_id": "SCN-004",
      "category": "walk_bus_walk",
      "name": "Walk Bus Walk",
      "origin": {
        "name": "Origine synthétique",
        "coordinates": [
          -3.998162,
          5.349869
        ]
      },
      "destination": {
        "name": "Destination synthétique",
        "coordinates": [
          -3.946702,
          5.354276
        ]
      },
      "departure": {
        "local_date": "2026-08-25",
        "local_time": "07:15",
        "timezone": "Africa/Abidjan"
      },
      "constraints": {
        "maximum_budget_xof": 400,
        "maximum_walking_distance_m": 1500,
        "maximum_transfers": 2,
        "allowed_modes": [
          "walk",
          "bus",
          "gbaka"
        ]
      },
      "reference_journey": {
        "solution_expected": true,
        "ground_truth_type": "simulated_reference",
        "expected_mode_sequence": [
          "walk",
          "bus",
          "walk"
        ],
        "legs": [
          {
            "sequence": 1,
            "mode": "walk",
            "from_reference": "origin",
            "to_reference": "H04-S0",
            "route_id": null,
            "distance_m": 441,
            "waiting_duration_min": 0,
            "movement_duration_min": 5.9,
            "cost_xof": 0,
            "is_synthetic": true
          },
          {
            "sequence": 2,
            "mode": "bus",
            "from_stop_id": "H04-S0",
            "to_stop_id": "H08-S1",
            "route_id": "BUS-P01",
            "distance_m": 5600,
            "waiting_duration_min": 6.0,
            "movement_duration_min": 20.2,
            "cost_xof": 300,
            "is_synthetic": true
          },
          {
            "sequence": 3,
            "mode": "walk",
            "from_reference": "H08-S1",
            "to_reference": "destination",
            "route_id": null,
            "distance_m": 490,
            "waiting_duration_min": 0,
            "movement_duration_min": 6.5,
            "cost_xof": 0,
            "is_synthetic": true
          }
        ],
        "expected_totals": {
          "walking_distance_m": 931,
          "walking_duration_min": 12.4,
          "waiting_duration_min": 6.0,
          "in_vehicle_duration_min": 20.2,
          "total_duration_min": 38.6,
          "total_cost_xof": 300,
          "boarding_count": 1,
          "transfer_count": 0,
          "confidence": 0.35
        }
      },
      "engine_validation": {
        "maximum_duration_error_min": 10,
        "maximum_cost_error_xof": 100,
        "mode_sequence_must_match": true,
        "budget_must_be_respected": true,
        "result": "not_tested"
      },
      "is_synthetic": true,
      "data_origin": "synthetic",
      "simulation_model": "SIRA-SIM-v1",
      "random_seed": 20260825,
      "validation_status": "simulated",
      "confidence": 0.35
    },
    {
      "scenario_id": "SCN-005",
      "category": "walk_bus_walk",
      "name": "Walk Bus Walk",
      "origin": {
        "name": "Origine synthétique",
        "coordinates": [
          -4.020962,
          5.326761
        ]
      },
      "destination": {
        "name": "Destination synthétique",
        "coordinates": [
          -3.942671,
          5.367035
        ]
      },
      "departure": {
        "local_date": "2026-08-25",
        "local_time": "17:30",
        "timezone": "Africa/Abidjan"
      },
      "constraints": {
        "maximum_budget_xof": 500,
        "maximum_walking_distance_m": 1500,
        "maximum_transfers": 2,
        "allowed_modes": [
          "walk",
          "bus",
          "gbaka"
        ]
      },
      "reference_journey": {
        "solution_expected": true,
        "ground_truth_type": "simulated_reference",
        "expected_mode_sequence": [
          "walk",
          "bus",
          "walk"
        ],
        "legs": [
          {
            "sequence": 1,
            "mode": "walk",
            "from_reference": "origin",
            "to_reference": "H01-S1",
            "route_id": null,
            "distance_m": 170,
            "waiting_duration_min": 0,
            "movement_duration_min": 2.3,
            "cost_xof": 0,
            "is_synthetic": true
          },
          {
            "sequence": 2,
            "mode": "bus",
            "from_stop_id": "H01-S1",
            "to_stop_id": "H09-S1",
            "route_id": "BUS-P02",
            "distance_m": 12882,
            "waiting_duration_min": 7.5,
            "movement_duration_min": 45.2,
            "cost_xof": 400,
            "is_synthetic": true
          },
          {
            "sequence": 3,
            "mode": "walk",
            "from_reference": "H09-S1",
            "to_reference": "destination",
            "route_id": null,
            "distance_m": 220,
            "waiting_duration_min": 0,
            "movement_duration_min": 2.9,
            "cost_xof": 0,
            "is_synthetic": true
          }
        ],
        "expected_totals": {
          "walking_distance_m": 390,
          "walking_duration_min": 5.2,
          "waiting_duration_min": 7.5,
          "in_vehicle_duration_min": 45.2,
          "total_duration_min": 57.9,
          "total_cost_xof": 400,
          "boarding_count": 1,
          "transfer_count": 0,
          "confidence": 0.35
        }
      },
      "engine_validation": {
        "maximum_duration_error_min": 10,
        "maximum_cost_error_xof": 100,
        "mode_sequence_must_match": true,
        "budget_must_be_respected": true,
        "result": "not_tested"
      },
      "is_synthetic": true,
      "data_origin": "synthetic",
      "simulation_model": "SIRA-SIM-v1",
      "random_seed": 20260825,
      "validation_status": "simulated",
      "confidence": 0.35
    },
    {
      "scenario_id": "SCN-006",
      "category": "walk_bus_walk",
      "name": "Walk Bus Walk",
      "origin": {
        "name": "Origine synthétique",
        "coordinates": [
          -4.008679,
          5.343587
        ]
      },
      "destination": {
        "name": "Destination synthétique",
        "coordinates": [
          -3.948179,
          5.351235
        ]
      },
      "departure": {
        "local_date": "2026-08-25",
        "local_time": "17:30",
        "timezone": "Africa/Abidjan"
      },
      "constraints": {
        "maximum_budget_xof": 500,
        "maximum_walking_distance_m": 1500,
        "maximum_transfers": 2,
        "allowed_modes": [
          "walk",
          "bus",
          "gbaka"
        ]
      },
      "reference_journey": {
        "solution_expected": true,
        "ground_truth_type": "simulated_reference",
        "expected_mode_sequence": [
          "walk",
          "bus",
          "walk"
        ],
        "legs": [
          {
            "sequence": 1,
            "mode": "walk",
            "from_reference": "origin",
            "to_reference": "H03-S1",
            "route_id": null,
            "distance_m": 212,
            "waiting_duration_min": 0,
            "movement_duration_min": 2.8,
            "cost_xof": 0,
            "is_synthetic": true
          },
          {
            "sequence": 2,
            "mode": "bus",
            "from_stop_id": "H03-S1",
            "to_stop_id": "H08-S1",
            "route_id": "BUS-P01",
            "distance_m": 7305,
            "waiting_duration_min": 6.0,
            "movement_duration_min": 26.6,
            "cost_xof": 300,
            "is_synthetic": true
          },
          {
            "sequence": 3,
            "mode": "walk",
            "from_reference": "H08-S1",
            "to_reference": "destination",
            "route_id": null,
            "distance_m": 289,
            "waiting_duration_min": 0,
            "movement_duration_min": 3.9,
            "cost_xof": 0,
            "is_synthetic": true
          }
        ],
        "expected_totals": {
          "walking_distance_m": 501,
          "walking_duration_min": 6.7,
          "waiting_duration_min": 6.0,
          "in_vehicle_duration_min": 26.6,
          "total_duration_min": 39.3,
          "total_cost_xof": 300,
          "boarding_count": 1,
          "transfer_count": 0,
          "confidence": 0.35
        }
      },
      "engine_validation": {
        "maximum_duration_error_min": 10,
        "maximum_cost_error_xof": 100,
        "mode_sequence_must_match": true,
        "budget_must_be_respected": true,
        "result": "not_tested"
      },
      "is_synthetic": true,
      "data_origin": "synthetic",
      "simulation_model": "SIRA-SIM-v1",
      "random_seed": 20260825,
      "validation_status": "simulated",
      "confidence": 0.35
    },
    {
      "scenario_id": "SCN-007",
      "category": "walk_bus_walk",
      "name": "Walk Bus Walk",
      "origin": {
        "name": "Origine synthétique",
        "coordinates": [
          -4.01771,
          5.327985
        ]
      },
      "destination": {
        "name": "Destination synthétique",
        "coordinates": [
          -3.946681,
          5.370202
        ]
      },
      "departure": {
        "local_date": "2026-08-25",
        "local_time": "07:15",
        "timezone": "Africa/Abidjan"
      },
      "constraints": {
        "maximum_budget_xof": 500,
        "maximum_walking_distance_m": 1500,
        "maximum_transfers": 2,
        "allowed_modes": [
          "walk",
          "bus",
          "gbaka"
        ]
      },
      "reference_journey": {
        "solution_expected": true,
        "ground_truth_type": "simulated_reference",
        "expected_mode_sequence": [
          "walk",
          "bus",
          "walk"
        ],
        "legs": [
          {
            "sequence": 1,
            "mode": "walk",
            "from_reference": "origin",
            "to_reference": "H01-S1",
            "route_id": null,
            "distance_m": 273,
            "waiting_duration_min": 0,
            "movement_duration_min": 3.6,
            "cost_xof": 0,
            "is_synthetic": true
          },
          {
            "sequence": 2,
            "mode": "bus",
            "from_stop_id": "H01-S1",
            "to_stop_id": "H09-S1",
            "route_id": "BUS-P05",
            "distance_m": 10990,
            "waiting_duration_min": 9.0,
            "movement_duration_min": 38.9,
            "cost_xof": 400,
            "is_synthetic": true
          },
          {
            "sequence": 3,
            "mode": "walk",
            "from_reference": "H09-S1",
            "to_reference": "destination",
            "route_id": null,
            "distance_m": 379,
            "waiting_duration_min": 0,
            "movement_duration_min": 5.1,
            "cost_xof": 0,
            "is_synthetic": true
          }
        ],
        "expected_totals": {
          "walking_distance_m": 652,
          "walking_duration_min": 8.7,
          "waiting_duration_min": 9.0,
          "in_vehicle_duration_min": 38.9,
          "total_duration_min": 56.6,
          "total_cost_xof": 400,
          "boarding_count": 1,
          "transfer_count": 0,
          "confidence": 0.35
        }
      },
      "engine_validation": {
        "maximum_duration_error_min": 10,
        "maximum_cost_error_xof": 100,
        "mode_sequence_must_match": true,
        "budget_must_be_respected": true,
        "result": "not_tested"
      },
      "is_synthetic": true,
      "data_origin": "synthetic",
      "simulation_model": "SIRA-SIM-v1",
      "random_seed": 20260825,
      "validation_status": "simulated",
      "confidence": 0.35
    },
    {
      "scenario_id": "SCN-008",
      "category": "walk_bus_walk",
      "name": "Walk Bus Walk",
      "origin": {
        "name": "Origine synthétique",
        "coordinates": [
          -4.005833,
          5.342292
        ]
      },
      "destination": {
        "name": "Destination synthétique",
        "coordinates": [
          -3.971502,
          5.350727
        ]
      },
      "departure": {
        "local_date": "2026-08-25",
        "local_time": "12:30",
        "timezone": "Africa/Abidjan"
      },
      "constraints": {
        "maximum_budget_xof": 700,
        "maximum_walking_distance_m": 1500,
        "maximum_transfers": 2,
        "allowed_modes": [
          "walk",
          "bus",
          "gbaka"
        ]
      },
      "reference_journey": {
        "solution_expected": true,
        "ground_truth_type": "simulated_reference",
        "expected_mode_sequence": [
          "walk",
          "bus",
          "walk"
        ],
        "legs": [
          {
            "sequence": 1,
            "mode": "walk",
            "from_reference": "origin",
            "to_reference": "H03-S0",
            "route_id": null,
            "distance_m": 324,
            "waiting_duration_min": 0,
            "movement_duration_min": 4.3,
            "cost_xof": 0,
            "is_synthetic": true
          },
          {
            "sequence": 2,
            "mode": "bus",
            "from_stop_id": "H03-S0",
            "to_stop_id": "H07-S0",
            "route_id": "BUS-P02",
            "distance_m": 6783,
            "waiting_duration_min": 7.5,
            "movement_duration_min": 23.4,
            "cost_xof": 400,
            "is_synthetic": true
          },
          {
            "sequence": 3,
            "mode": "walk",
            "from_reference": "H07-S0",
            "to_reference": "destination",
            "route_id": null,
            "distance_m": 475,
            "waiting_duration_min": 0,
            "movement_duration_min": 6.3,
            "cost_xof": 0,
            "is_synthetic": true
          }
        ],
        "expected_totals": {
          "walking_distance_m": 799,
          "walking_duration_min": 10.6,
          "waiting_duration_min": 7.5,
          "in_vehicle_duration_min": 23.4,
          "total_duration_min": 41.5,
          "total_cost_xof": 400,
          "boarding_count": 1,
          "transfer_count": 0,
          "confidence": 0.35
        }
      },
      "engine_validation": {
        "maximum_duration_error_min": 10,
        "maximum_cost_error_xof": 100,
        "mode_sequence_must_match": true,
        "budget_must_be_respected": true,
        "result": "not_tested"
      },
      "is_synthetic": true,
      "data_origin": "synthetic",
      "simulation_model": "SIRA-SIM-v1",
      "random_seed": 20260825,
      "validation_status": "simulated",
      "confidence": 0.35
    },
    {
      "scenario_id": "SCN-009",
      "category": "walk_bus_walk",
      "name": "Walk Bus Walk",
      "origin": {
        "name": "Origine synthétique",
        "coordinates": [
          -3.985738,
          5.368698
        ]
      },
      "destination": {
        "name": "Destination synthétique",
        "coordinates": [
          -3.943211,
          5.367509
        ]
      },
      "departure": {
        "local_date": "2026-08-25",
        "local_time": "07:15",
        "timezone": "Africa/Abidjan"
      },
      "constraints": {
        "maximum_budget_xof": 500,
        "maximum_walking_distance_m": 1500,
        "maximum_transfers": 2,
        "allowed_modes": [
          "walk",
          "bus",
          "gbaka"
        ]
      },
      "reference_journey": {
        "solution_expected": true,
        "ground_truth_type": "simulated_reference",
        "expected_mode_sequence": [
          "walk",
          "bus",
          "walk"
        ],
        "legs": [
          {
            "sequence": 1,
            "mode": "walk",
            "from_reference": "origin",
            "to_reference": "H06-S1",
            "route_id": null,
            "distance_m": 238,
            "waiting_duration_min": 0,
            "movement_duration_min": 3.2,
            "cost_xof": 0,
            "is_synthetic": true
          },
          {
            "sequence": 2,
            "mode": "bus",
            "from_stop_id": "H06-S1",
            "to_stop_id": "H09-S1",
            "route_id": "BUS-P02",
            "distance_m": 5955,
            "waiting_duration_min": 7.5,
            "movement_duration_min": 20.6,
            "cost_xof": 400,
            "is_synthetic": true
          },
          {
            "sequence": 3,
            "mode": "walk",
            "from_reference": "H09-S1",
            "to_reference": "destination",
            "route_id": null,
            "distance_m": 154,
            "waiting_duration_min": 0,
            "movement_duration_min": 2.1,
            "cost_xof": 0,
            "is_synthetic": true
          }
        ],
        "expected_totals": {
          "walking_distance_m": 392,
          "walking_duration_min": 5.3,
          "waiting_duration_min": 7.5,
          "in_vehicle_duration_min": 20.6,
          "total_duration_min": 33.4,
          "total_cost_xof": 400,
          "boarding_count": 1,
          "transfer_count": 0,
          "confidence": 0.35
        }
      },
      "engine_validation": {
        "maximum_duration_error_min": 10,
        "maximum_cost_error_xof": 100,
        "mode_sequence_must_match": true,
        "budget_must_be_respected": true,
        "result": "not_tested"
      },
      "is_synthetic": true,
      "data_origin": "synthetic",
      "simulation_model": "SIRA-SIM-v1",
      "random_seed": 20260825,
      "validation_status": "simulated",
      "confidence": 0.35
    },
    {
      "scenario_id": "SCN-010",
      "category": "walk_bus_walk",
      "name": "Walk Bus Walk",
      "origin": {
        "name": "Origine synthétique",
        "coordinates": [
          -4.015614,
          5.328183
        ]
      },
      "destination": {
        "name": "Destination synthétique",
        "coordinates": [
          -3.971382,
          5.355003
        ]
      },
      "departure": {
        "local_date": "2026-08-25",
        "local_time": "17:30",
        "timezone": "Africa/Abidjan"
      },
      "constraints": {
        "maximum_budget_xof": 700,
        "maximum_walking_distance_m": 1500,
        "maximum_transfers": 2,
        "allowed_modes": [
          "walk",
          "bus",
          "gbaka"
        ]
      },
      "reference_journey": {
        "solution_expected": true,
        "ground_truth_type": "simulated_reference",
        "expected_mode_sequence": [
          "walk",
          "bus",
          "walk"
        ],
        "legs": [
          {
            "sequence": 1,
            "mode": "walk",
            "from_reference": "origin",
            "to_reference": "H01-S1",
            "route_id": null,
            "distance_m": 479,
            "waiting_duration_min": 0,
            "movement_duration_min": 6.4,
            "cost_xof": 0,
            "is_synthetic": true
          },
          {
            "sequence": 2,
            "mode": "bus",
            "from_stop_id": "H01-S1",
            "to_stop_id": "H07-S0",
            "route_id": "BUS-P05",
            "distance_m": 7504,
            "waiting_duration_min": 9.0,
            "movement_duration_min": 26.5,
            "cost_xof": 400,
            "is_synthetic": true
          },
          {
            "sequence": 3,
            "mode": "walk",
            "from_reference": "H07-S0",
            "to_reference": "destination",
            "route_id": null,
            "distance_m": 216,
            "waiting_duration_min": 0,
            "movement_duration_min": 2.9,
            "cost_xof": 0,
            "is_synthetic": true
          }
        ],
        "expected_totals": {
          "walking_distance_m": 695,
          "walking_duration_min": 9.3,
          "waiting_duration_min": 9.0,
          "in_vehicle_duration_min": 26.5,
          "total_duration_min": 44.8,
          "total_cost_xof": 400,
          "boarding_count": 1,
          "transfer_count": 0,
          "confidence": 0.35
        }
      },
      "engine_validation": {
        "maximum_duration_error_min": 10,
        "maximum_cost_error_xof": 100,
        "mode_sequence_must_match": true,
        "budget_must_be_respected": true,
        "result": "not_tested"
      },
      "is_synthetic": true,
      "data_origin": "synthetic",
      "simulation_model": "SIRA-SIM-v1",
      "random_seed": 20260825,
      "validation_status": "simulated",
      "confidence": 0.35
    },
    {
      "scenario_id": "SCN-011",
      "category": "walk_bus_walk",
      "name": "Walk Bus Walk",
      "origin": {
        "name": "Origine synthétique",
        "coordinates": [
          -4.015647,
          5.331352
        ]
      },
      "destination": {
        "name": "Destination synthétique",
        "coordinates": [
          -3.984429,
          5.344753
        ]
      },
      "departure": {
        "local_date": "2026-08-25",
        "local_time": "08:00",
        "timezone": "Africa/Abidjan"
      },
      "constraints": {
        "maximum_budget_xof": 500,
        "maximum_walking_distance_m": 1500,
        "maximum_transfers": 2,
        "allowed_modes": [
          "walk",
          "bus",
          "gbaka"
        ]
      },
      "reference_journey": {
        "solution_expected": true,
        "ground_truth_type": "simulated_reference",
        "expected_mode_sequence": [
          "walk",
          "bus",
          "walk"
        ],
        "legs": [
          {
            "sequence": 1,
            "mode": "walk",
            "from_reference": "origin",
            "to_reference": "H02-S1",
            "route_id": null,
            "distance_m": 431,
            "waiting_duration_min": 0,
            "movement_duration_min": 5.7,
            "cost_xof": 0,
            "is_synthetic": true
          },
          {
            "sequence": 2,
            "mode": "bus",
            "from_stop_id": "H02-S1",
            "to_stop_id": "H05-S1",
            "route_id": "BUS-P04",
            "distance_m": 4714,
            "waiting_duration_min": 7.0,
            "movement_duration_min": 16.5,
            "cost_xof": 300,
            "is_synthetic": true
          },
          {
            "sequence": 3,
            "mode": "walk",
            "from_reference": "H05-S1",
            "to_reference": "destination",
            "route_id": null,
            "distance_m": 390,
            "waiting_duration_min": 0,
            "movement_duration_min": 5.2,
            "cost_xof": 0,
            "is_synthetic": true
          }
        ],
        "expected_totals": {
          "walking_distance_m": 821,
          "walking_duration_min": 10.9,
          "waiting_duration_min": 7.0,
          "in_vehicle_duration_min": 16.5,
          "total_duration_min": 34.4,
          "total_cost_xof": 300,
          "boarding_count": 1,
          "transfer_count": 0,
          "confidence": 0.35
        }
      },
      "engine_validation": {
        "maximum_duration_error_min": 10,
        "maximum_cost_error_xof": 100,
        "mode_sequence_must_match": true,
        "budget_must_be_respected": true,
        "result": "not_tested"
      },
      "is_synthetic": true,
      "data_origin": "synthetic",
      "simulation_model": "SIRA-SIM-v1",
      "random_seed": 20260825,
      "validation_status": "simulated",
      "confidence": 0.35
    },
    {
      "scenario_id": "SCN-012",
      "category": "walk_bus_walk",
      "name": "Walk Bus Walk",
      "origin": {
        "name": "Origine synthétique",
        "coordinates": [
          -4.016566,
          5.338019
        ]
      },
      "destination": {
        "name": "Destination synthétique",
        "coordinates": [
          -3.968964,
          5.355969
        ]
      },
      "departure": {
        "local_date": "2026-08-25",
        "local_time": "18:15",
        "timezone": "Africa/Abidjan"
      },
      "constraints": {
        "maximum_budget_xof": 450,
        "maximum_walking_distance_m": 1500,
        "maximum_transfers": 2,
        "allowed_modes": [
          "walk",
          "bus",
          "gbaka"
        ]
      },
      "reference_journey": {
        "solution_expected": true,
        "ground_truth_type": "simulated_reference",
        "expected_mode_sequence": [
          "walk",
          "bus",
          "walk"
        ],
        "legs": [
          {
            "sequence": 1,
            "mode": "walk",
            "from_reference": "origin",
            "to_reference": "H02-S0",
            "route_id": null,
            "distance_m": 492,
            "waiting_duration_min": 0,
            "movement_duration_min": 6.6,
            "cost_xof": 0,
            "is_synthetic": true
          },
          {
            "sequence": 2,
            "mode": "bus",
            "from_stop_id": "H02-S0",
            "to_stop_id": "H07-S0",
            "route_id": "BUS-P03",
            "distance_m": 8827,
            "waiting_duration_min": 5.0,
            "movement_duration_min": 31.7,
            "cost_xof": 250,
            "is_synthetic": true
          },
          {
            "sequence": 3,
            "mode": "walk",
            "from_reference": "H07-S0",
            "to_reference": "destination",
            "route_id": null,
            "distance_m": 174,
            "waiting_duration_min": 0,
            "movement_duration_min": 2.3,
            "cost_xof": 0,
            "is_synthetic": true
          }
        ],
        "expected_totals": {
          "walking_distance_m": 666,
          "walking_duration_min": 8.9,
          "waiting_duration_min": 5.0,
          "in_vehicle_duration_min": 31.7,
          "total_duration_min": 45.6,
          "total_cost_xof": 250,
          "boarding_count": 1,
          "transfer_count": 0,
          "confidence": 0.35
        }
      },
      "engine_validation": {
        "maximum_duration_error_min": 10,
        "maximum_cost_error_xof": 100,
        "mode_sequence_must_match": true,
        "budget_must_be_respected": true,
        "result": "not_tested"
      },
      "is_synthetic": true,
      "data_origin": "synthetic",
      "simulation_model": "SIRA-SIM-v1",
      "random_seed": 20260825,
      "validation_status": "simulated",
      "confidence": 0.35
    },
    {
      "scenario_id": "SCN-013",
      "category": "walk_bus_walk",
      "name": "Walk Bus Walk",
      "origin": {
        "name": "Origine synthétique",
        "coordinates": [
          -3.991988,
          5.352143
        ]
      },
      "destination": {
        "name": "Destination synthétique",
        "coordinates": [
          -3.945305,
          5.369164
        ]
      },
      "departure": {
        "local_date": "2026-08-25",
        "local_time": "08:00",
        "timezone": "Africa/Abidjan"
      },
      "constraints": {
        "maximum_budget_xof": 500,
        "maximum_walking_distance_m": 1500,
        "maximum_transfers": 2,
        "allowed_modes": [
          "walk",
          "bus",
          "gbaka"
        ]
      },
      "reference_journey": {
        "solution_expected": true,
        "ground_truth_type": "simulated_reference",
        "expected_mode_sequence": [
          "walk",
          "bus",
          "walk"
        ],
        "legs": [
          {
            "sequence": 1,
            "mode": "walk",
            "from_reference": "origin",
            "to_reference": "H04-S0",
            "route_id": null,
            "distance_m": 383,
            "waiting_duration_min": 0,
            "movement_duration_min": 5.1,
            "cost_xof": 0,
            "is_synthetic": true
          },
          {
            "sequence": 2,
            "mode": "bus",
            "from_stop_id": "H04-S0",
            "to_stop_id": "H09-S1",
            "route_id": "BUS-P05",
            "distance_m": 6725,
            "waiting_duration_min": 9.0,
            "movement_duration_min": 23.9,
            "cost_xof": 400,
            "is_synthetic": true
          },
          {
            "sequence": 3,
            "mode": "walk",
            "from_reference": "H09-S1",
            "to_reference": "destination",
            "route_id": null,
            "distance_m": 201,
            "waiting_duration_min": 0,
            "movement_duration_min": 2.7,
            "cost_xof": 0,
            "is_synthetic": true
          }
        ],
        "expected_totals": {
          "walking_distance_m": 584,
          "walking_duration_min": 7.8,
          "waiting_duration_min": 9.0,
          "in_vehicle_duration_min": 23.9,
          "total_duration_min": 40.7,
          "total_cost_xof": 400,
          "boarding_count": 1,
          "transfer_count": 0,
          "confidence": 0.35
        }
      },
      "engine_validation": {
        "maximum_duration_error_min": 10,
        "maximum_cost_error_xof": 100,
        "mode_sequence_must_match": true,
        "budget_must_be_respected": true,
        "result": "not_tested"
      },
      "is_synthetic": true,
      "data_origin": "synthetic",
      "simulation_model": "SIRA-SIM-v1",
      "random_seed": 20260825,
      "validation_status": "simulated",
      "confidence": 0.35
    },
    {
      "scenario_id": "SCN-014",
      "category": "walk_bus_walk",
      "name": "Walk Bus Walk",
      "origin": {
        "name": "Origine synthétique",
        "coordinates": [
          -4.015544,
          5.331263
        ]
      },
      "destination": {
        "name": "Destination synthétique",
        "coordinates": [
          -3.997486,
          5.35018
        ]
      },
      "departure": {
        "local_date": "2026-08-25",
        "local_time": "17:30",
        "timezone": "Africa/Abidjan"
      },
      "constraints": {
        "maximum_budget_xof": 450,
        "maximum_walking_distance_m": 1500,
        "maximum_transfers": 2,
        "allowed_modes": [
          "walk",
          "bus",
          "gbaka"
        ]
      },
      "reference_journey": {
        "solution_expected": true,
        "ground_truth_type": "simulated_reference",
        "expected_mode_sequence": [
          "walk",
          "bus",
          "walk"
        ],
        "legs": [
          {
            "sequence": 1,
            "mode": "walk",
            "from_reference": "origin",
            "to_reference": "H02-S0",
            "route_id": null,
            "distance_m": 487,
            "waiting_duration_min": 0,
            "movement_duration_min": 6.5,
            "cost_xof": 0,
            "is_synthetic": true
          },
          {
            "sequence": 2,
            "mode": "bus",
            "from_stop_id": "H02-S0",
            "to_stop_id": "H04-S0",
            "route_id": "BUS-P03",
            "distance_m": 3651,
            "waiting_duration_min": 5.0,
            "movement_duration_min": 12.9,
            "cost_xof": 250,
            "is_synthetic": true
          },
          {
            "sequence": 3,
            "mode": "walk",
            "from_reference": "H04-S0",
            "to_reference": "destination",
            "route_id": null,
            "distance_m": 372,
            "waiting_duration_min": 0,
            "movement_duration_min": 5.0,
            "cost_xof": 0,
            "is_synthetic": true
          }
        ],
        "expected_totals": {
          "walking_distance_m": 859,
          "walking_duration_min": 11.5,
          "waiting_duration_min": 5.0,
          "in_vehicle_duration_min": 12.9,
          "total_duration_min": 29.4,
          "total_cost_xof": 250,
          "boarding_count": 1,
          "transfer_count": 0,
          "confidence": 0.35
        }
      },
      "engine_validation": {
        "maximum_duration_error_min": 10,
        "maximum_cost_error_xof": 100,
        "mode_sequence_must_match": true,
        "budget_must_be_respected": true,
        "result": "not_tested"
      },
      "is_synthetic": true,
      "data_origin": "synthetic",
      "simulation_model": "SIRA-SIM-v1",
      "random_seed": 20260825,
      "validation_status": "simulated",
      "confidence": 0.35
    },
    {
      "scenario_id": "SCN-015",
      "category": "walk_bus_walk",
      "name": "Walk Bus Walk",
      "origin": {
        "name": "Origine synthétique",
        "coordinates": [
          -3.979334,
          5.347705
        ]
      },
      "destination": {
        "name": "Destination synthétique",
        "coordinates": [
          -3.946054,
          5.368805
        ]
      },
      "departure": {
        "local_date": "2026-08-25",
        "local_time": "07:15",
        "timezone": "Africa/Abidjan"
      },
      "constraints": {
        "maximum_budget_xof": 700,
        "maximum_walking_distance_m": 1500,
        "maximum_transfers": 2,
        "allowed_modes": [
          "walk",
          "bus",
          "gbaka"
        ]
      },
      "reference_journey": {
        "solution_expected": true,
        "ground_truth_type": "simulated_reference",
        "expected_mode_sequence": [
          "walk",
          "bus",
          "walk"
        ],
        "legs": [
          {
            "sequence": 1,
            "mode": "walk",
            "from_reference": "origin",
            "to_reference": "H05-S1",
            "route_id": null,
            "distance_m": 498,
            "waiting_duration_min": 0,
            "movement_duration_min": 6.6,
            "cost_xof": 0,
            "is_synthetic": true
          },
          {
            "sequence": 2,
            "mode": "bus",
            "from_stop_id": "H05-S1",
            "to_stop_id": "H09-S1",
            "route_id": "BUS-P05",
            "distance_m": 5425,
            "waiting_duration_min": 9.0,
            "movement_duration_min": 18.8,
            "cost_xof": 400,
            "is_synthetic": true
          },
          {
            "sequence": 3,
            "mode": "walk",
            "from_reference": "H09-S1",
            "to_reference": "destination",
            "route_id": null,
            "distance_m": 217,
            "waiting_duration_min": 0,
            "movement_duration_min": 2.9,
            "cost_xof": 0,
            "is_synthetic": true
          }
        ],
        "expected_totals": {
          "walking_distance_m": 715,
          "walking_duration_min": 9.5,
          "waiting_duration_min": 9.0,
          "in_vehicle_duration_min": 18.8,
          "total_duration_min": 37.3,
          "total_cost_xof": 400,
          "boarding_count": 1,
          "transfer_count": 0,
          "confidence": 0.35
        }
      },
      "engine_validation": {
        "maximum_duration_error_min": 10,
        "maximum_cost_error_xof": 100,
        "mode_sequence_must_match": true,
        "budget_must_be_respected": true,
        "result": "not_tested"
      },
      "is_synthetic": true,
      "data_origin": "synthetic",
      "simulation_model": "SIRA-SIM-v1",
      "random_seed": 20260825,
      "validation_status": "simulated",
      "confidence": 0.35
    },
    {
      "scenario_id": "SCN-016",
      "category": "walk_bus_walk",
      "name": "Walk Bus Walk",
      "origin": {
        "name": "Origine synthétique",
        "coordinates": [
          -3.993997,
          5.347814
        ]
      },
      "destination": {
        "name": "Destination synthétique",
        "coordinates": [
          -3.970437,
          5.355157
        ]
      },
      "departure": {
        "local_date": "2026-08-25",
        "local_time": "12:30",
        "timezone": "Africa/Abidjan"
      },
      "constraints": {
        "maximum_budget_xof": 450,
        "maximum_walking_distance_m": 1500,
        "maximum_transfers": 2,
        "allowed_modes": [
          "walk",
          "bus",
          "gbaka"
        ]
      },
      "reference_journey": {
        "solution_expected": true,
        "ground_truth_type": "simulated_reference",
        "expected_mode_sequence": [
          "walk",
          "bus",
          "walk"
        ],
        "legs": [
          {
            "sequence": 1,
            "mode": "walk",
            "from_reference": "origin",
            "to_reference": "H04-S0",
            "route_id": null,
            "distance_m": 189,
            "waiting_duration_min": 0,
            "movement_duration_min": 2.5,
            "cost_xof": 0,
            "is_synthetic": true
          },
          {
            "sequence": 2,
            "mode": "bus",
            "from_stop_id": "H04-S0",
            "to_stop_id": "H07-S0",
            "route_id": "BUS-P03",
            "distance_m": 5176,
            "waiting_duration_min": 5.0,
            "movement_duration_min": 18.0,
            "cost_xof": 250,
            "is_synthetic": true
          },
          {
            "sequence": 3,
            "mode": "walk",
            "from_reference": "H07-S0",
            "to_reference": "destination",
            "route_id": null,
            "distance_m": 127,
            "waiting_duration_min": 0,
            "movement_duration_min": 1.7,
            "cost_xof": 0,
            "is_synthetic": true
          }
        ],
        "expected_totals": {
          "walking_distance_m": 316,
          "walking_duration_min": 4.2,
          "waiting_duration_min": 5.0,
          "in_vehicle_duration_min": 18.0,
          "total_duration_min": 27.2,
          "total_cost_xof": 250,
          "boarding_count": 1,
          "transfer_count": 0,
          "confidence": 0.35
        }
      },
      "engine_validation": {
        "maximum_duration_error_min": 10,
        "maximum_cost_error_xof": 100,
        "mode_sequence_must_match": true,
        "budget_must_be_respected": true,
        "result": "not_tested"
      },
      "is_synthetic": true,
      "data_origin": "synthetic",
      "simulation_model": "SIRA-SIM-v1",
      "random_seed": 20260825,
      "validation_status": "simulated",
      "confidence": 0.35
    },
    {
      "scenario_id": "SCN-017",
      "category": "walk_bus_walk",
      "name": "Walk Bus Walk",
      "origin": {
        "name": "Origine synthétique",
        "coordinates": [
          -3.986023,
          5.345256
        ]
      },
      "destination": {
        "name": "Destination synthétique",
        "coordinates": [
          -3.943999,
          5.365103
        ]
      },
      "departure": {
        "local_date": "2026-08-25",
        "local_time": "12:30",
        "timezone": "Africa/Abidjan"
      },
      "constraints": {
        "maximum_budget_xof": 600,
        "maximum_walking_distance_m": 1500,
        "maximum_transfers": 2,
        "allowed_modes": [
          "walk",
          "bus",
          "gbaka"
        ]
      },
      "reference_journey": {
        "solution_expected": true,
        "ground_truth_type": "simulated_reference",
        "expected_mode_sequence": [
          "walk",
          "bus",
          "walk"
        ],
        "legs": [
          {
            "sequence": 1,
            "mode": "walk",
            "from_reference": "origin",
            "to_reference": "H05-S1",
            "route_id": null,
            "distance_m": 410,
            "waiting_duration_min": 0,
            "movement_duration_min": 5.5,
            "cost_xof": 0,
            "is_synthetic": true
          },
          {
            "sequence": 2,
            "mode": "bus",
            "from_stop_id": "H05-S1",
            "to_stop_id": "H09-S1",
            "route_id": "BUS-P05",
            "distance_m": 5425,
            "waiting_duration_min": 9.0,
            "movement_duration_min": 18.8,
            "cost_xof": 400,
            "is_synthetic": true
          },
          {
            "sequence": 3,
            "mode": "walk",
            "from_reference": "H09-S1",
            "to_reference": "destination",
            "route_id": null,
            "distance_m": 275,
            "waiting_duration_min": 0,
            "movement_duration_min": 3.7,
            "cost_xof": 0,
            "is_synthetic": true
          }
        ],
        "expected_totals": {
          "walking_distance_m": 685,
          "walking_duration_min": 9.2,
          "waiting_duration_min": 9.0,
          "in_vehicle_duration_min": 18.8,
          "total_duration_min": 37.0,
          "total_cost_xof": 400,
          "boarding_count": 1,
          "transfer_count": 0,
          "confidence": 0.35
        }
      },
      "engine_validation": {
        "maximum_duration_error_min": 10,
        "maximum_cost_error_xof": 100,
        "mode_sequence_must_match": true,
        "budget_must_be_respected": true,
        "result": "not_tested"
      },
      "is_synthetic": true,
      "data_origin": "synthetic",
      "simulation_model": "SIRA-SIM-v1",
      "random_seed": 20260825,
      "validation_status": "simulated",
      "confidence": 0.35
    },
    {
      "scenario_id": "SCN-018",
      "category": "walk_bus_walk",
      "name": "Walk Bus Walk",
      "origin": {
        "name": "Origine synthétique",
        "coordinates": [
          -4.008549,
          5.345778
        ]
      },
      "destination": {
        "name": "Destination synthétique",
        "coordinates": [
          -3.98706,
          5.367053
        ]
      },
      "departure": {
        "local_date": "2026-08-25",
        "local_time": "07:15",
        "timezone": "Africa/Abidjan"
      },
      "constraints": {
        "maximum_budget_xof": 550,
        "maximum_walking_distance_m": 1500,
        "maximum_transfers": 2,
        "allowed_modes": [
          "walk",
          "bus",
          "gbaka"
        ]
      },
      "reference_journey": {
        "solution_expected": true,
        "ground_truth_type": "simulated_reference",
        "expected_mode_sequence": [
          "walk",
          "bus",
          "walk"
        ],
        "legs": [
          {
            "sequence": 1,
            "mode": "walk",
            "from_reference": "origin",
            "to_reference": "H03-S1",
            "route_id": null,
            "distance_m": 223,
            "waiting_duration_min": 0,
            "movement_duration_min": 3.0,
            "cost_xof": 0,
            "is_synthetic": true
          },
          {
            "sequence": 2,
            "mode": "bus",
            "from_stop_id": "H03-S1",
            "to_stop_id": "H06-S1",
            "route_id": "BUS-P03",
            "distance_m": 4412,
            "waiting_duration_min": 5.0,
            "movement_duration_min": 15.5,
            "cost_xof": 250,
            "is_synthetic": true
          },
          {
            "sequence": 3,
            "mode": "walk",
            "from_reference": "H06-S1",
            "to_reference": "destination",
            "route_id": null,
            "distance_m": 416,
            "waiting_duration_min": 0,
            "movement_duration_min": 5.5,
            "cost_xof": 0,
            "is_synthetic": true
          }
        ],
        "expected_totals": {
          "walking_distance_m": 639,
          "walking_duration_min": 8.5,
          "waiting_duration_min": 5.0,
          "in_vehicle_duration_min": 15.5,
          "total_duration_min": 29.0,
          "total_cost_xof": 250,
          "boarding_count": 1,
          "transfer_count": 0,
          "confidence": 0.35
        }
      },
      "engine_validation": {
        "maximum_duration_error_min": 10,
        "maximum_cost_error_xof": 100,
        "mode_sequence_must_match": true,
        "budget_must_be_respected": true,
        "result": "not_tested"
      },
      "is_synthetic": true,
      "data_origin": "synthetic",
      "simulation_model": "SIRA-SIM-v1",
      "random_seed": 20260825,
      "validation_status": "simulated",
      "confidence": 0.35
    },
    {
      "scenario_id": "SCN-019",
      "category": "walk_bus_walk",
      "name": "Walk Bus Walk",
      "origin": {
        "name": "Origine synthétique",
        "coordinates": [
          -4.011001,
          5.345471
        ]
      },
      "destination": {
        "name": "Destination synthétique",
        "coordinates": [
          -3.953503,
          5.350775
        ]
      },
      "departure": {
        "local_date": "2026-08-25",
        "local_time": "18:15",
        "timezone": "Africa/Abidjan"
      },
      "constraints": {
        "maximum_budget_xof": 500,
        "maximum_walking_distance_m": 1500,
        "maximum_transfers": 2,
        "allowed_modes": [
          "walk",
          "bus",
          "gbaka"
        ]
      },
      "reference_journey": {
        "solution_expected": true,
        "ground_truth_type": "simulated_reference",
        "expected_mode_sequence": [
          "walk",
          "bus",
          "walk"
        ],
        "legs": [
          {
            "sequence": 1,
            "mode": "walk",
            "from_reference": "origin",
            "to_reference": "H03-S0",
            "route_id": null,
            "distance_m": 351,
            "waiting_duration_min": 0,
            "movement_duration_min": 4.7,
            "cost_xof": 0,
            "is_synthetic": true
          },
          {
            "sequence": 2,
            "mode": "bus",
            "from_stop_id": "H03-S0",
            "to_stop_id": "H08-S0",
            "route_id": "BUS-P04",
            "distance_m": 7062,
            "waiting_duration_min": 7.0,
            "movement_duration_min": 24.3,
            "cost_xof": 300,
            "is_synthetic": true
          },
          {
            "sequence": 3,
            "mode": "walk",
            "from_reference": "H08-S0",
            "to_reference": "destination",
            "route_id": null,
            "distance_m": 215,
            "waiting_duration_min": 0,
            "movement_duration_min": 2.9,
            "cost_xof": 0,
            "is_synthetic": true
          }
        ],
        "expected_totals": {
          "walking_distance_m": 566,
          "walking_duration_min": 7.6,
          "waiting_duration_min": 7.0,
          "in_vehicle_duration_min": 24.3,
          "total_duration_min": 38.9,
          "total_cost_xof": 300,
          "boarding_count": 1,
          "transfer_count": 0,
          "confidence": 0.35
        }
      },
      "engine_validation": {
        "maximum_duration_error_min": 10,
        "maximum_cost_error_xof": 100,
        "mode_sequence_must_match": true,
        "budget_must_be_respected": true,
        "result": "not_tested"
      },
      "is_synthetic": true,
      "data_origin": "synthetic",
      "simulation_model": "SIRA-SIM-v1",
      "random_seed": 20260825,
      "validation_status": "simulated",
      "confidence": 0.35
    },
    {
      "scenario_id": "SCN-020",
      "category": "walk_bus_walk",
      "name": "Walk Bus Walk",
      "origin": {
        "name": "Origine synthétique",
        "coordinates": [
          -4.018193,
          5.319836
        ]
      },
      "destination": {
        "name": "Destination synthétique",
        "coordinates": [
          -3.97071,
          5.352426
        ]
      },
      "departure": {
        "local_date": "2026-08-25",
        "local_time": "17:30",
        "timezone": "Africa/Abidjan"
      },
      "constraints": {
        "maximum_budget_xof": 500,
        "maximum_walking_distance_m": 1500,
        "maximum_transfers": 2,
        "allowed_modes": [
          "walk",
          "bus",
          "gbaka"
        ]
      },
      "reference_journey": {
        "solution_expected": true,
        "ground_truth_type": "simulated_reference",
        "expected_mode_sequence": [
          "walk",
          "bus",
          "walk"
        ],
        "legs": [
          {
            "sequence": 1,
            "mode": "walk",
            "from_reference": "origin",
            "to_reference": "H00-S0",
            "route_id": null,
            "distance_m": 155,
            "waiting_duration_min": 0,
            "movement_duration_min": 2.1,
            "cost_xof": 0,
            "is_synthetic": true
          },
          {
            "sequence": 2,
            "mode": "bus",
            "from_stop_id": "H00-S0",
            "to_stop_id": "H07-S0",
            "route_id": "BUS-P01",
            "distance_m": 8871,
            "waiting_duration_min": 6.0,
            "movement_duration_min": 33.3,
            "cost_xof": 300,
            "is_synthetic": true
          },
          {
            "sequence": 3,
            "mode": "walk",
            "from_reference": "H07-S0",
            "to_reference": "destination",
            "route_id": null,
            "distance_m": 267,
            "waiting_duration_min": 0,
            "movement_duration_min": 3.6,
            "cost_xof": 0,
            "is_synthetic": true
          }
        ],
        "expected_totals": {
          "walking_distance_m": 422,
          "walking_duration_min": 5.7,
          "waiting_duration_min": 6.0,
          "in_vehicle_duration_min": 33.3,
          "total_duration_min": 45.0,
          "total_cost_xof": 300,
          "boarding_count": 1,
          "transfer_count": 0,
          "confidence": 0.35
        }
      },
      "engine_validation": {
        "maximum_duration_error_min": 10,
        "maximum_cost_error_xof": 100,
        "mode_sequence_must_match": true,
        "budget_must_be_respected": true,
        "result": "not_tested"
      },
      "is_synthetic": true,
      "data_origin": "synthetic",
      "simulation_model": "SIRA-SIM-v1",
      "random_seed": 20260825,
      "validation_status": "simulated",
      "confidence": 0.35
    },
    {
      "scenario_id": "SCN-021",
      "category": "walk_bus_walk",
      "name": "Walk Bus Walk",
      "origin": {
        "name": "Origine synthétique",
        "coordinates": [
          -3.993983,
          5.345859
        ]
      },
      "destination": {
        "name": "Destination synthétique",
        "coordinates": [
          -3.967174,
          5.353496
        ]
      },
      "departure": {
        "local_date": "2026-08-25",
        "local_time": "12:30",
        "timezone": "Africa/Abidjan"
      },
      "constraints": {
        "maximum_budget_xof": 450,
        "maximum_walking_distance_m": 1500,
        "maximum_transfers": 2,
        "allowed_modes": [
          "walk",
          "bus",
          "gbaka"
        ]
      },
      "reference_journey": {
        "solution_expected": true,
        "ground_truth_type": "simulated_reference",
        "expected_mode_sequence": [
          "walk",
          "bus",
          "walk"
        ],
        "legs": [
          {
            "sequence": 1,
            "mode": "walk",
            "from_reference": "origin",
            "to_reference": "H04-S0",
            "route_id": null,
            "distance_m": 406,
            "waiting_duration_min": 0,
            "movement_duration_min": 5.4,
            "cost_xof": 0,
            "is_synthetic": true
          },
          {
            "sequence": 2,
            "mode": "bus",
            "from_stop_id": "H04-S0",
            "to_stop_id": "H07-S0",
            "route_id": "BUS-P03",
            "distance_m": 5176,
            "waiting_duration_min": 5.0,
            "movement_duration_min": 18.0,
            "cost_xof": 250,
            "is_synthetic": true
          },
          {
            "sequence": 3,
            "mode": "walk",
            "from_reference": "H07-S0",
            "to_reference": "destination",
            "route_id": null,
            "distance_m": 281,
            "waiting_duration_min": 0,
            "movement_duration_min": 3.7,
            "cost_xof": 0,
            "is_synthetic": true
          }
        ],
        "expected_totals": {
          "walking_distance_m": 687,
          "walking_duration_min": 9.1,
          "waiting_duration_min": 5.0,
          "in_vehicle_duration_min": 18.0,
          "total_duration_min": 32.1,
          "total_cost_xof": 250,
          "boarding_count": 1,
          "transfer_count": 0,
          "confidence": 0.35
        }
      },
      "engine_validation": {
        "maximum_duration_error_min": 10,
        "maximum_cost_error_xof": 100,
        "mode_sequence_must_match": true,
        "budget_must_be_respected": true,
        "result": "not_tested"
      },
      "is_synthetic": true,
      "data_origin": "synthetic",
      "simulation_model": "SIRA-SIM-v1",
      "random_seed": 20260825,
      "validation_status": "simulated",
      "confidence": 0.35
    },
    {
      "scenario_id": "SCN-022",
      "category": "walk_bus_walk",
      "name": "Walk Bus Walk",
      "origin": {
        "name": "Origine synthétique",
        "coordinates": [
          -4.008797,
          5.342191
        ]
      },
      "destination": {
        "name": "Destination synthétique",
        "coordinates": [
          -3.945244,
          5.369521
        ]
      },
      "departure": {
        "local_date": "2026-08-25",
        "local_time": "18:15",
        "timezone": "Africa/Abidjan"
      },
      "constraints": {
        "maximum_budget_xof": 600,
        "maximum_walking_distance_m": 1500,
        "maximum_transfers": 2,
        "allowed_modes": [
          "walk",
          "bus",
          "gbaka"
        ]
      },
      "reference_journey": {
        "solution_expected": true,
        "ground_truth_type": "simulated_reference",
        "expected_mode_sequence": [
          "walk",
          "bus",
          "walk"
        ],
        "legs": [
          {
            "sequence": 1,
            "mode": "walk",
            "from_reference": "origin",
            "to_reference": "H03-S0",
            "route_id": null,
            "distance_m": 212,
            "waiting_duration_min": 0,
            "movement_duration_min": 2.8,
            "cost_xof": 0,
            "is_synthetic": true
          },
          {
            "sequence": 2,
            "mode": "bus",
            "from_stop_id": "H03-S0",
            "to_stop_id": "H09-S1",
            "route_id": "BUS-P02",
            "distance_m": 10270,
            "waiting_duration_min": 7.5,
            "movement_duration_min": 35.7,
            "cost_xof": 400,
            "is_synthetic": true
          },
          {
            "sequence": 3,
            "mode": "walk",
            "from_reference": "H09-S1",
            "to_reference": "destination",
            "route_id": null,
            "distance_m": 236,
            "waiting_duration_min": 0,
            "movement_duration_min": 3.1,
            "cost_xof": 0,
            "is_synthetic": true
          }
        ],
        "expected_totals": {
          "walking_distance_m": 448,
          "walking_duration_min": 5.9,
          "waiting_duration_min": 7.5,
          "in_vehicle_duration_min": 35.7,
          "total_duration_min": 49.1,
          "total_cost_xof": 400,
          "boarding_count": 1,
          "transfer_count": 0,
          "confidence": 0.35
        }
      },
      "engine_validation": {
        "maximum_duration_error_min": 10,
        "maximum_cost_error_xof": 100,
        "mode_sequence_must_match": true,
        "budget_must_be_respected": true,
        "result": "not_tested"
      },
      "is_synthetic": true,
      "data_origin": "synthetic",
      "simulation_model": "SIRA-SIM-v1",
      "random_seed": 20260825,
      "validation_status": "simulated",
      "confidence": 0.35
    },
    {
      "scenario_id": "SCN-023",
      "category": "walk_bus_walk",
      "name": "Walk Bus Walk",
      "origin": {
        "name": "Origine synthétique",
        "coordinates": [
          -3.993562,
          5.350565
        ]
      },
      "destination": {
        "name": "Destination synthétique",
        "coordinates": [
          -3.972009,
          5.351601
        ]
      },
      "departure": {
        "local_date": "2026-08-25",
        "local_time": "07:15",
        "timezone": "Africa/Abidjan"
      },
      "constraints": {
        "maximum_budget_xof": 450,
        "maximum_walking_distance_m": 1500,
        "maximum_transfers": 2,
        "allowed_modes": [
          "walk",
          "bus",
          "gbaka"
        ]
      },
      "reference_journey": {
        "solution_expected": true,
        "ground_truth_type": "simulated_reference",
        "expected_mode_sequence": [
          "walk",
          "bus",
          "walk"
        ],
        "legs": [
          {
            "sequence": 1,
            "mode": "walk",
            "from_reference": "origin",
            "to_reference": "H04-S0",
            "route_id": null,
            "distance_m": 138,
            "waiting_duration_min": 0,
            "movement_duration_min": 1.8,
            "cost_xof": 0,
            "is_synthetic": true
          },
          {
            "sequence": 2,
            "mode": "bus",
            "from_stop_id": "H04-S0",
            "to_stop_id": "H07-S0",
            "route_id": "BUS-P03",
            "distance_m": 5176,
            "waiting_duration_min": 5.0,
            "movement_duration_min": 18.0,
            "cost_xof": 250,
            "is_synthetic": true
          },
          {
            "sequence": 3,
            "mode": "walk",
            "from_reference": "H07-S0",
            "to_reference": "destination",
            "route_id": null,
            "distance_m": 426,
            "waiting_duration_min": 0,
            "movement_duration_min": 5.7,
            "cost_xof": 0,
            "is_synthetic": true
          }
        ],
        "expected_totals": {
          "walking_distance_m": 564,
          "walking_duration_min": 7.5,
          "waiting_duration_min": 5.0,
          "in_vehicle_duration_min": 18.0,
          "total_duration_min": 30.5,
          "total_cost_xof": 250,
          "boarding_count": 1,
          "transfer_count": 0,
          "confidence": 0.35
        }
      },
      "engine_validation": {
        "maximum_duration_error_min": 10,
        "maximum_cost_error_xof": 100,
        "mode_sequence_must_match": true,
        "budget_must_be_respected": true,
        "result": "not_tested"
      },
      "is_synthetic": true,
      "data_origin": "synthetic",
      "simulation_model": "SIRA-SIM-v1",
      "random_seed": 20260825,
      "validation_status": "simulated",
      "confidence": 0.35
    },
    {
      "scenario_id": "SCN-024",
      "category": "walk_bus_walk",
      "name": "Walk Bus Walk",
      "origin": {
        "name": "Origine synthétique",
        "coordinates": [
          -4.004801,
          5.342928
        ]
      },
      "destination": {
        "name": "Destination synthétique",
        "coordinates": [
          -3.986987,
          5.365885
        ]
      },
      "departure": {
        "local_date": "2026-08-25",
        "local_time": "08:00",
        "timezone": "Africa/Abidjan"
      },
      "constraints": {
        "maximum_budget_xof": 350,
        "maximum_walking_distance_m": 1500,
        "maximum_transfers": 2,
        "allowed_modes": [
          "walk",
          "bus",
          "gbaka"
        ]
      },
      "reference_journey": {
        "solution_expected": true,
        "ground_truth_type": "simulated_reference",
        "expected_mode_sequence": [
          "walk",
          "bus",
          "walk"
        ],
        "legs": [
          {
            "sequence": 1,
            "mode": "walk",
            "from_reference": "origin",
            "to_reference": "H03-S1",
            "route_id": null,
            "distance_m": 300,
            "waiting_duration_min": 0,
            "movement_duration_min": 4.0,
            "cost_xof": 0,
            "is_synthetic": true
          },
          {
            "sequence": 2,
            "mode": "bus",
            "from_stop_id": "H03-S1",
            "to_stop_id": "H06-S1",
            "route_id": "BUS-P03",
            "distance_m": 4412,
            "waiting_duration_min": 5.0,
            "movement_duration_min": 15.5,
            "cost_xof": 250,
            "is_synthetic": true
          },
          {
            "sequence": 3,
            "mode": "walk",
            "from_reference": "H06-S1",
            "to_reference": "destination",
            "route_id": null,
            "distance_m": 475,
            "waiting_duration_min": 0,
            "movement_duration_min": 6.3,
            "cost_xof": 0,
            "is_synthetic": true
          }
        ],
        "expected_totals": {
          "walking_distance_m": 775,
          "walking_duration_min": 10.3,
          "waiting_duration_min": 5.0,
          "in_vehicle_duration_min": 15.5,
          "total_duration_min": 30.8,
          "total_cost_xof": 250,
          "boarding_count": 1,
          "transfer_count": 0,
          "confidence": 0.35
        }
      },
      "engine_validation": {
        "maximum_duration_error_min": 10,
        "maximum_cost_error_xof": 100,
        "mode_sequence_must_match": true,
        "budget_must_be_respected": true,
        "result": "not_tested"
      },
      "is_synthetic": true,
      "data_origin": "synthetic",
      "simulation_model": "SIRA-SIM-v1",
      "random_seed": 20260825,
      "validation_status": "simulated",
      "confidence": 0.35
    },
    {
      "scenario_id": "SCN-025",
      "category": "walk_bus_walk",
      "name": "Walk Bus Walk",
      "origin": {
        "name": "Origine synthétique",
        "coordinates": [
          -4.006253,
          5.345575
        ]
      },
      "destination": {
        "name": "Destination synthétique",
        "coordinates": [
          -3.95361,
          5.35033
        ]
      },
      "departure": {
        "local_date": "2026-08-25",
        "local_time": "07:15",
        "timezone": "Africa/Abidjan"
      },
      "constraints": {
        "maximum_budget_xof": 500,
        "maximum_walking_distance_m": 1500,
        "maximum_transfers": 2,
        "allowed_modes": [
          "walk",
          "bus",
          "gbaka"
        ]
      },
      "reference_journey": {
        "solution_expected": true,
        "ground_truth_type": "simulated_reference",
        "expected_mode_sequence": [
          "walk",
          "bus",
          "walk"
        ],
        "legs": [
          {
            "sequence": 1,
            "mode": "walk",
            "from_reference": "origin",
            "to_reference": "H03-S0",
            "route_id": null,
            "distance_m": 278,
            "waiting_duration_min": 0,
            "movement_duration_min": 3.7,
            "cost_xof": 0,
            "is_synthetic": true
          },
          {
            "sequence": 2,
            "mode": "bus",
            "from_stop_id": "H03-S0",
            "to_stop_id": "H08-S0",
            "route_id": "BUS-P04",
            "distance_m": 7062,
            "waiting_duration_min": 7.0,
            "movement_duration_min": 24.3,
            "cost_xof": 300,
            "is_synthetic": true
          },
          {
            "sequence": 3,
            "mode": "walk",
            "from_reference": "H08-S0",
            "to_reference": "destination",
            "route_id": null,
            "distance_m": 252,
            "waiting_duration_min": 0,
            "movement_duration_min": 3.4,
            "cost_xof": 0,
            "is_synthetic": true
          }
        ],
        "expected_totals": {
          "walking_distance_m": 530,
          "walking_duration_min": 7.1,
          "waiting_duration_min": 7.0,
          "in_vehicle_duration_min": 24.3,
          "total_duration_min": 38.4,
          "total_cost_xof": 300,
          "boarding_count": 1,
          "transfer_count": 0,
          "confidence": 0.35
        }
      },
      "engine_validation": {
        "maximum_duration_error_min": 10,
        "maximum_cost_error_xof": 100,
        "mode_sequence_must_match": true,
        "budget_must_be_respected": true,
        "result": "not_tested"
      },
      "is_synthetic": true,
      "data_origin": "synthetic",
      "simulation_model": "SIRA-SIM-v1",
      "random_seed": 20260825,
      "validation_status": "simulated",
      "confidence": 0.35
    },
    {
      "scenario_id": "SCN-026",
      "category": "walk_gbaka_walk",
      "name": "Walk Gbaka Walk",
      "origin": {
        "name": "Origine synthétique",
        "coordinates": [
          -3.994716,
          5.350674
        ]
      },
      "destination": {
        "name": "Destination synthétique",
        "coordinates": [
          -3.94265,
          5.366445
        ]
      },
      "departure": {
        "local_date": "2026-08-25",
        "local_time": "18:15",
        "timezone": "Africa/Abidjan"
      },
      "constraints": {
        "maximum_budget_xof": 600,
        "maximum_walking_distance_m": 1500,
        "maximum_transfers": 2,
        "allowed_modes": [
          "walk",
          "bus",
          "gbaka"
        ]
      },
      "reference_journey": {
        "solution_expected": true,
        "ground_truth_type": "simulated_reference",
        "expected_mode_sequence": [
          "walk",
          "gbaka",
          "walk"
        ],
        "legs": [
          {
            "sequence": 1,
            "mode": "walk",
            "from_reference": "origin",
            "to_reference": "H04-S3",
            "route_id": null,
            "distance_m": 277,
            "waiting_duration_min": 0,
            "movement_duration_min": 3.7,
            "cost_xof": 0,
            "is_synthetic": true
          },
          {
            "sequence": 2,
            "mode": "gbaka",
            "from_stop_id": "H04-S3",
            "to_stop_id": "H09-S3",
            "route_id": "GBAKA-P03",
            "distance_m": 6396,
            "waiting_duration_min": 4.5,
            "movement_duration_min": 24.5,
            "cost_xof": 500,
            "is_synthetic": true
          },
          {
            "sequence": 3,
            "mode": "walk",
            "from_reference": "H09-S3",
            "to_reference": "destination",
            "route_id": null,
            "distance_m": 276,
            "waiting_duration_min": 0,
            "movement_duration_min": 3.7,
            "cost_xof": 0,
            "is_synthetic": true
          }
        ],
        "expected_totals": {
          "walking_distance_m": 553,
          "walking_duration_min": 7.4,
          "waiting_duration_min": 4.5,
          "in_vehicle_duration_min": 24.5,
          "total_duration_min": 36.4,
          "total_cost_xof": 500,
          "boarding_count": 1,
          "transfer_count": 0,
          "confidence": 0.35
        }
      },
      "engine_validation": {
        "maximum_duration_error_min": 10,
        "maximum_cost_error_xof": 100,
        "mode_sequence_must_match": true,
        "budget_must_be_respected": true,
        "result": "not_tested"
      },
      "is_synthetic": true,
      "data_origin": "synthetic",
      "simulation_model": "SIRA-SIM-v1",
      "random_seed": 20260825,
      "validation_status": "simulated",
      "confidence": 0.35
    },
    {
      "scenario_id": "SCN-027",
      "category": "walk_gbaka_walk",
      "name": "Walk Gbaka Walk",
      "origin": {
        "name": "Origine synthétique",
        "coordinates": [
          -4.016743,
          5.333729
        ]
      },
      "destination": {
        "name": "Destination synthétique",
        "coordinates": [
          -3.996956,
          5.348044
        ]
      },
      "departure": {
        "local_date": "2026-08-25",
        "local_time": "18:15",
        "timezone": "Africa/Abidjan"
      },
      "constraints": {
        "maximum_budget_xof": 600,
        "maximum_walking_distance_m": 1500,
        "maximum_transfers": 2,
        "allowed_modes": [
          "walk",
          "bus",
          "gbaka"
        ]
      },
      "reference_journey": {
        "solution_expected": true,
        "ground_truth_type": "simulated_reference",
        "expected_mode_sequence": [
          "walk",
          "gbaka",
          "walk"
        ],
        "legs": [
          {
            "sequence": 1,
            "mode": "walk",
            "from_reference": "origin",
            "to_reference": "H02-S2",
            "route_id": null,
            "distance_m": 363,
            "waiting_duration_min": 0,
            "movement_duration_min": 4.8,
            "cost_xof": 0,
            "is_synthetic": true
          },
          {
            "sequence": 2,
            "mode": "gbaka",
            "from_stop_id": "H02-S2",
            "to_stop_id": "H04-S2",
            "route_id": "GBAKA-P01",
            "distance_m": 3598,
            "waiting_duration_min": 4.0,
            "movement_duration_min": 14.0,
            "cost_xof": 400,
            "is_synthetic": true
          },
          {
            "sequence": 3,
            "mode": "walk",
            "from_reference": "H04-S2",
            "to_reference": "destination",
            "route_id": null,
            "distance_m": 309,
            "waiting_duration_min": 0,
            "movement_duration_min": 4.1,
            "cost_xof": 0,
            "is_synthetic": true
          }
        ],
        "expected_totals": {
          "walking_distance_m": 672,
          "walking_duration_min": 8.9,
          "waiting_duration_min": 4.0,
          "in_vehicle_duration_min": 14.0,
          "total_duration_min": 26.9,
          "total_cost_xof": 400,
          "boarding_count": 1,
          "transfer_count": 0,
          "confidence": 0.35
        }
      },
      "engine_validation": {
        "maximum_duration_error_min": 10,
        "maximum_cost_error_xof": 100,
        "mode_sequence_must_match": true,
        "budget_must_be_respected": true,
        "result": "not_tested"
      },
      "is_synthetic": true,
      "data_origin": "synthetic",
      "simulation_model": "SIRA-SIM-v1",
      "random_seed": 20260825,
      "validation_status": "simulated",
      "confidence": 0.35
    },
    {
      "scenario_id": "SCN-028",
      "category": "walk_gbaka_walk",
      "name": "Walk Gbaka Walk",
      "origin": {
        "name": "Origine synthétique",
        "coordinates": [
          -4.021482,
          5.336528
        ]
      },
      "destination": {
        "name": "Destination synthétique",
        "coordinates": [
          -3.981946,
          5.368115
        ]
      },
      "departure": {
        "local_date": "2026-08-25",
        "local_time": "08:00",
        "timezone": "Africa/Abidjan"
      },
      "constraints": {
        "maximum_budget_xof": 600,
        "maximum_walking_distance_m": 1500,
        "maximum_transfers": 2,
        "allowed_modes": [
          "walk",
          "bus",
          "gbaka"
        ]
      },
      "reference_journey": {
        "solution_expected": true,
        "ground_truth_type": "simulated_reference",
        "expected_mode_sequence": [
          "walk",
          "gbaka",
          "walk"
        ],
        "legs": [
          {
            "sequence": 1,
            "mode": "walk",
            "from_reference": "origin",
            "to_reference": "H02-S2",
            "route_id": null,
            "distance_m": 260,
            "waiting_duration_min": 0,
            "movement_duration_min": 3.5,
            "cost_xof": 0,
            "is_synthetic": true
          },
          {
            "sequence": 2,
            "mode": "gbaka",
            "from_stop_id": "H02-S2",
            "to_stop_id": "H06-S3",
            "route_id": "GBAKA-P01",
            "distance_m": 6102,
            "waiting_duration_min": 4.0,
            "movement_duration_min": 24.0,
            "cost_xof": 400,
            "is_synthetic": true
          },
          {
            "sequence": 3,
            "mode": "walk",
            "from_reference": "H06-S3",
            "to_reference": "destination",
            "route_id": null,
            "distance_m": 269,
            "waiting_duration_min": 0,
            "movement_duration_min": 3.6,
            "cost_xof": 0,
            "is_synthetic": true
          }
        ],
        "expected_totals": {
          "walking_distance_m": 529,
          "walking_duration_min": 7.1,
          "waiting_duration_min": 4.0,
          "in_vehicle_duration_min": 24.0,
          "total_duration_min": 35.1,
          "total_cost_xof": 400,
          "boarding_count": 1,
          "transfer_count": 0,
          "confidence": 0.35
        }
      },
      "engine_validation": {
        "maximum_duration_error_min": 10,
        "maximum_cost_error_xof": 100,
        "mode_sequence_must_match": true,
        "budget_must_be_respected": true,
        "result": "not_tested"
      },
      "is_synthetic": true,
      "data_origin": "synthetic",
      "simulation_model": "SIRA-SIM-v1",
      "random_seed": 20260825,
      "validation_status": "simulated",
      "confidence": 0.35
    },
    {
      "scenario_id": "SCN-029",
      "category": "walk_gbaka_walk",
      "name": "Walk Gbaka Walk",
      "origin": {
        "name": "Origine synthétique",
        "coordinates": [
          -4.011969,
          5.345883
        ]
      },
      "destination": {
        "name": "Destination synthétique",
        "coordinates": [
          -3.971663,
          5.355777
        ]
      },
      "departure": {
        "local_date": "2026-08-25",
        "local_time": "07:15",
        "timezone": "Africa/Abidjan"
      },
      "constraints": {
        "maximum_budget_xof": 600,
        "maximum_walking_distance_m": 1500,
        "maximum_transfers": 2,
        "allowed_modes": [
          "walk",
          "bus",
          "gbaka"
        ]
      },
      "reference_journey": {
        "solution_expected": true,
        "ground_truth_type": "simulated_reference",
        "expected_mode_sequence": [
          "walk",
          "gbaka",
          "walk"
        ],
        "legs": [
          {
            "sequence": 1,
            "mode": "walk",
            "from_reference": "origin",
            "to_reference": "H03-S2",
            "route_id": null,
            "distance_m": 334,
            "waiting_duration_min": 0,
            "movement_duration_min": 4.5,
            "cost_xof": 0,
            "is_synthetic": true
          },
          {
            "sequence": 2,
            "mode": "gbaka",
            "from_stop_id": "H03-S2",
            "to_stop_id": "H07-S2",
            "route_id": "GBAKA-P03",
            "distance_m": 4975,
            "waiting_duration_min": 4.5,
            "movement_duration_min": 19.2,
            "cost_xof": 500,
            "is_synthetic": true
          },
          {
            "sequence": 3,
            "mode": "walk",
            "from_reference": "H07-S2",
            "to_reference": "destination",
            "route_id": null,
            "distance_m": 144,
            "waiting_duration_min": 0,
            "movement_duration_min": 1.9,
            "cost_xof": 0,
            "is_synthetic": true
          }
        ],
        "expected_totals": {
          "walking_distance_m": 478,
          "walking_duration_min": 6.4,
          "waiting_duration_min": 4.5,
          "in_vehicle_duration_min": 19.2,
          "total_duration_min": 30.1,
          "total_cost_xof": 500,
          "boarding_count": 1,
          "transfer_count": 0,
          "confidence": 0.35
        }
      },
      "engine_validation": {
        "maximum_duration_error_min": 10,
        "maximum_cost_error_xof": 100,
        "mode_sequence_must_match": true,
        "budget_must_be_respected": true,
        "result": "not_tested"
      },
      "is_synthetic": true,
      "data_origin": "synthetic",
      "simulation_model": "SIRA-SIM-v1",
      "random_seed": 20260825,
      "validation_status": "simulated",
      "confidence": 0.35
    },
    {
      "scenario_id": "SCN-030",
      "category": "walk_gbaka_walk",
      "name": "Walk Gbaka Walk",
      "origin": {
        "name": "Origine synthétique",
        "coordinates": [
          -3.970734,
          5.350403
        ]
      },
      "destination": {
        "name": "Destination synthétique",
        "coordinates": [
          -3.943127,
          5.366514
        ]
      },
      "departure": {
        "local_date": "2026-08-25",
        "local_time": "12:30",
        "timezone": "Africa/Abidjan"
      },
      "constraints": {
        "maximum_budget_xof": 600,
        "maximum_walking_distance_m": 1500,
        "maximum_transfers": 2,
        "allowed_modes": [
          "walk",
          "bus",
          "gbaka"
        ]
      },
      "reference_journey": {
        "solution_expected": true,
        "ground_truth_type": "simulated_reference",
        "expected_mode_sequence": [
          "walk",
          "gbaka",
          "walk"
        ],
        "legs": [
          {
            "sequence": 1,
            "mode": "walk",
            "from_reference": "origin",
            "to_reference": "H07-S3",
            "route_id": null,
            "distance_m": 406,
            "waiting_duration_min": 0,
            "movement_duration_min": 5.4,
            "cost_xof": 0,
            "is_synthetic": true
          },
          {
            "sequence": 2,
            "mode": "gbaka",
            "from_stop_id": "H07-S3",
            "to_stop_id": "H09-S3",
            "route_id": "GBAKA-P04",
            "distance_m": 3933,
            "waiting_duration_min": 3.0,
            "movement_duration_min": 15.3,
            "cost_xof": 300,
            "is_synthetic": true
          },
          {
            "sequence": 3,
            "mode": "walk",
            "from_reference": "H09-S3",
            "to_reference": "destination",
            "route_id": null,
            "distance_m": 226,
            "waiting_duration_min": 0,
            "movement_duration_min": 3.0,
            "cost_xof": 0,
            "is_synthetic": true
          }
        ],
        "expected_totals": {
          "walking_distance_m": 632,
          "walking_duration_min": 8.4,
          "waiting_duration_min": 3.0,
          "in_vehicle_duration_min": 15.3,
          "total_duration_min": 26.7,
          "total_cost_xof": 300,
          "boarding_count": 1,
          "transfer_count": 0,
          "confidence": 0.35
        }
      },
      "engine_validation": {
        "maximum_duration_error_min": 10,
        "maximum_cost_error_xof": 100,
        "mode_sequence_must_match": true,
        "budget_must_be_respected": true,
        "result": "not_tested"
      },
      "is_synthetic": true,
      "data_origin": "synthetic",
      "simulation_model": "SIRA-SIM-v1",
      "random_seed": 20260825,
      "validation_status": "simulated",
      "confidence": 0.35
    },
    {
      "scenario_id": "SCN-031",
      "category": "walk_gbaka_walk",
      "name": "Walk Gbaka Walk",
      "origin": {
        "name": "Origine synthétique",
        "coordinates": [
          -3.99584,
          5.349176
        ]
      },
      "destination": {
        "name": "Destination synthétique",
        "coordinates": [
          -3.94662,
          5.3669
        ]
      },
      "departure": {
        "local_date": "2026-08-25",
        "local_time": "12:30",
        "timezone": "Africa/Abidjan"
      },
      "constraints": {
        "maximum_budget_xof": 600,
        "maximum_walking_distance_m": 1500,
        "maximum_transfers": 2,
        "allowed_modes": [
          "walk",
          "bus",
          "gbaka"
        ]
      },
      "reference_journey": {
        "solution_expected": true,
        "ground_truth_type": "simulated_reference",
        "expected_mode_sequence": [
          "walk",
          "gbaka",
          "walk"
        ],
        "legs": [
          {
            "sequence": 1,
            "mode": "walk",
            "from_reference": "origin",
            "to_reference": "H04-S3",
            "route_id": null,
            "distance_m": 270,
            "waiting_duration_min": 0,
            "movement_duration_min": 3.6,
            "cost_xof": 0,
            "is_synthetic": true
          },
          {
            "sequence": 2,
            "mode": "gbaka",
            "from_stop_id": "H04-S3",
            "to_stop_id": "H09-S3",
            "route_id": "GBAKA-P03",
            "distance_m": 6396,
            "waiting_duration_min": 4.5,
            "movement_duration_min": 24.5,
            "cost_xof": 500,
            "is_synthetic": true
          },
          {
            "sequence": 3,
            "mode": "walk",
            "from_reference": "H09-S3",
            "to_reference": "destination",
            "route_id": null,
            "distance_m": 196,
            "waiting_duration_min": 0,
            "movement_duration_min": 2.6,
            "cost_xof": 0,
            "is_synthetic": true
          }
        ],
        "expected_totals": {
          "walking_distance_m": 466,
          "walking_duration_min": 6.2,
          "waiting_duration_min": 4.5,
          "in_vehicle_duration_min": 24.5,
          "total_duration_min": 35.2,
          "total_cost_xof": 500,
          "boarding_count": 1,
          "transfer_count": 0,
          "confidence": 0.35
        }
      },
      "engine_validation": {
        "maximum_duration_error_min": 10,
        "maximum_cost_error_xof": 100,
        "mode_sequence_must_match": true,
        "budget_must_be_respected": true,
        "result": "not_tested"
      },
      "is_synthetic": true,
      "data_origin": "synthetic",
      "simulation_model": "SIRA-SIM-v1",
      "random_seed": 20260825,
      "validation_status": "simulated",
      "confidence": 0.35
    },
    {
      "scenario_id": "SCN-032",
      "category": "walk_gbaka_walk",
      "name": "Walk Gbaka Walk",
      "origin": {
        "name": "Origine synthétique",
        "coordinates": [
          -3.994388,
          5.347822
        ]
      },
      "destination": {
        "name": "Destination synthétique",
        "coordinates": [
          -3.94317,
          5.366069
        ]
      },
      "departure": {
        "local_date": "2026-08-25",
        "local_time": "08:00",
        "timezone": "Africa/Abidjan"
      },
      "constraints": {
        "maximum_budget_xof": 800,
        "maximum_walking_distance_m": 1500,
        "maximum_transfers": 2,
        "allowed_modes": [
          "walk",
          "bus",
          "gbaka"
        ]
      },
      "reference_journey": {
        "solution_expected": true,
        "ground_truth_type": "simulated_reference",
        "expected_mode_sequence": [
          "walk",
          "gbaka",
          "walk"
        ],
        "legs": [
          {
            "sequence": 1,
            "mode": "walk",
            "from_reference": "origin",
            "to_reference": "H04-S3",
            "route_id": null,
            "distance_m": 124,
            "waiting_duration_min": 0,
            "movement_duration_min": 1.7,
            "cost_xof": 0,
            "is_synthetic": true
          },
          {
            "sequence": 2,
            "mode": "gbaka",
            "from_stop_id": "H04-S3",
            "to_stop_id": "H09-S3",
            "route_id": "GBAKA-P03",
            "distance_m": 6396,
            "waiting_duration_min": 4.5,
            "movement_duration_min": 24.5,
            "cost_xof": 500,
            "is_synthetic": true
          },
          {
            "sequence": 3,
            "mode": "walk",
            "from_reference": "H09-S3",
            "to_reference": "destination",
            "route_id": null,
            "distance_m": 214,
            "waiting_duration_min": 0,
            "movement_duration_min": 2.9,
            "cost_xof": 0,
            "is_synthetic": true
          }
        ],
        "expected_totals": {
          "walking_distance_m": 338,
          "walking_duration_min": 4.6,
          "waiting_duration_min": 4.5,
          "in_vehicle_duration_min": 24.5,
          "total_duration_min": 33.6,
          "total_cost_xof": 500,
          "boarding_count": 1,
          "transfer_count": 0,
          "confidence": 0.35
        }
      },
      "engine_validation": {
        "maximum_duration_error_min": 10,
        "maximum_cost_error_xof": 100,
        "mode_sequence_must_match": true,
        "budget_must_be_respected": true,
        "result": "not_tested"
      },
      "is_synthetic": true,
      "data_origin": "synthetic",
      "simulation_model": "SIRA-SIM-v1",
      "random_seed": 20260825,
      "validation_status": "simulated",
      "confidence": 0.35
    },
    {
      "scenario_id": "SCN-033",
      "category": "walk_gbaka_walk",
      "name": "Walk Gbaka Walk",
      "origin": {
        "name": "Origine synthétique",
        "coordinates": [
          -4.007431,
          5.347842
        ]
      },
      "destination": {
        "name": "Destination synthétique",
        "coordinates": [
          -3.973784,
          5.353753
        ]
      },
      "departure": {
        "local_date": "2026-08-25",
        "local_time": "18:15",
        "timezone": "Africa/Abidjan"
      },
      "constraints": {
        "maximum_budget_xof": 800,
        "maximum_walking_distance_m": 1500,
        "maximum_transfers": 2,
        "allowed_modes": [
          "walk",
          "bus",
          "gbaka"
        ]
      },
      "reference_journey": {
        "solution_expected": true,
        "ground_truth_type": "simulated_reference",
        "expected_mode_sequence": [
          "walk",
          "gbaka",
          "walk"
        ],
        "legs": [
          {
            "sequence": 1,
            "mode": "walk",
            "from_reference": "origin",
            "to_reference": "H03-S2",
            "route_id": null,
            "distance_m": 401,
            "waiting_duration_min": 0,
            "movement_duration_min": 5.3,
            "cost_xof": 0,
            "is_synthetic": true
          },
          {
            "sequence": 2,
            "mode": "gbaka",
            "from_stop_id": "H03-S2",
            "to_stop_id": "H07-S2",
            "route_id": "GBAKA-P03",
            "distance_m": 4975,
            "waiting_duration_min": 4.5,
            "movement_duration_min": 19.2,
            "cost_xof": 500,
            "is_synthetic": true
          },
          {
            "sequence": 3,
            "mode": "walk",
            "from_reference": "H07-S2",
            "to_reference": "destination",
            "route_id": null,
            "distance_m": 398,
            "waiting_duration_min": 0,
            "movement_duration_min": 5.3,
            "cost_xof": 0,
            "is_synthetic": true
          }
        ],
        "expected_totals": {
          "walking_distance_m": 799,
          "walking_duration_min": 10.6,
          "waiting_duration_min": 4.5,
          "in_vehicle_duration_min": 19.2,
          "total_duration_min": 34.3,
          "total_cost_xof": 500,
          "boarding_count": 1,
          "transfer_count": 0,
          "confidence": 0.35
        }
      },
      "engine_validation": {
        "maximum_duration_error_min": 10,
        "maximum_cost_error_xof": 100,
        "mode_sequence_must_match": true,
        "budget_must_be_respected": true,
        "result": "not_tested"
      },
      "is_synthetic": true,
      "data_origin": "synthetic",
      "simulation_model": "SIRA-SIM-v1",
      "random_seed": 20260825,
      "validation_status": "simulated",
      "confidence": 0.35
    },
    {
      "scenario_id": "SCN-034",
      "category": "walk_gbaka_walk",
      "name": "Walk Gbaka Walk",
      "origin": {
        "name": "Origine synthétique",
        "coordinates": [
          -4.009064,
          5.345243
        ]
      },
      "destination": {
        "name": "Destination synthétique",
        "coordinates": [
          -3.983946,
          5.369033
        ]
      },
      "departure": {
        "local_date": "2026-08-25",
        "local_time": "07:15",
        "timezone": "Africa/Abidjan"
      },
      "constraints": {
        "maximum_budget_xof": 500,
        "maximum_walking_distance_m": 1500,
        "maximum_transfers": 2,
        "allowed_modes": [
          "walk",
          "bus",
          "gbaka"
        ]
      },
      "reference_journey": {
        "solution_expected": true,
        "ground_truth_type": "simulated_reference",
        "expected_mode_sequence": [
          "walk",
          "gbaka",
          "walk"
        ],
        "legs": [
          {
            "sequence": 1,
            "mode": "walk",
            "from_reference": "origin",
            "to_reference": "H03-S3",
            "route_id": null,
            "distance_m": 304,
            "waiting_duration_min": 0,
            "movement_duration_min": 4.1,
            "cost_xof": 0,
            "is_synthetic": true
          },
          {
            "sequence": 2,
            "mode": "gbaka",
            "from_stop_id": "H03-S3",
            "to_stop_id": "H06-S3",
            "route_id": "GBAKA-P01",
            "distance_m": 4274,
            "waiting_duration_min": 4.0,
            "movement_duration_min": 16.6,
            "cost_xof": 400,
            "is_synthetic": true
          },
          {
            "sequence": 3,
            "mode": "walk",
            "from_reference": "H06-S3",
            "to_reference": "destination",
            "route_id": null,
            "distance_m": 227,
            "waiting_duration_min": 0,
            "movement_duration_min": 3.0,
            "cost_xof": 0,
            "is_synthetic": true
          }
        ],
        "expected_totals": {
          "walking_distance_m": 531,
          "walking_duration_min": 7.1,
          "waiting_duration_min": 4.0,
          "in_vehicle_duration_min": 16.6,
          "total_duration_min": 27.7,
          "total_cost_xof": 400,
          "boarding_count": 1,
          "transfer_count": 0,
          "confidence": 0.35
        }
      },
      "engine_validation": {
        "maximum_duration_error_min": 10,
        "maximum_cost_error_xof": 100,
        "mode_sequence_must_match": true,
        "budget_must_be_respected": true,
        "result": "not_tested"
      },
      "is_synthetic": true,
      "data_origin": "synthetic",
      "simulation_model": "SIRA-SIM-v1",
      "random_seed": 20260825,
      "validation_status": "simulated",
      "confidence": 0.35
    },
    {
      "scenario_id": "SCN-035",
      "category": "walk_gbaka_walk",
      "name": "Walk Gbaka Walk",
      "origin": {
        "name": "Origine synthétique",
        "coordinates": [
          -3.99069,
          5.346119
        ]
      },
      "destination": {
        "name": "Destination synthétique",
        "coordinates": [
          -3.941778,
          5.367621
        ]
      },
      "departure": {
        "local_date": "2026-08-25",
        "local_time": "08:00",
        "timezone": "Africa/Abidjan"
      },
      "constraints": {
        "maximum_budget_xof": 800,
        "maximum_walking_distance_m": 1500,
        "maximum_transfers": 2,
        "allowed_modes": [
          "walk",
          "bus",
          "gbaka"
        ]
      },
      "reference_journey": {
        "solution_expected": true,
        "ground_truth_type": "simulated_reference",
        "expected_mode_sequence": [
          "walk",
          "gbaka",
          "walk"
        ],
        "legs": [
          {
            "sequence": 1,
            "mode": "walk",
            "from_reference": "origin",
            "to_reference": "H04-S3",
            "route_id": null,
            "distance_m": 409,
            "waiting_duration_min": 0,
            "movement_duration_min": 5.5,
            "cost_xof": 0,
            "is_synthetic": true
          },
          {
            "sequence": 2,
            "mode": "gbaka",
            "from_stop_id": "H04-S3",
            "to_stop_id": "H09-S3",
            "route_id": "GBAKA-P03",
            "distance_m": 6396,
            "waiting_duration_min": 4.5,
            "movement_duration_min": 24.5,
            "cost_xof": 500,
            "is_synthetic": true
          },
          {
            "sequence": 3,
            "mode": "walk",
            "from_reference": "H09-S3",
            "to_reference": "destination",
            "route_id": null,
            "distance_m": 410,
            "waiting_duration_min": 0,
            "movement_duration_min": 5.5,
            "cost_xof": 0,
            "is_synthetic": true
          }
        ],
        "expected_totals": {
          "walking_distance_m": 819,
          "walking_duration_min": 11.0,
          "waiting_duration_min": 4.5,
          "in_vehicle_duration_min": 24.5,
          "total_duration_min": 40.0,
          "total_cost_xof": 500,
          "boarding_count": 1,
          "transfer_count": 0,
          "confidence": 0.35
        }
      },
      "engine_validation": {
        "maximum_duration_error_min": 10,
        "maximum_cost_error_xof": 100,
        "mode_sequence_must_match": true,
        "budget_must_be_respected": true,
        "result": "not_tested"
      },
      "is_synthetic": true,
      "data_origin": "synthetic",
      "simulation_model": "SIRA-SIM-v1",
      "random_seed": 20260825,
      "validation_status": "simulated",
      "confidence": 0.35
    },
    {
      "scenario_id": "SCN-036",
      "category": "walk_gbaka_walk",
      "name": "Walk Gbaka Walk",
      "origin": {
        "name": "Origine synthétique",
        "coordinates": [
          -3.996826,
          5.350772
        ]
      },
      "destination": {
        "name": "Destination synthétique",
        "coordinates": [
          -3.942696,
          5.368656
        ]
      },
      "departure": {
        "local_date": "2026-08-25",
        "local_time": "07:15",
        "timezone": "Africa/Abidjan"
      },
      "constraints": {
        "maximum_budget_xof": 700,
        "maximum_walking_distance_m": 1500,
        "maximum_transfers": 2,
        "allowed_modes": [
          "walk",
          "bus",
          "gbaka"
        ]
      },
      "reference_journey": {
        "solution_expected": true,
        "ground_truth_type": "simulated_reference",
        "expected_mode_sequence": [
          "walk",
          "gbaka",
          "walk"
        ],
        "legs": [
          {
            "sequence": 1,
            "mode": "walk",
            "from_reference": "origin",
            "to_reference": "H04-S3",
            "route_id": null,
            "distance_m": 447,
            "waiting_duration_min": 0,
            "movement_duration_min": 6.0,
            "cost_xof": 0,
            "is_synthetic": true
          },
          {
            "sequence": 2,
            "mode": "gbaka",
            "from_stop_id": "H04-S3",
            "to_stop_id": "H09-S3",
            "route_id": "GBAKA-P03",
            "distance_m": 6396,
            "waiting_duration_min": 4.5,
            "movement_duration_min": 24.5,
            "cost_xof": 500,
            "is_synthetic": true
          },
          {
            "sequence": 3,
            "mode": "walk",
            "from_reference": "H09-S3",
            "to_reference": "destination",
            "route_id": null,
            "distance_m": 398,
            "waiting_duration_min": 0,
            "movement_duration_min": 5.3,
            "cost_xof": 0,
            "is_synthetic": true
          }
        ],
        "expected_totals": {
          "walking_distance_m": 845,
          "walking_duration_min": 11.3,
          "waiting_duration_min": 4.5,
          "in_vehicle_duration_min": 24.5,
          "total_duration_min": 40.3,
          "total_cost_xof": 500,
          "boarding_count": 1,
          "transfer_count": 0,
          "confidence": 0.35
        }
      },
      "engine_validation": {
        "maximum_duration_error_min": 10,
        "maximum_cost_error_xof": 100,
        "mode_sequence_must_match": true,
        "budget_must_be_respected": true,
        "result": "not_tested"
      },
      "is_synthetic": true,
      "data_origin": "synthetic",
      "simulation_model": "SIRA-SIM-v1",
      "random_seed": 20260825,
      "validation_status": "simulated",
      "confidence": 0.35
    },
    {
      "scenario_id": "SCN-037",
      "category": "walk_gbaka_walk",
      "name": "Walk Gbaka Walk",
      "origin": {
        "name": "Origine synthétique",
        "coordinates": [
          -4.007261,
          5.345915
        ]
      },
      "destination": {
        "name": "Destination synthétique",
        "coordinates": [
          -3.969014,
          5.354181
        ]
      },
      "departure": {
        "local_date": "2026-08-25",
        "local_time": "17:30",
        "timezone": "Africa/Abidjan"
      },
      "constraints": {
        "maximum_budget_xof": 800,
        "maximum_walking_distance_m": 1500,
        "maximum_transfers": 2,
        "allowed_modes": [
          "walk",
          "bus",
          "gbaka"
        ]
      },
      "reference_journey": {
        "solution_expected": true,
        "ground_truth_type": "simulated_reference",
        "expected_mode_sequence": [
          "walk",
          "gbaka",
          "walk"
        ],
        "legs": [
          {
            "sequence": 1,
            "mode": "walk",
            "from_reference": "origin",
            "to_reference": "H03-S2",
            "route_id": null,
            "distance_m": 254,
            "waiting_duration_min": 0,
            "movement_duration_min": 3.4,
            "cost_xof": 0,
            "is_synthetic": true
          },
          {
            "sequence": 2,
            "mode": "gbaka",
            "from_stop_id": "H03-S2",
            "to_stop_id": "H07-S2",
            "route_id": "GBAKA-P03",
            "distance_m": 4975,
            "waiting_duration_min": 4.5,
            "movement_duration_min": 19.2,
            "cost_xof": 500,
            "is_synthetic": true
          },
          {
            "sequence": 3,
            "mode": "walk",
            "from_reference": "H07-S2",
            "to_reference": "destination",
            "route_id": null,
            "distance_m": 200,
            "waiting_duration_min": 0,
            "movement_duration_min": 2.7,
            "cost_xof": 0,
            "is_synthetic": true
          }
        ],
        "expected_totals": {
          "walking_distance_m": 454,
          "walking_duration_min": 6.1,
          "waiting_duration_min": 4.5,
          "in_vehicle_duration_min": 19.2,
          "total_duration_min": 29.8,
          "total_cost_xof": 500,
          "boarding_count": 1,
          "transfer_count": 0,
          "confidence": 0.35
        }
      },
      "engine_validation": {
        "maximum_duration_error_min": 10,
        "maximum_cost_error_xof": 100,
        "mode_sequence_must_match": true,
        "budget_must_be_respected": true,
        "result": "not_tested"
      },
      "is_synthetic": true,
      "data_origin": "synthetic",
      "simulation_model": "SIRA-SIM-v1",
      "random_seed": 20260825,
      "validation_status": "simulated",
      "confidence": 0.35
    },
    {
      "scenario_id": "SCN-038",
      "category": "walk_gbaka_walk",
      "name": "Walk Gbaka Walk",
      "origin": {
        "name": "Origine synthétique",
        "coordinates": [
          -4.00347,
          5.344093
        ]
      },
      "destination": {
        "name": "Destination synthétique",
        "coordinates": [
          -3.985633,
          5.367446
        ]
      },
      "departure": {
        "local_date": "2026-08-25",
        "local_time": "07:15",
        "timezone": "Africa/Abidjan"
      },
      "constraints": {
        "maximum_budget_xof": 700,
        "maximum_walking_distance_m": 1500,
        "maximum_transfers": 2,
        "allowed_modes": [
          "walk",
          "bus",
          "gbaka"
        ]
      },
      "reference_journey": {
        "solution_expected": true,
        "ground_truth_type": "simulated_reference",
        "expected_mode_sequence": [
          "walk",
          "gbaka",
          "walk"
        ],
        "legs": [
          {
            "sequence": 1,
            "mode": "walk",
            "from_reference": "origin",
            "to_reference": "H03-S3",
            "route_id": null,
            "distance_m": 463,
            "waiting_duration_min": 0,
            "movement_duration_min": 6.2,
            "cost_xof": 0,
            "is_synthetic": true
          },
          {
            "sequence": 2,
            "mode": "gbaka",
            "from_stop_id": "H03-S3",
            "to_stop_id": "H06-S3",
            "route_id": "GBAKA-P01",
            "distance_m": 4274,
            "waiting_duration_min": 4.0,
            "movement_duration_min": 16.6,
            "cost_xof": 400,
            "is_synthetic": true
          },
          {
            "sequence": 3,
            "mode": "walk",
            "from_reference": "H06-S3",
            "to_reference": "destination",
            "route_id": null,
            "distance_m": 177,
            "waiting_duration_min": 0,
            "movement_duration_min": 2.4,
            "cost_xof": 0,
            "is_synthetic": true
          }
        ],
        "expected_totals": {
          "walking_distance_m": 640,
          "walking_duration_min": 8.6,
          "waiting_duration_min": 4.0,
          "in_vehicle_duration_min": 16.6,
          "total_duration_min": 29.2,
          "total_cost_xof": 400,
          "boarding_count": 1,
          "transfer_count": 0,
          "confidence": 0.35
        }
      },
      "engine_validation": {
        "maximum_duration_error_min": 10,
        "maximum_cost_error_xof": 100,
        "mode_sequence_must_match": true,
        "budget_must_be_respected": true,
        "result": "not_tested"
      },
      "is_synthetic": true,
      "data_origin": "synthetic",
      "simulation_model": "SIRA-SIM-v1",
      "random_seed": 20260825,
      "validation_status": "simulated",
      "confidence": 0.35
    },
    {
      "scenario_id": "SCN-039",
      "category": "walk_gbaka_walk",
      "name": "Walk Gbaka Walk",
      "origin": {
        "name": "Origine synthétique",
        "coordinates": [
          -4.00835,
          5.342022
        ]
      },
      "destination": {
        "name": "Destination synthétique",
        "coordinates": [
          -3.987324,
          5.367668
        ]
      },
      "departure": {
        "local_date": "2026-08-25",
        "local_time": "08:00",
        "timezone": "Africa/Abidjan"
      },
      "constraints": {
        "maximum_budget_xof": 600,
        "maximum_walking_distance_m": 1500,
        "maximum_transfers": 2,
        "allowed_modes": [
          "walk",
          "bus",
          "gbaka"
        ]
      },
      "reference_journey": {
        "solution_expected": true,
        "ground_truth_type": "simulated_reference",
        "expected_mode_sequence": [
          "walk",
          "gbaka",
          "walk"
        ],
        "legs": [
          {
            "sequence": 1,
            "mode": "walk",
            "from_reference": "origin",
            "to_reference": "H03-S3",
            "route_id": null,
            "distance_m": 144,
            "waiting_duration_min": 0,
            "movement_duration_min": 1.9,
            "cost_xof": 0,
            "is_synthetic": true
          },
          {
            "sequence": 2,
            "mode": "gbaka",
            "from_stop_id": "H03-S3",
            "to_stop_id": "H06-S3",
            "route_id": "GBAKA-P01",
            "distance_m": 4274,
            "waiting_duration_min": 4.0,
            "movement_duration_min": 16.6,
            "cost_xof": 400,
            "is_synthetic": true
          },
          {
            "sequence": 3,
            "mode": "walk",
            "from_reference": "H06-S3",
            "to_reference": "destination",
            "route_id": null,
            "distance_m": 365,
            "waiting_duration_min": 0,
            "movement_duration_min": 4.9,
            "cost_xof": 0,
            "is_synthetic": true
          }
        ],
        "expected_totals": {
          "walking_distance_m": 509,
          "walking_duration_min": 6.8,
          "waiting_duration_min": 4.0,
          "in_vehicle_duration_min": 16.6,
          "total_duration_min": 27.4,
          "total_cost_xof": 400,
          "boarding_count": 1,
          "transfer_count": 0,
          "confidence": 0.35
        }
      },
      "engine_validation": {
        "maximum_duration_error_min": 10,
        "maximum_cost_error_xof": 100,
        "mode_sequence_must_match": true,
        "budget_must_be_respected": true,
        "result": "not_tested"
      },
      "is_synthetic": true,
      "data_origin": "synthetic",
      "simulation_model": "SIRA-SIM-v1",
      "random_seed": 20260825,
      "validation_status": "simulated",
      "confidence": 0.35
    },
    {
      "scenario_id": "SCN-040",
      "category": "walk_gbaka_walk",
      "name": "Walk Gbaka Walk",
      "origin": {
        "name": "Origine synthétique",
        "coordinates": [
          -3.991988,
          5.352521
        ]
      },
      "destination": {
        "name": "Destination synthétique",
        "coordinates": [
          -3.946698,
          5.363082
        ]
      },
      "departure": {
        "local_date": "2026-08-25",
        "local_time": "18:15",
        "timezone": "Africa/Abidjan"
      },
      "constraints": {
        "maximum_budget_xof": 600,
        "maximum_walking_distance_m": 1500,
        "maximum_transfers": 2,
        "allowed_modes": [
          "walk",
          "bus",
          "gbaka"
        ]
      },
      "reference_journey": {
        "solution_expected": true,
        "ground_truth_type": "simulated_reference",
        "expected_mode_sequence": [
          "walk",
          "gbaka",
          "walk"
        ],
        "legs": [
          {
            "sequence": 1,
            "mode": "walk",
            "from_reference": "origin",
            "to_reference": "H04-S3",
            "route_id": null,
            "distance_m": 478,
            "waiting_duration_min": 0,
            "movement_duration_min": 6.4,
            "cost_xof": 0,
            "is_synthetic": true
          },
          {
            "sequence": 2,
            "mode": "gbaka",
            "from_stop_id": "H04-S3",
            "to_stop_id": "H09-S3",
            "route_id": "GBAKA-P03",
            "distance_m": 6396,
            "waiting_duration_min": 4.5,
            "movement_duration_min": 24.5,
            "cost_xof": 500,
            "is_synthetic": true
          },
          {
            "sequence": 3,
            "mode": "walk",
            "from_reference": "H09-S3",
            "to_reference": "destination",
            "route_id": null,
            "distance_m": 370,
            "waiting_duration_min": 0,
            "movement_duration_min": 4.9,
            "cost_xof": 0,
            "is_synthetic": true
          }
        ],
        "expected_totals": {
          "walking_distance_m": 848,
          "walking_duration_min": 11.3,
          "waiting_duration_min": 4.5,
          "in_vehicle_duration_min": 24.5,
          "total_duration_min": 40.3,
          "total_cost_xof": 500,
          "boarding_count": 1,
          "transfer_count": 0,
          "confidence": 0.35
        }
      },
      "engine_validation": {
        "maximum_duration_error_min": 10,
        "maximum_cost_error_xof": 100,
        "mode_sequence_must_match": true,
        "budget_must_be_respected": true,
        "result": "not_tested"
      },
      "is_synthetic": true,
      "data_origin": "synthetic",
      "simulation_model": "SIRA-SIM-v1",
      "random_seed": 20260825,
      "validation_status": "simulated",
      "confidence": 0.35
    },
    {
      "scenario_id": "SCN-041",
      "category": "walk_gbaka_walk",
      "name": "Walk Gbaka Walk",
      "origin": {
        "name": "Origine synthétique",
        "coordinates": [
          -3.989754,
          5.350264
        ]
      },
      "destination": {
        "name": "Destination synthétique",
        "coordinates": [
          -3.944892,
          5.369857
        ]
      },
      "departure": {
        "local_date": "2026-08-25",
        "local_time": "17:30",
        "timezone": "Africa/Abidjan"
      },
      "constraints": {
        "maximum_budget_xof": 600,
        "maximum_walking_distance_m": 1500,
        "maximum_transfers": 2,
        "allowed_modes": [
          "walk",
          "bus",
          "gbaka"
        ]
      },
      "reference_journey": {
        "solution_expected": true,
        "ground_truth_type": "simulated_reference",
        "expected_mode_sequence": [
          "walk",
          "gbaka",
          "walk"
        ],
        "legs": [
          {
            "sequence": 1,
            "mode": "walk",
            "from_reference": "origin",
            "to_reference": "H05-S2",
            "route_id": null,
            "distance_m": 465,
            "waiting_duration_min": 0,
            "movement_duration_min": 6.2,
            "cost_xof": 0,
            "is_synthetic": true
          },
          {
            "sequence": 2,
            "mode": "gbaka",
            "from_stop_id": "H05-S2",
            "to_stop_id": "H09-S3",
            "route_id": "GBAKA-P04",
            "distance_m": 6158,
            "waiting_duration_min": 3.0,
            "movement_duration_min": 24.2,
            "cost_xof": 300,
            "is_synthetic": true
          },
          {
            "sequence": 3,
            "mode": "walk",
            "from_reference": "H09-S3",
            "to_reference": "destination",
            "route_id": null,
            "distance_m": 430,
            "waiting_duration_min": 0,
            "movement_duration_min": 5.7,
            "cost_xof": 0,
            "is_synthetic": true
          }
        ],
        "expected_totals": {
          "walking_distance_m": 895,
          "walking_duration_min": 11.9,
          "waiting_duration_min": 3.0,
          "in_vehicle_duration_min": 24.2,
          "total_duration_min": 39.1,
          "total_cost_xof": 300,
          "boarding_count": 1,
          "transfer_count": 0,
          "confidence": 0.35
        }
      },
      "engine_validation": {
        "maximum_duration_error_min": 10,
        "maximum_cost_error_xof": 100,
        "mode_sequence_must_match": true,
        "budget_must_be_respected": true,
        "result": "not_tested"
      },
      "is_synthetic": true,
      "data_origin": "synthetic",
      "simulation_model": "SIRA-SIM-v1",
      "random_seed": 20260825,
      "validation_status": "simulated",
      "confidence": 0.35
    },
    {
      "scenario_id": "SCN-042",
      "category": "walk_gbaka_walk",
      "name": "Walk Gbaka Walk",
      "origin": {
        "name": "Origine synthétique",
        "coordinates": [
          -4.007382,
          5.343355
        ]
      },
      "destination": {
        "name": "Destination synthétique",
        "coordinates": [
          -3.946255,
          5.363064
        ]
      },
      "departure": {
        "local_date": "2026-08-25",
        "local_time": "07:15",
        "timezone": "Africa/Abidjan"
      },
      "constraints": {
        "maximum_budget_xof": 800,
        "maximum_walking_distance_m": 1500,
        "maximum_transfers": 2,
        "allowed_modes": [
          "walk",
          "bus",
          "gbaka"
        ]
      },
      "reference_journey": {
        "solution_expected": true,
        "ground_truth_type": "simulated_reference",
        "expected_mode_sequence": [
          "walk",
          "gbaka",
          "walk"
        ],
        "legs": [
          {
            "sequence": 1,
            "mode": "walk",
            "from_reference": "origin",
            "to_reference": "H03-S2",
            "route_id": null,
            "distance_m": 251,
            "waiting_duration_min": 0,
            "movement_duration_min": 3.3,
            "cost_xof": 0,
            "is_synthetic": true
          },
          {
            "sequence": 2,
            "mode": "gbaka",
            "from_stop_id": "H03-S2",
            "to_stop_id": "H09-S3",
            "route_id": "GBAKA-P03",
            "distance_m": 8400,
            "waiting_duration_min": 4.5,
            "movement_duration_min": 32.6,
            "cost_xof": 500,
            "is_synthetic": true
          },
          {
            "sequence": 3,
            "mode": "walk",
            "from_reference": "H09-S3",
            "to_reference": "destination",
            "route_id": null,
            "distance_m": 351,
            "waiting_duration_min": 0,
            "movement_duration_min": 4.7,
            "cost_xof": 0,
            "is_synthetic": true
          }
        ],
        "expected_totals": {
          "walking_distance_m": 602,
          "walking_duration_min": 8.0,
          "waiting_duration_min": 4.5,
          "in_vehicle_duration_min": 32.6,
          "total_duration_min": 45.1,
          "total_cost_xof": 500,
          "boarding_count": 1,
          "transfer_count": 0,
          "confidence": 0.35
        }
      },
      "engine_validation": {
        "maximum_duration_error_min": 10,
        "maximum_cost_error_xof": 100,
        "mode_sequence_must_match": true,
        "budget_must_be_respected": true,
        "result": "not_tested"
      },
      "is_synthetic": true,
      "data_origin": "synthetic",
      "simulation_model": "SIRA-SIM-v1",
      "random_seed": 20260825,
      "validation_status": "simulated",
      "confidence": 0.35
    },
    {
      "scenario_id": "SCN-043",
      "category": "walk_gbaka_walk",
      "name": "Walk Gbaka Walk",
      "origin": {
        "name": "Origine synthétique",
        "coordinates": [
          -3.967195,
          5.352093
        ]
      },
      "destination": {
        "name": "Destination synthétique",
        "coordinates": [
          -3.943483,
          5.367629
        ]
      },
      "departure": {
        "local_date": "2026-08-25",
        "local_time": "12:30",
        "timezone": "Africa/Abidjan"
      },
      "constraints": {
        "maximum_budget_xof": 400,
        "maximum_walking_distance_m": 1500,
        "maximum_transfers": 2,
        "allowed_modes": [
          "walk",
          "bus",
          "gbaka"
        ]
      },
      "reference_journey": {
        "solution_expected": true,
        "ground_truth_type": "simulated_reference",
        "expected_mode_sequence": [
          "walk",
          "gbaka",
          "walk"
        ],
        "legs": [
          {
            "sequence": 1,
            "mode": "walk",
            "from_reference": "origin",
            "to_reference": "H07-S3",
            "route_id": null,
            "distance_m": 237,
            "waiting_duration_min": 0,
            "movement_duration_min": 3.2,
            "cost_xof": 0,
            "is_synthetic": true
          },
          {
            "sequence": 2,
            "mode": "gbaka",
            "from_stop_id": "H07-S3",
            "to_stop_id": "H09-S3",
            "route_id": "GBAKA-P04",
            "distance_m": 3933,
            "waiting_duration_min": 3.0,
            "movement_duration_min": 15.3,
            "cost_xof": 300,
            "is_synthetic": true
          },
          {
            "sequence": 3,
            "mode": "walk",
            "from_reference": "H09-S3",
            "to_reference": "destination",
            "route_id": null,
            "distance_m": 255,
            "waiting_duration_min": 0,
            "movement_duration_min": 3.4,
            "cost_xof": 0,
            "is_synthetic": true
          }
        ],
        "expected_totals": {
          "walking_distance_m": 492,
          "walking_duration_min": 6.6,
          "waiting_duration_min": 3.0,
          "in_vehicle_duration_min": 15.3,
          "total_duration_min": 24.9,
          "total_cost_xof": 300,
          "boarding_count": 1,
          "transfer_count": 0,
          "confidence": 0.35
        }
      },
      "engine_validation": {
        "maximum_duration_error_min": 10,
        "maximum_cost_error_xof": 100,
        "mode_sequence_must_match": true,
        "budget_must_be_respected": true,
        "result": "not_tested"
      },
      "is_synthetic": true,
      "data_origin": "synthetic",
      "simulation_model": "SIRA-SIM-v1",
      "random_seed": 20260825,
      "validation_status": "simulated",
      "confidence": 0.35
    },
    {
      "scenario_id": "SCN-044",
      "category": "walk_gbaka_walk",
      "name": "Walk Gbaka Walk",
      "origin": {
        "name": "Origine synthétique",
        "coordinates": [
          -3.970481,
          5.352184
        ]
      },
      "destination": {
        "name": "Destination synthétique",
        "coordinates": [
          -3.942899,
          5.369766
        ]
      },
      "departure": {
        "local_date": "2026-08-25",
        "local_time": "12:30",
        "timezone": "Africa/Abidjan"
      },
      "constraints": {
        "maximum_budget_xof": 400,
        "maximum_walking_distance_m": 1500,
        "maximum_transfers": 2,
        "allowed_modes": [
          "walk",
          "bus",
          "gbaka"
        ]
      },
      "reference_journey": {
        "solution_expected": true,
        "ground_truth_type": "simulated_reference",
        "expected_mode_sequence": [
          "walk",
          "gbaka",
          "walk"
        ],
        "legs": [
          {
            "sequence": 1,
            "mode": "walk",
            "from_reference": "origin",
            "to_reference": "H07-S3",
            "route_id": null,
            "distance_m": 237,
            "waiting_duration_min": 0,
            "movement_duration_min": 3.2,
            "cost_xof": 0,
            "is_synthetic": true
          },
          {
            "sequence": 2,
            "mode": "gbaka",
            "from_stop_id": "H07-S3",
            "to_stop_id": "H09-S3",
            "route_id": "GBAKA-P04",
            "distance_m": 3933,
            "waiting_duration_min": 3.0,
            "movement_duration_min": 15.3,
            "cost_xof": 300,
            "is_synthetic": true
          },
          {
            "sequence": 3,
            "mode": "walk",
            "from_reference": "H09-S3",
            "to_reference": "destination",
            "route_id": null,
            "distance_m": 485,
            "waiting_duration_min": 0,
            "movement_duration_min": 6.5,
            "cost_xof": 0,
            "is_synthetic": true
          }
        ],
        "expected_totals": {
          "walking_distance_m": 722,
          "walking_duration_min": 9.7,
          "waiting_duration_min": 3.0,
          "in_vehicle_duration_min": 15.3,
          "total_duration_min": 28.0,
          "total_cost_xof": 300,
          "boarding_count": 1,
          "transfer_count": 0,
          "confidence": 0.35
        }
      },
      "engine_validation": {
        "maximum_duration_error_min": 10,
        "maximum_cost_error_xof": 100,
        "mode_sequence_must_match": true,
        "budget_must_be_respected": true,
        "result": "not_tested"
      },
      "is_synthetic": true,
      "data_origin": "synthetic",
      "simulation_model": "SIRA-SIM-v1",
      "random_seed": 20260825,
      "validation_status": "simulated",
      "confidence": 0.35
    },
    {
      "scenario_id": "SCN-045",
      "category": "walk_gbaka_walk",
      "name": "Walk Gbaka Walk",
      "origin": {
        "name": "Origine synthétique",
        "coordinates": [
          -4.010542,
          5.345361
        ]
      },
      "destination": {
        "name": "Destination synthétique",
        "coordinates": [
          -3.972823,
          5.354167
        ]
      },
      "departure": {
        "local_date": "2026-08-25",
        "local_time": "07:15",
        "timezone": "Africa/Abidjan"
      },
      "constraints": {
        "maximum_budget_xof": 600,
        "maximum_walking_distance_m": 1500,
        "maximum_transfers": 2,
        "allowed_modes": [
          "walk",
          "bus",
          "gbaka"
        ]
      },
      "reference_journey": {
        "solution_expected": true,
        "ground_truth_type": "simulated_reference",
        "expected_mode_sequence": [
          "walk",
          "gbaka",
          "walk"
        ],
        "legs": [
          {
            "sequence": 1,
            "mode": "walk",
            "from_reference": "origin",
            "to_reference": "H03-S2",
            "route_id": null,
            "distance_m": 166,
            "waiting_duration_min": 0,
            "movement_duration_min": 2.2,
            "cost_xof": 0,
            "is_synthetic": true
          },
          {
            "sequence": 2,
            "mode": "gbaka",
            "from_stop_id": "H03-S2",
            "to_stop_id": "H07-S2",
            "route_id": "GBAKA-P03",
            "distance_m": 4975,
            "waiting_duration_min": 4.5,
            "movement_duration_min": 19.2,
            "cost_xof": 500,
            "is_synthetic": true
          },
          {
            "sequence": 3,
            "mode": "walk",
            "from_reference": "H07-S2",
            "to_reference": "destination",
            "route_id": null,
            "distance_m": 282,
            "waiting_duration_min": 0,
            "movement_duration_min": 3.8,
            "cost_xof": 0,
            "is_synthetic": true
          }
        ],
        "expected_totals": {
          "walking_distance_m": 448,
          "walking_duration_min": 6.0,
          "waiting_duration_min": 4.5,
          "in_vehicle_duration_min": 19.2,
          "total_duration_min": 29.7,
          "total_cost_xof": 500,
          "boarding_count": 1,
          "transfer_count": 0,
          "confidence": 0.35
        }
      },
      "engine_validation": {
        "maximum_duration_error_min": 10,
        "maximum_cost_error_xof": 100,
        "mode_sequence_must_match": true,
        "budget_must_be_respected": true,
        "result": "not_tested"
      },
      "is_synthetic": true,
      "data_origin": "synthetic",
      "simulation_model": "SIRA-SIM-v1",
      "random_seed": 20260825,
      "validation_status": "simulated",
      "confidence": 0.35
    },
    {
      "scenario_id": "SCN-046",
      "category": "walk_gbaka_walk",
      "name": "Walk Gbaka Walk",
      "origin": {
        "name": "Origine synthétique",
        "coordinates": [
          -4.006388,
          5.344369
        ]
      },
      "destination": {
        "name": "Destination synthétique",
        "coordinates": [
          -3.983545,
          5.370641
        ]
      },
      "departure": {
        "local_date": "2026-08-25",
        "local_time": "12:30",
        "timezone": "Africa/Abidjan"
      },
      "constraints": {
        "maximum_budget_xof": 600,
        "maximum_walking_distance_m": 1500,
        "maximum_transfers": 2,
        "allowed_modes": [
          "walk",
          "bus",
          "gbaka"
        ]
      },
      "reference_journey": {
        "solution_expected": true,
        "ground_truth_type": "simulated_reference",
        "expected_mode_sequence": [
          "walk",
          "gbaka",
          "walk"
        ],
        "legs": [
          {
            "sequence": 1,
            "mode": "walk",
            "from_reference": "origin",
            "to_reference": "H03-S3",
            "route_id": null,
            "distance_m": 196,
            "waiting_duration_min": 0,
            "movement_duration_min": 2.6,
            "cost_xof": 0,
            "is_synthetic": true
          },
          {
            "sequence": 2,
            "mode": "gbaka",
            "from_stop_id": "H03-S3",
            "to_stop_id": "H06-S3",
            "route_id": "GBAKA-P01",
            "distance_m": 4274,
            "waiting_duration_min": 4.0,
            "movement_duration_min": 16.6,
            "cost_xof": 400,
            "is_synthetic": true
          },
          {
            "sequence": 3,
            "mode": "walk",
            "from_reference": "H06-S3",
            "to_reference": "destination",
            "route_id": null,
            "distance_m": 410,
            "waiting_duration_min": 0,
            "movement_duration_min": 5.5,
            "cost_xof": 0,
            "is_synthetic": true
          }
        ],
        "expected_totals": {
          "walking_distance_m": 606,
          "walking_duration_min": 8.1,
          "waiting_duration_min": 4.0,
          "in_vehicle_duration_min": 16.6,
          "total_duration_min": 28.7,
          "total_cost_xof": 400,
          "boarding_count": 1,
          "transfer_count": 0,
          "confidence": 0.35
        }
      },
      "engine_validation": {
        "maximum_duration_error_min": 10,
        "maximum_cost_error_xof": 100,
        "mode_sequence_must_match": true,
        "budget_must_be_respected": true,
        "result": "not_tested"
      },
      "is_synthetic": true,
      "data_origin": "synthetic",
      "simulation_model": "SIRA-SIM-v1",
      "random_seed": 20260825,
      "validation_status": "simulated",
      "confidence": 0.35
    },
    {
      "scenario_id": "SCN-047",
      "category": "walk_gbaka_walk",
      "name": "Walk Gbaka Walk",
      "origin": {
        "name": "Origine synthétique",
        "coordinates": [
          -3.998045,
          5.350012
        ]
      },
      "destination": {
        "name": "Destination synthétique",
        "coordinates": [
          -3.951407,
          5.352012
        ]
      },
      "departure": {
        "local_date": "2026-08-25",
        "local_time": "08:00",
        "timezone": "Africa/Abidjan"
      },
      "constraints": {
        "maximum_budget_xof": 450,
        "maximum_walking_distance_m": 1500,
        "maximum_transfers": 2,
        "allowed_modes": [
          "walk",
          "bus",
          "gbaka"
        ]
      },
      "reference_journey": {
        "solution_expected": true,
        "ground_truth_type": "simulated_reference",
        "expected_mode_sequence": [
          "walk",
          "gbaka",
          "walk"
        ],
        "legs": [
          {
            "sequence": 1,
            "mode": "walk",
            "from_reference": "origin",
            "to_reference": "H04-S2",
            "route_id": null,
            "distance_m": 316,
            "waiting_duration_min": 0,
            "movement_duration_min": 4.2,
            "cost_xof": 0,
            "is_synthetic": true
          },
          {
            "sequence": 2,
            "mode": "gbaka",
            "from_stop_id": "H04-S2",
            "to_stop_id": "H08-S3",
            "route_id": "GBAKA-P02",
            "distance_m": 5902,
            "waiting_duration_min": 3.5,
            "movement_duration_min": 23.2,
            "cost_xof": 350,
            "is_synthetic": true
          },
          {
            "sequence": 3,
            "mode": "walk",
            "from_reference": "H08-S3",
            "to_reference": "destination",
            "route_id": null,
            "distance_m": 150,
            "waiting_duration_min": 0,
            "movement_duration_min": 2.0,
            "cost_xof": 0,
            "is_synthetic": true
          }
        ],
        "expected_totals": {
          "walking_distance_m": 466,
          "walking_duration_min": 6.2,
          "waiting_duration_min": 3.5,
          "in_vehicle_duration_min": 23.2,
          "total_duration_min": 32.9,
          "total_cost_xof": 350,
          "boarding_count": 1,
          "transfer_count": 0,
          "confidence": 0.35
        }
      },
      "engine_validation": {
        "maximum_duration_error_min": 10,
        "maximum_cost_error_xof": 100,
        "mode_sequence_must_match": true,
        "budget_must_be_respected": true,
        "result": "not_tested"
      },
      "is_synthetic": true,
      "data_origin": "synthetic",
      "simulation_model": "SIRA-SIM-v1",
      "random_seed": 20260825,
      "validation_status": "simulated",
      "confidence": 0.35
    },
    {
      "scenario_id": "SCN-048",
      "category": "walk_gbaka_walk",
      "name": "Walk Gbaka Walk",
      "origin": {
        "name": "Origine synthétique",
        "coordinates": [
          -4.011037,
          5.346138
        ]
      },
      "destination": {
        "name": "Destination synthétique",
        "coordinates": [
          -3.944321,
          5.364271
        ]
      },
      "departure": {
        "local_date": "2026-08-25",
        "local_time": "12:30",
        "timezone": "Africa/Abidjan"
      },
      "constraints": {
        "maximum_budget_xof": 700,
        "maximum_walking_distance_m": 1500,
        "maximum_transfers": 2,
        "allowed_modes": [
          "walk",
          "bus",
          "gbaka"
        ]
      },
      "reference_journey": {
        "solution_expected": true,
        "ground_truth_type": "simulated_reference",
        "expected_mode_sequence": [
          "walk",
          "gbaka",
          "walk"
        ],
        "legs": [
          {
            "sequence": 1,
            "mode": "walk",
            "from_reference": "origin",
            "to_reference": "H03-S2",
            "route_id": null,
            "distance_m": 259,
            "waiting_duration_min": 0,
            "movement_duration_min": 3.5,
            "cost_xof": 0,
            "is_synthetic": true
          },
          {
            "sequence": 2,
            "mode": "gbaka",
            "from_stop_id": "H03-S2",
            "to_stop_id": "H09-S3",
            "route_id": "GBAKA-P03",
            "distance_m": 8400,
            "waiting_duration_min": 4.5,
            "movement_duration_min": 32.6,
            "cost_xof": 500,
            "is_synthetic": true
          },
          {
            "sequence": 3,
            "mode": "walk",
            "from_reference": "H09-S3",
            "to_reference": "destination",
            "route_id": null,
            "distance_m": 211,
            "waiting_duration_min": 0,
            "movement_duration_min": 2.8,
            "cost_xof": 0,
            "is_synthetic": true
          }
        ],
        "expected_totals": {
          "walking_distance_m": 470,
          "walking_duration_min": 6.3,
          "waiting_duration_min": 4.5,
          "in_vehicle_duration_min": 32.6,
          "total_duration_min": 43.4,
          "total_cost_xof": 500,
          "boarding_count": 1,
          "transfer_count": 0,
          "confidence": 0.35
        }
      },
      "engine_validation": {
        "maximum_duration_error_min": 10,
        "maximum_cost_error_xof": 100,
        "mode_sequence_must_match": true,
        "budget_must_be_respected": true,
        "result": "not_tested"
      },
      "is_synthetic": true,
      "data_origin": "synthetic",
      "simulation_model": "SIRA-SIM-v1",
      "random_seed": 20260825,
      "validation_status": "simulated",
      "confidence": 0.35
    },
    {
      "scenario_id": "SCN-049",
      "category": "walk_gbaka_walk",
      "name": "Walk Gbaka Walk",
      "origin": {
        "name": "Origine synthétique",
        "coordinates": [
          -3.998434,
          5.352097
        ]
      },
      "destination": {
        "name": "Destination synthétique",
        "coordinates": [
          -3.950613,
          5.353406
        ]
      },
      "departure": {
        "local_date": "2026-08-25",
        "local_time": "08:00",
        "timezone": "Africa/Abidjan"
      },
      "constraints": {
        "maximum_budget_xof": 450,
        "maximum_walking_distance_m": 1500,
        "maximum_transfers": 2,
        "allowed_modes": [
          "walk",
          "bus",
          "gbaka"
        ]
      },
      "reference_journey": {
        "solution_expected": true,
        "ground_truth_type": "simulated_reference",
        "expected_mode_sequence": [
          "walk",
          "gbaka",
          "walk"
        ],
        "legs": [
          {
            "sequence": 1,
            "mode": "walk",
            "from_reference": "origin",
            "to_reference": "H04-S2",
            "route_id": null,
            "distance_m": 416,
            "waiting_duration_min": 0,
            "movement_duration_min": 5.5,
            "cost_xof": 0,
            "is_synthetic": true
          },
          {
            "sequence": 2,
            "mode": "gbaka",
            "from_stop_id": "H04-S2",
            "to_stop_id": "H08-S3",
            "route_id": "GBAKA-P02",
            "distance_m": 5902,
            "waiting_duration_min": 3.5,
            "movement_duration_min": 23.2,
            "cost_xof": 350,
            "is_synthetic": true
          },
          {
            "sequence": 3,
            "mode": "walk",
            "from_reference": "H08-S3",
            "to_reference": "destination",
            "route_id": null,
            "distance_m": 306,
            "waiting_duration_min": 0,
            "movement_duration_min": 4.1,
            "cost_xof": 0,
            "is_synthetic": true
          }
        ],
        "expected_totals": {
          "walking_distance_m": 722,
          "walking_duration_min": 9.6,
          "waiting_duration_min": 3.5,
          "in_vehicle_duration_min": 23.2,
          "total_duration_min": 36.3,
          "total_cost_xof": 350,
          "boarding_count": 1,
          "transfer_count": 0,
          "confidence": 0.35
        }
      },
      "engine_validation": {
        "maximum_duration_error_min": 10,
        "maximum_cost_error_xof": 100,
        "mode_sequence_must_match": true,
        "budget_must_be_respected": true,
        "result": "not_tested"
      },
      "is_synthetic": true,
      "data_origin": "synthetic",
      "simulation_model": "SIRA-SIM-v1",
      "random_seed": 20260825,
      "validation_status": "simulated",
      "confidence": 0.35
    },
    {
      "scenario_id": "SCN-050",
      "category": "walk_gbaka_walk",
      "name": "Walk Gbaka Walk",
      "origin": {
        "name": "Origine synthétique",
        "coordinates": [
          -4.006326,
          5.344011
        ]
      },
      "destination": {
        "name": "Destination synthétique",
        "coordinates": [
          -3.983184,
          5.367813
        ]
      },
      "departure": {
        "local_date": "2026-08-25",
        "local_time": "08:00",
        "timezone": "Africa/Abidjan"
      },
      "constraints": {
        "maximum_budget_xof": 700,
        "maximum_walking_distance_m": 1500,
        "maximum_transfers": 2,
        "allowed_modes": [
          "walk",
          "bus",
          "gbaka"
        ]
      },
      "reference_journey": {
        "solution_expected": true,
        "ground_truth_type": "simulated_reference",
        "expected_mode_sequence": [
          "walk",
          "gbaka",
          "walk"
        ],
        "legs": [
          {
            "sequence": 1,
            "mode": "walk",
            "from_reference": "origin",
            "to_reference": "H03-S3",
            "route_id": null,
            "distance_m": 172,
            "waiting_duration_min": 0,
            "movement_duration_min": 2.3,
            "cost_xof": 0,
            "is_synthetic": true
          },
          {
            "sequence": 2,
            "mode": "gbaka",
            "from_stop_id": "H03-S3",
            "to_stop_id": "H06-S3",
            "route_id": "GBAKA-P01",
            "distance_m": 4274,
            "waiting_duration_min": 4.0,
            "movement_duration_min": 16.6,
            "cost_xof": 400,
            "is_synthetic": true
          },
          {
            "sequence": 3,
            "mode": "walk",
            "from_reference": "H06-S3",
            "to_reference": "destination",
            "route_id": null,
            "distance_m": 136,
            "waiting_duration_min": 0,
            "movement_duration_min": 1.8,
            "cost_xof": 0,
            "is_synthetic": true
          }
        ],
        "expected_totals": {
          "walking_distance_m": 308,
          "walking_duration_min": 4.1,
          "waiting_duration_min": 4.0,
          "in_vehicle_duration_min": 16.6,
          "total_duration_min": 24.7,
          "total_cost_xof": 400,
          "boarding_count": 1,
          "transfer_count": 0,
          "confidence": 0.35
        }
      },
      "engine_validation": {
        "maximum_duration_error_min": 10,
        "maximum_cost_error_xof": 100,
        "mode_sequence_must_match": true,
        "budget_must_be_respected": true,
        "result": "not_tested"
      },
      "is_synthetic": true,
      "data_origin": "synthetic",
      "simulation_model": "SIRA-SIM-v1",
      "random_seed": 20260825,
      "validation_status": "simulated",
      "confidence": 0.35
    },
    {
      "scenario_id": "SCN-051",
      "category": "walk_bus_walk_gbaka_walk",
      "name": "Walk Bus Walk Gbaka Walk",
      "origin": {
        "name": "Origine synthétique",
        "coordinates": [
          -4.008294,
          5.341783
        ]
      },
      "destination": {
        "name": "Destination synthétique",
        "coordinates": [
          -3.95473,
          5.351443
        ]
      },
      "departure": {
        "local_date": "2026-08-25",
        "local_time": "08:00",
        "timezone": "Africa/Abidjan"
      },
      "constraints": {
        "maximum_budget_xof": 800,
        "maximum_walking_distance_m": 1500,
        "maximum_transfers": 2,
        "allowed_modes": [
          "walk",
          "bus",
          "gbaka"
        ]
      },
      "reference_journey": {
        "solution_expected": true,
        "ground_truth_type": "simulated_reference",
        "expected_mode_sequence": [
          "walk",
          "bus",
          "walk",
          "gbaka",
          "walk"
        ],
        "legs": [
          {
            "sequence": 1,
            "mode": "walk",
            "from_reference": "origin",
            "to_reference": "H03-S0",
            "route_id": null,
            "distance_m": 247,
            "waiting_duration_min": 0,
            "movement_duration_min": 3.3,
            "cost_xof": 0,
            "is_synthetic": true
          },
          {
            "sequence": 2,
            "mode": "bus",
            "from_stop_id": "H03-S0",
            "to_stop_id": "H05-S1",
            "route_id": "BUS-P04",
            "distance_m": 3070,
            "waiting_duration_min": 7.0,
            "movement_duration_min": 10.2,
            "cost_xof": 300,
            "is_synthetic": true
          },
          {
            "sequence": 3,
            "mode": "walk",
            "from_reference": "H05-S1",
            "to_reference": "H05-S2",
            "route_id": null,
            "distance_m": 306,
            "waiting_duration_min": 0,
            "movement_duration_min": 4.1,
            "cost_xof": 0,
            "is_synthetic": true
          },
          {
            "sequence": 4,
            "mode": "gbaka",
            "from_stop_id": "H05-S2",
            "to_stop_id": "H08-S2",
            "route_id": "GBAKA-P04",
            "distance_m": 4214,
            "waiting_duration_min": 3.0,
            "movement_duration_min": 16.4,
            "cost_xof": 300,
            "is_synthetic": true
          },
          {
            "sequence": 5,
            "mode": "walk",
            "from_reference": "H08-S2",
            "to_reference": "destination",
            "route_id": null,
            "distance_m": 239,
            "waiting_duration_min": 0,
            "movement_duration_min": 3.2,
            "cost_xof": 0,
            "is_synthetic": true
          }
        ],
        "expected_totals": {
          "walking_distance_m": 792,
          "walking_duration_min": 10.6,
          "waiting_duration_min": 10.0,
          "in_vehicle_duration_min": 26.6,
          "total_duration_min": 47.2,
          "total_cost_xof": 600,
          "boarding_count": 2,
          "transfer_count": 1,
          "confidence": 0.35
        }
      },
      "engine_validation": {
        "maximum_duration_error_min": 10,
        "maximum_cost_error_xof": 100,
        "mode_sequence_must_match": true,
        "budget_must_be_respected": true,
        "result": "not_tested"
      },
      "is_synthetic": true,
      "data_origin": "synthetic",
      "simulation_model": "SIRA-SIM-v1",
      "random_seed": 20260825,
      "validation_status": "simulated",
      "confidence": 0.35
    },
    {
      "scenario_id": "SCN-052",
      "category": "walk_bus_walk_gbaka_walk",
      "name": "Walk Bus Walk Gbaka Walk",
      "origin": {
        "name": "Origine synthétique",
        "coordinates": [
          -4.020763,
          5.323596
        ]
      },
      "destination": {
        "name": "Destination synthétique",
        "coordinates": [
          -3.967235,
          5.353293
        ]
      },
      "departure": {
        "local_date": "2026-08-25",
        "local_time": "07:15",
        "timezone": "Africa/Abidjan"
      },
      "constraints": {
        "maximum_budget_xof": 1000,
        "maximum_walking_distance_m": 1500,
        "maximum_transfers": 2,
        "allowed_modes": [
          "walk",
          "bus",
          "gbaka"
        ]
      },
      "reference_journey": {
        "solution_expected": true,
        "ground_truth_type": "simulated_reference",
        "expected_mode_sequence": [
          "walk",
          "bus",
          "walk",
          "gbaka",
          "walk"
        ],
        "legs": [
          {
            "sequence": 1,
            "mode": "walk",
            "from_reference": "origin",
            "to_reference": "H01-S1",
            "route_id": null,
            "distance_m": 332,
            "waiting_duration_min": 0,
            "movement_duration_min": 4.4,
            "cost_xof": 0,
            "is_synthetic": true
          },
          {
            "sequence": 2,
            "mode": "bus",
            "from_stop_id": "H01-S1",
            "to_stop_id": "H05-S1",
            "route_id": "BUS-P05",
            "distance_m": 5565,
            "waiting_duration_min": 9.0,
            "movement_duration_min": 19.3,
            "cost_xof": 400,
            "is_synthetic": true
          },
          {
            "sequence": 3,
            "mode": "walk",
            "from_reference": "H05-S1",
            "to_reference": "H05-S2",
            "route_id": null,
            "distance_m": 306,
            "waiting_duration_min": 0,
            "movement_duration_min": 4.1,
            "cost_xof": 0,
            "is_synthetic": true
          },
          {
            "sequence": 4,
            "mode": "gbaka",
            "from_stop_id": "H05-S2",
            "to_stop_id": "H07-S3",
            "route_id": "GBAKA-P04",
            "distance_m": 2225,
            "waiting_duration_min": 3.0,
            "movement_duration_min": 8.3,
            "cost_xof": 300,
            "is_synthetic": true
          },
          {
            "sequence": 5,
            "mode": "walk",
            "from_reference": "H07-S3",
            "to_reference": "destination",
            "route_id": null,
            "distance_m": 175,
            "waiting_duration_min": 0,
            "movement_duration_min": 2.3,
            "cost_xof": 0,
            "is_synthetic": true
          }
        ],
        "expected_totals": {
          "walking_distance_m": 813,
          "walking_duration_min": 10.8,
          "waiting_duration_min": 12.0,
          "in_vehicle_duration_min": 27.6,
          "total_duration_min": 50.4,
          "total_cost_xof": 700,
          "boarding_count": 2,
          "transfer_count": 1,
          "confidence": 0.35
        }
      },
      "engine_validation": {
        "maximum_duration_error_min": 10,
        "maximum_cost_error_xof": 100,
        "mode_sequence_must_match": true,
        "budget_must_be_respected": true,
        "result": "not_tested"
      },
      "is_synthetic": true,
      "data_origin": "synthetic",
      "simulation_model": "SIRA-SIM-v1",
      "random_seed": 20260825,
      "validation_status": "simulated",
      "confidence": 0.35
    },
    {
      "scenario_id": "SCN-053",
      "category": "walk_bus_walk_gbaka_walk",
      "name": "Walk Bus Walk Gbaka Walk",
      "origin": {
        "name": "Origine synthétique",
        "coordinates": [
          -4.019731,
          5.32976
        ]
      },
      "destination": {
        "name": "Destination synthétique",
        "coordinates": [
          -3.945967,
          5.368648
        ]
      },
      "departure": {
        "local_date": "2026-08-25",
        "local_time": "07:15",
        "timezone": "Africa/Abidjan"
      },
      "constraints": {
        "maximum_budget_xof": 1000,
        "maximum_walking_distance_m": 1500,
        "maximum_transfers": 2,
        "allowed_modes": [
          "walk",
          "bus",
          "gbaka"
        ]
      },
      "reference_journey": {
        "solution_expected": true,
        "ground_truth_type": "simulated_reference",
        "expected_mode_sequence": [
          "walk",
          "bus",
          "walk",
          "gbaka",
          "walk"
        ],
        "legs": [
          {
            "sequence": 1,
            "mode": "walk",
            "from_reference": "origin",
            "to_reference": "H01-S1",
            "route_id": null,
            "distance_m": 386,
            "waiting_duration_min": 0,
            "movement_duration_min": 5.1,
            "cost_xof": 0,
            "is_synthetic": true
          },
          {
            "sequence": 2,
            "mode": "bus",
            "from_stop_id": "H01-S1",
            "to_stop_id": "H07-S0",
            "route_id": "BUS-P05",
            "distance_m": 7504,
            "waiting_duration_min": 9.0,
            "movement_duration_min": 26.5,
            "cost_xof": 400,
            "is_synthetic": true
          },
          {
            "sequence": 3,
            "mode": "walk",
            "from_reference": "H07-S0",
            "to_reference": "H07-S3",
            "route_id": null,
            "distance_m": 169,
            "waiting_duration_min": 0,
            "movement_duration_min": 2.3,
            "cost_xof": 0,
            "is_synthetic": true
          },
          {
            "sequence": 4,
            "mode": "gbaka",
            "from_stop_id": "H07-S3",
            "to_stop_id": "H09-S3",
            "route_id": "GBAKA-P04",
            "distance_m": 3933,
            "waiting_duration_min": 3.0,
            "movement_duration_min": 15.3,
            "cost_xof": 300,
            "is_synthetic": true
          },
          {
            "sequence": 5,
            "mode": "walk",
            "from_reference": "H09-S3",
            "to_reference": "destination",
            "route_id": null,
            "distance_m": 310,
            "waiting_duration_min": 0,
            "movement_duration_min": 4.1,
            "cost_xof": 0,
            "is_synthetic": true
          }
        ],
        "expected_totals": {
          "walking_distance_m": 865,
          "walking_duration_min": 11.5,
          "waiting_duration_min": 12.0,
          "in_vehicle_duration_min": 41.8,
          "total_duration_min": 65.3,
          "total_cost_xof": 700,
          "boarding_count": 2,
          "transfer_count": 1,
          "confidence": 0.35
        }
      },
      "engine_validation": {
        "maximum_duration_error_min": 10,
        "maximum_cost_error_xof": 100,
        "mode_sequence_must_match": true,
        "budget_must_be_respected": true,
        "result": "not_tested"
      },
      "is_synthetic": true,
      "data_origin": "synthetic",
      "simulation_model": "SIRA-SIM-v1",
      "random_seed": 20260825,
      "validation_status": "simulated",
      "confidence": 0.35
    },
    {
      "scenario_id": "SCN-054",
      "category": "walk_bus_walk_gbaka_walk",
      "name": "Walk Bus Walk Gbaka Walk",
      "origin": {
        "name": "Origine synthétique",
        "coordinates": [
          -4.020875,
          5.327242
        ]
      },
      "destination": {
        "name": "Destination synthétique",
        "coordinates": [
          -3.942323,
          5.366513
        ]
      },
      "departure": {
        "local_date": "2026-08-25",
        "local_time": "17:30",
        "timezone": "Africa/Abidjan"
      },
      "constraints": {
        "maximum_budget_xof": 1100,
        "maximum_walking_distance_m": 1500,
        "maximum_transfers": 2,
        "allowed_modes": [
          "walk",
          "bus",
          "gbaka"
        ]
      },
      "reference_journey": {
        "solution_expected": true,
        "ground_truth_type": "simulated_reference",
        "expected_mode_sequence": [
          "walk",
          "bus",
          "walk",
          "gbaka",
          "walk"
        ],
        "legs": [
          {
            "sequence": 1,
            "mode": "walk",
            "from_reference": "origin",
            "to_reference": "H01-S1",
            "route_id": null,
            "distance_m": 185,
            "waiting_duration_min": 0,
            "movement_duration_min": 2.5,
            "cost_xof": 0,
            "is_synthetic": true
          },
          {
            "sequence": 2,
            "mode": "bus",
            "from_stop_id": "H01-S1",
            "to_stop_id": "H03-S0",
            "route_id": "BUS-P02",
            "distance_m": 2612,
            "waiting_duration_min": 7.5,
            "movement_duration_min": 8.7,
            "cost_xof": 400,
            "is_synthetic": true
          },
          {
            "sequence": 3,
            "mode": "walk",
            "from_reference": "H03-S0",
            "to_reference": "H03-S2",
            "route_id": null,
            "distance_m": 169,
            "waiting_duration_min": 0,
            "movement_duration_min": 2.3,
            "cost_xof": 0,
            "is_synthetic": true
          },
          {
            "sequence": 4,
            "mode": "gbaka",
            "from_stop_id": "H03-S2",
            "to_stop_id": "H09-S3",
            "route_id": "GBAKA-P03",
            "distance_m": 8400,
            "waiting_duration_min": 4.5,
            "movement_duration_min": 32.6,
            "cost_xof": 500,
            "is_synthetic": true
          },
          {
            "sequence": 5,
            "mode": "walk",
            "from_reference": "H09-S3",
            "to_reference": "destination",
            "route_id": null,
            "distance_m": 313,
            "waiting_duration_min": 0,
            "movement_duration_min": 4.2,
            "cost_xof": 0,
            "is_synthetic": true
          }
        ],
        "expected_totals": {
          "walking_distance_m": 667,
          "walking_duration_min": 9.0,
          "waiting_duration_min": 12.0,
          "in_vehicle_duration_min": 41.3,
          "total_duration_min": 62.3,
          "total_cost_xof": 900,
          "boarding_count": 2,
          "transfer_count": 1,
          "confidence": 0.35
        }
      },
      "engine_validation": {
        "maximum_duration_error_min": 10,
        "maximum_cost_error_xof": 100,
        "mode_sequence_must_match": true,
        "budget_must_be_respected": true,
        "result": "not_tested"
      },
      "is_synthetic": true,
      "data_origin": "synthetic",
      "simulation_model": "SIRA-SIM-v1",
      "random_seed": 20260825,
      "validation_status": "simulated",
      "confidence": 0.35
    },
    {
      "scenario_id": "SCN-055",
      "category": "walk_bus_walk_gbaka_walk",
      "name": "Walk Bus Walk Gbaka Walk",
      "origin": {
        "name": "Origine synthétique",
        "coordinates": [
          -3.994008,
          5.353331
        ]
      },
      "destination": {
        "name": "Destination synthétique",
        "coordinates": [
          -3.9519,
          5.353256
        ]
      },
      "departure": {
        "local_date": "2026-08-25",
        "local_time": "08:00",
        "timezone": "Africa/Abidjan"
      },
      "constraints": {
        "maximum_budget_xof": 850,
        "maximum_walking_distance_m": 1500,
        "maximum_transfers": 2,
        "allowed_modes": [
          "walk",
          "bus",
          "gbaka"
        ]
      },
      "reference_journey": {
        "solution_expected": true,
        "ground_truth_type": "simulated_reference",
        "expected_mode_sequence": [
          "walk",
          "bus",
          "walk",
          "gbaka",
          "walk"
        ],
        "legs": [
          {
            "sequence": 1,
            "mode": "walk",
            "from_reference": "origin",
            "to_reference": "H04-S0",
            "route_id": null,
            "distance_m": 427,
            "waiting_duration_min": 0,
            "movement_duration_min": 5.7,
            "cost_xof": 0,
            "is_synthetic": true
          },
          {
            "sequence": 2,
            "mode": "bus",
            "from_stop_id": "H04-S0",
            "to_stop_id": "H05-S1",
            "route_id": "BUS-P01",
            "distance_m": 1300,
            "waiting_duration_min": 6.0,
            "movement_duration_min": 4.3,
            "cost_xof": 300,
            "is_synthetic": true
          },
          {
            "sequence": 3,
            "mode": "walk",
            "from_reference": "H05-S1",
            "to_reference": "H05-S3",
            "route_id": null,
            "distance_m": 220,
            "waiting_duration_min": 0,
            "movement_duration_min": 2.9,
            "cost_xof": 0,
            "is_synthetic": true
          },
          {
            "sequence": 4,
            "mode": "gbaka",
            "from_stop_id": "H05-S3",
            "to_stop_id": "H08-S3",
            "route_id": "GBAKA-P02",
            "distance_m": 4482,
            "waiting_duration_min": 3.5,
            "movement_duration_min": 17.4,
            "cost_xof": 350,
            "is_synthetic": true
          },
          {
            "sequence": 5,
            "mode": "walk",
            "from_reference": "H08-S3",
            "to_reference": "destination",
            "route_id": null,
            "distance_m": 298,
            "waiting_duration_min": 0,
            "movement_duration_min": 4.0,
            "cost_xof": 0,
            "is_synthetic": true
          }
        ],
        "expected_totals": {
          "walking_distance_m": 945,
          "walking_duration_min": 12.6,
          "waiting_duration_min": 9.5,
          "in_vehicle_duration_min": 21.7,
          "total_duration_min": 43.8,
          "total_cost_xof": 650,
          "boarding_count": 2,
          "transfer_count": 1,
          "confidence": 0.35
        }
      },
      "engine_validation": {
        "maximum_duration_error_min": 10,
        "maximum_cost_error_xof": 100,
        "mode_sequence_must_match": true,
        "budget_must_be_respected": true,
        "result": "not_tested"
      },
      "is_synthetic": true,
      "data_origin": "synthetic",
      "simulation_model": "SIRA-SIM-v1",
      "random_seed": 20260825,
      "validation_status": "simulated",
      "confidence": 0.35
    },
    {
      "scenario_id": "SCN-056",
      "category": "walk_bus_walk_gbaka_walk",
      "name": "Walk Bus Walk Gbaka Walk",
      "origin": {
        "name": "Origine synthétique",
        "coordinates": [
          -4.019193,
          5.332736
        ]
      },
      "destination": {
        "name": "Destination synthétique",
        "coordinates": [
          -3.945005,
          5.368172
        ]
      },
      "departure": {
        "local_date": "2026-08-25",
        "local_time": "08:00",
        "timezone": "Africa/Abidjan"
      },
      "constraints": {
        "maximum_budget_xof": 800,
        "maximum_walking_distance_m": 1500,
        "maximum_transfers": 2,
        "allowed_modes": [
          "walk",
          "bus",
          "gbaka"
        ]
      },
      "reference_journey": {
        "solution_expected": true,
        "ground_truth_type": "simulated_reference",
        "expected_mode_sequence": [
          "walk",
          "bus",
          "walk",
          "gbaka",
          "walk"
        ],
        "legs": [
          {
            "sequence": 1,
            "mode": "walk",
            "from_reference": "origin",
            "to_reference": "H02-S1",
            "route_id": null,
            "distance_m": 281,
            "waiting_duration_min": 0,
            "movement_duration_min": 3.7,
            "cost_xof": 0,
            "is_synthetic": true
          },
          {
            "sequence": 2,
            "mode": "bus",
            "from_stop_id": "H02-S1",
            "to_stop_id": "H05-S1",
            "route_id": "BUS-P04",
            "distance_m": 4714,
            "waiting_duration_min": 7.0,
            "movement_duration_min": 16.5,
            "cost_xof": 300,
            "is_synthetic": true
          },
          {
            "sequence": 3,
            "mode": "walk",
            "from_reference": "H05-S1",
            "to_reference": "H05-S2",
            "route_id": null,
            "distance_m": 306,
            "waiting_duration_min": 0,
            "movement_duration_min": 4.1,
            "cost_xof": 0,
            "is_synthetic": true
          },
          {
            "sequence": 4,
            "mode": "gbaka",
            "from_stop_id": "H05-S2",
            "to_stop_id": "H09-S3",
            "route_id": "GBAKA-P04",
            "distance_m": 6158,
            "waiting_duration_min": 3.0,
            "movement_duration_min": 24.2,
            "cost_xof": 300,
            "is_synthetic": true
          },
          {
            "sequence": 5,
            "mode": "walk",
            "from_reference": "H09-S3",
            "to_reference": "destination",
            "route_id": null,
            "distance_m": 242,
            "waiting_duration_min": 0,
            "movement_duration_min": 3.2,
            "cost_xof": 0,
            "is_synthetic": true
          }
        ],
        "expected_totals": {
          "walking_distance_m": 829,
          "walking_duration_min": 11.0,
          "waiting_duration_min": 10.0,
          "in_vehicle_duration_min": 40.7,
          "total_duration_min": 61.7,
          "total_cost_xof": 600,
          "boarding_count": 2,
          "transfer_count": 1,
          "confidence": 0.35
        }
      },
      "engine_validation": {
        "maximum_duration_error_min": 10,
        "maximum_cost_error_xof": 100,
        "mode_sequence_must_match": true,
        "budget_must_be_respected": true,
        "result": "not_tested"
      },
      "is_synthetic": true,
      "data_origin": "synthetic",
      "simulation_model": "SIRA-SIM-v1",
      "random_seed": 20260825,
      "validation_status": "simulated",
      "confidence": 0.35
    },
    {
      "scenario_id": "SCN-057",
      "category": "walk_bus_walk_gbaka_walk",
      "name": "Walk Bus Walk Gbaka Walk",
      "origin": {
        "name": "Origine synthétique",
        "coordinates": [
          -4.018293,
          5.338473
        ]
      },
      "destination": {
        "name": "Destination synthétique",
        "coordinates": [
          -3.972813,
          5.351523
        ]
      },
      "departure": {
        "local_date": "2026-08-25",
        "local_time": "12:30",
        "timezone": "Africa/Abidjan"
      },
      "constraints": {
        "maximum_budget_xof": 1050,
        "maximum_walking_distance_m": 1500,
        "maximum_transfers": 2,
        "allowed_modes": [
          "walk",
          "bus",
          "gbaka"
        ]
      },
      "reference_journey": {
        "solution_expected": true,
        "ground_truth_type": "simulated_reference",
        "expected_mode_sequence": [
          "walk",
          "bus",
          "walk",
          "gbaka",
          "walk"
        ],
        "legs": [
          {
            "sequence": 1,
            "mode": "walk",
            "from_reference": "origin",
            "to_reference": "H02-S0",
            "route_id": null,
            "distance_m": 479,
            "waiting_duration_min": 0,
            "movement_duration_min": 6.4,
            "cost_xof": 0,
            "is_synthetic": true
          },
          {
            "sequence": 2,
            "mode": "bus",
            "from_stop_id": "H02-S0",
            "to_stop_id": "H04-S0",
            "route_id": "BUS-P03",
            "distance_m": 3651,
            "waiting_duration_min": 5.0,
            "movement_duration_min": 12.9,
            "cost_xof": 250,
            "is_synthetic": true
          },
          {
            "sequence": 3,
            "mode": "walk",
            "from_reference": "H04-S0",
            "to_reference": "H04-S3",
            "route_id": null,
            "distance_m": 169,
            "waiting_duration_min": 0,
            "movement_duration_min": 2.3,
            "cost_xof": 0,
            "is_synthetic": true
          },
          {
            "sequence": 4,
            "mode": "gbaka",
            "from_stop_id": "H04-S3",
            "to_stop_id": "H07-S2",
            "route_id": "GBAKA-P03",
            "distance_m": 2971,
            "waiting_duration_min": 4.5,
            "movement_duration_min": 11.1,
            "cost_xof": 500,
            "is_synthetic": true
          },
          {
            "sequence": 5,
            "mode": "walk",
            "from_reference": "H07-S2",
            "to_reference": "destination",
            "route_id": null,
            "distance_m": 483,
            "waiting_duration_min": 0,
            "movement_duration_min": 6.4,
            "cost_xof": 0,
            "is_synthetic": true
          }
        ],
        "expected_totals": {
          "walking_distance_m": 1131,
          "walking_duration_min": 15.1,
          "waiting_duration_min": 9.5,
          "in_vehicle_duration_min": 24.0,
          "total_duration_min": 48.6,
          "total_cost_xof": 750,
          "boarding_count": 2,
          "transfer_count": 1,
          "confidence": 0.35
        }
      },
      "engine_validation": {
        "maximum_duration_error_min": 10,
        "maximum_cost_error_xof": 100,
        "mode_sequence_must_match": true,
        "budget_must_be_respected": true,
        "result": "not_tested"
      },
      "is_synthetic": true,
      "data_origin": "synthetic",
      "simulation_model": "SIRA-SIM-v1",
      "random_seed": 20260825,
      "validation_status": "simulated",
      "confidence": 0.35
    },
    {
      "scenario_id": "SCN-058",
      "category": "walk_bus_walk_gbaka_walk",
      "name": "Walk Bus Walk Gbaka Walk",
      "origin": {
        "name": "Origine synthétique",
        "coordinates": [
          -3.998457,
          5.349615
        ]
      },
      "destination": {
        "name": "Destination synthétique",
        "coordinates": [
          -3.971011,
          5.355745
        ]
      },
      "departure": {
        "local_date": "2026-08-25",
        "local_time": "18:15",
        "timezone": "Africa/Abidjan"
      },
      "constraints": {
        "maximum_budget_xof": 900,
        "maximum_walking_distance_m": 1500,
        "maximum_transfers": 2,
        "allowed_modes": [
          "walk",
          "bus",
          "gbaka"
        ]
      },
      "reference_journey": {
        "solution_expected": true,
        "ground_truth_type": "simulated_reference",
        "expected_mode_sequence": [
          "walk",
          "bus",
          "walk",
          "gbaka",
          "walk"
        ],
        "legs": [
          {
            "sequence": 1,
            "mode": "walk",
            "from_reference": "origin",
            "to_reference": "H04-S0",
            "route_id": null,
            "distance_m": 472,
            "waiting_duration_min": 0,
            "movement_duration_min": 6.3,
            "cost_xof": 0,
            "is_synthetic": true
          },
          {
            "sequence": 2,
            "mode": "bus",
            "from_stop_id": "H04-S0",
            "to_stop_id": "H05-S1",
            "route_id": "BUS-P05",
            "distance_m": 1300,
            "waiting_duration_min": 9.0,
            "movement_duration_min": 4.3,
            "cost_xof": 400,
            "is_synthetic": true
          },
          {
            "sequence": 3,
            "mode": "walk",
            "from_reference": "H05-S1",
            "to_reference": "H05-S2",
            "route_id": null,
            "distance_m": 306,
            "waiting_duration_min": 0,
            "movement_duration_min": 4.1,
            "cost_xof": 0,
            "is_synthetic": true
          },
          {
            "sequence": 4,
            "mode": "gbaka",
            "from_stop_id": "H05-S2",
            "to_stop_id": "H07-S3",
            "route_id": "GBAKA-P04",
            "distance_m": 2225,
            "waiting_duration_min": 3.0,
            "movement_duration_min": 8.3,
            "cost_xof": 300,
            "is_synthetic": true
          },
          {
            "sequence": 5,
            "mode": "walk",
            "from_reference": "H07-S3",
            "to_reference": "destination",
            "route_id": null,
            "distance_m": 350,
            "waiting_duration_min": 0,
            "movement_duration_min": 4.7,
            "cost_xof": 0,
            "is_synthetic": true
          }
        ],
        "expected_totals": {
          "walking_distance_m": 1128,
          "walking_duration_min": 15.1,
          "waiting_duration_min": 12.0,
          "in_vehicle_duration_min": 12.6,
          "total_duration_min": 39.7,
          "total_cost_xof": 700,
          "boarding_count": 2,
          "transfer_count": 1,
          "confidence": 0.35
        }
      },
      "engine_validation": {
        "maximum_duration_error_min": 10,
        "maximum_cost_error_xof": 100,
        "mode_sequence_must_match": true,
        "budget_must_be_respected": true,
        "result": "not_tested"
      },
      "is_synthetic": true,
      "data_origin": "synthetic",
      "simulation_model": "SIRA-SIM-v1",
      "random_seed": 20260825,
      "validation_status": "simulated",
      "confidence": 0.35
    },
    {
      "scenario_id": "SCN-059",
      "category": "walk_bus_walk_gbaka_walk",
      "name": "Walk Bus Walk Gbaka Walk",
      "origin": {
        "name": "Origine synthétique",
        "coordinates": [
          -3.984652,
          5.36782
        ]
      },
      "destination": {
        "name": "Destination synthétique",
        "coordinates": [
          -3.944086,
          5.365623
        ]
      },
      "departure": {
        "local_date": "2026-08-25",
        "local_time": "18:15",
        "timezone": "Africa/Abidjan"
      },
      "constraints": {
        "maximum_budget_xof": 1200,
        "maximum_walking_distance_m": 1500,
        "maximum_transfers": 2,
        "allowed_modes": [
          "walk",
          "bus",
          "gbaka"
        ]
      },
      "reference_journey": {
        "solution_expected": true,
        "ground_truth_type": "simulated_reference",
        "expected_mode_sequence": [
          "walk",
          "bus",
          "walk",
          "gbaka",
          "walk"
        ],
        "legs": [
          {
            "sequence": 1,
            "mode": "walk",
            "from_reference": "origin",
            "to_reference": "H06-S1",
            "route_id": null,
            "distance_m": 139,
            "waiting_duration_min": 0,
            "movement_duration_min": 1.9,
            "cost_xof": 0,
            "is_synthetic": true
          },
          {
            "sequence": 2,
            "mode": "bus",
            "from_stop_id": "H06-S1",
            "to_stop_id": "H07-S0",
            "route_id": "BUS-P02",
            "distance_m": 2469,
            "waiting_duration_min": 7.5,
            "movement_duration_min": 8.2,
            "cost_xof": 400,
            "is_synthetic": true
          },
          {
            "sequence": 3,
            "mode": "walk",
            "from_reference": "H07-S0",
            "to_reference": "H07-S2",
            "route_id": null,
            "distance_m": 169,
            "waiting_duration_min": 0,
            "movement_duration_min": 2.3,
            "cost_xof": 0,
            "is_synthetic": true
          },
          {
            "sequence": 4,
            "mode": "gbaka",
            "from_stop_id": "H07-S2",
            "to_stop_id": "H09-S3",
            "route_id": "GBAKA-P03",
            "distance_m": 3425,
            "waiting_duration_min": 4.5,
            "movement_duration_min": 12.8,
            "cost_xof": 500,
            "is_synthetic": true
          },
          {
            "sequence": 5,
            "mode": "walk",
            "from_reference": "H09-S3",
            "to_reference": "destination",
            "route_id": null,
            "distance_m": 120,
            "waiting_duration_min": 0,
            "movement_duration_min": 1.6,
            "cost_xof": 0,
            "is_synthetic": true
          }
        ],
        "expected_totals": {
          "walking_distance_m": 428,
          "walking_duration_min": 5.8,
          "waiting_duration_min": 12.0,
          "in_vehicle_duration_min": 21.0,
          "total_duration_min": 38.8,
          "total_cost_xof": 900,
          "boarding_count": 2,
          "transfer_count": 1,
          "confidence": 0.35
        }
      },
      "engine_validation": {
        "maximum_duration_error_min": 10,
        "maximum_cost_error_xof": 100,
        "mode_sequence_must_match": true,
        "budget_must_be_respected": true,
        "result": "not_tested"
      },
      "is_synthetic": true,
      "data_origin": "synthetic",
      "simulation_model": "SIRA-SIM-v1",
      "random_seed": 20260825,
      "validation_status": "simulated",
      "confidence": 0.35
    },
    {
      "scenario_id": "SCN-060",
      "category": "walk_bus_walk_gbaka_walk",
      "name": "Walk Bus Walk Gbaka Walk",
      "origin": {
        "name": "Origine synthétique",
        "coordinates": [
          -4.018429,
          5.328368
        ]
      },
      "destination": {
        "name": "Destination synthétique",
        "coordinates": [
          -3.967921,
          5.352243
        ]
      },
      "departure": {
        "local_date": "2026-08-25",
        "local_time": "12:30",
        "timezone": "Africa/Abidjan"
      },
      "constraints": {
        "maximum_budget_xof": 1000,
        "maximum_walking_distance_m": 1500,
        "maximum_transfers": 2,
        "allowed_modes": [
          "walk",
          "bus",
          "gbaka"
        ]
      },
      "reference_journey": {
        "solution_expected": true,
        "ground_truth_type": "simulated_reference",
        "expected_mode_sequence": [
          "walk",
          "bus",
          "walk",
          "gbaka",
          "walk"
        ],
        "legs": [
          {
            "sequence": 1,
            "mode": "walk",
            "from_reference": "origin",
            "to_reference": "H01-S1",
            "route_id": null,
            "distance_m": 259,
            "waiting_duration_min": 0,
            "movement_duration_min": 3.5,
            "cost_xof": 0,
            "is_synthetic": true
          },
          {
            "sequence": 2,
            "mode": "bus",
            "from_stop_id": "H01-S1",
            "to_stop_id": "H03-S0",
            "route_id": "BUS-P02",
            "distance_m": 2612,
            "waiting_duration_min": 7.5,
            "movement_duration_min": 8.7,
            "cost_xof": 400,
            "is_synthetic": true
          },
          {
            "sequence": 3,
            "mode": "walk",
            "from_reference": "H03-S0",
            "to_reference": "H03-S2",
            "route_id": null,
            "distance_m": 169,
            "waiting_duration_min": 0,
            "movement_duration_min": 2.3,
            "cost_xof": 0,
            "is_synthetic": true
          },
          {
            "sequence": 4,
            "mode": "gbaka",
            "from_stop_id": "H03-S2",
            "to_stop_id": "H07-S2",
            "route_id": "GBAKA-P03",
            "distance_m": 4975,
            "waiting_duration_min": 4.5,
            "movement_duration_min": 19.2,
            "cost_xof": 500,
            "is_synthetic": true
          },
          {
            "sequence": 5,
            "mode": "walk",
            "from_reference": "H07-S2",
            "to_reference": "destination",
            "route_id": null,
            "distance_m": 436,
            "waiting_duration_min": 0,
            "movement_duration_min": 5.8,
            "cost_xof": 0,
            "is_synthetic": true
          }
        ],
        "expected_totals": {
          "walking_distance_m": 864,
          "walking_duration_min": 11.6,
          "waiting_duration_min": 12.0,
          "in_vehicle_duration_min": 27.9,
          "total_duration_min": 51.5,
          "total_cost_xof": 900,
          "boarding_count": 2,
          "transfer_count": 1,
          "confidence": 0.35
        }
      },
      "engine_validation": {
        "maximum_duration_error_min": 10,
        "maximum_cost_error_xof": 100,
        "mode_sequence_must_match": true,
        "budget_must_be_respected": true,
        "result": "not_tested"
      },
      "is_synthetic": true,
      "data_origin": "synthetic",
      "simulation_model": "SIRA-SIM-v1",
      "random_seed": 20260825,
      "validation_status": "simulated",
      "confidence": 0.35
    },
    {
      "scenario_id": "SCN-061",
      "category": "walk_bus_walk_gbaka_walk",
      "name": "Walk Bus Walk Gbaka Walk",
      "origin": {
        "name": "Origine synthétique",
        "coordinates": [
          -4.010334,
          5.346678
        ]
      },
      "destination": {
        "name": "Destination synthétique",
        "coordinates": [
          -3.945747,
          5.367265
        ]
      },
      "departure": {
        "local_date": "2026-08-25",
        "local_time": "12:30",
        "timezone": "Africa/Abidjan"
      },
      "constraints": {
        "maximum_budget_xof": 850,
        "maximum_walking_distance_m": 1500,
        "maximum_transfers": 2,
        "allowed_modes": [
          "walk",
          "bus",
          "gbaka"
        ]
      },
      "reference_journey": {
        "solution_expected": true,
        "ground_truth_type": "simulated_reference",
        "expected_mode_sequence": [
          "walk",
          "bus",
          "walk",
          "gbaka",
          "walk"
        ],
        "legs": [
          {
            "sequence": 1,
            "mode": "walk",
            "from_reference": "origin",
            "to_reference": "H03-S1",
            "route_id": null,
            "distance_m": 442,
            "waiting_duration_min": 0,
            "movement_duration_min": 5.9,
            "cost_xof": 0,
            "is_synthetic": true
          },
          {
            "sequence": 2,
            "mode": "bus",
            "from_stop_id": "H03-S1",
            "to_stop_id": "H04-S0",
            "route_id": "BUS-P03",
            "distance_m": 1705,
            "waiting_duration_min": 5.0,
            "movement_duration_min": 5.7,
            "cost_xof": 250,
            "is_synthetic": true
          },
          {
            "sequence": 3,
            "mode": "walk",
            "from_reference": "H04-S0",
            "to_reference": "H04-S3",
            "route_id": null,
            "distance_m": 169,
            "waiting_duration_min": 0,
            "movement_duration_min": 2.3,
            "cost_xof": 0,
            "is_synthetic": true
          },
          {
            "sequence": 4,
            "mode": "gbaka",
            "from_stop_id": "H04-S3",
            "to_stop_id": "H09-S3",
            "route_id": "GBAKA-P03",
            "distance_m": 6396,
            "waiting_duration_min": 4.5,
            "movement_duration_min": 24.5,
            "cost_xof": 500,
            "is_synthetic": true
          },
          {
            "sequence": 5,
            "mode": "walk",
            "from_reference": "H09-S3",
            "to_reference": "destination",
            "route_id": null,
            "distance_m": 158,
            "waiting_duration_min": 0,
            "movement_duration_min": 2.1,
            "cost_xof": 0,
            "is_synthetic": true
          }
        ],
        "expected_totals": {
          "walking_distance_m": 769,
          "walking_duration_min": 10.3,
          "waiting_duration_min": 9.5,
          "in_vehicle_duration_min": 30.2,
          "total_duration_min": 50.0,
          "total_cost_xof": 750,
          "boarding_count": 2,
          "transfer_count": 1,
          "confidence": 0.35
        }
      },
      "engine_validation": {
        "maximum_duration_error_min": 10,
        "maximum_cost_error_xof": 100,
        "mode_sequence_must_match": true,
        "budget_must_be_respected": true,
        "result": "not_tested"
      },
      "is_synthetic": true,
      "data_origin": "synthetic",
      "simulation_model": "SIRA-SIM-v1",
      "random_seed": 20260825,
      "validation_status": "simulated",
      "confidence": 0.35
    },
    {
      "scenario_id": "SCN-062",
      "category": "walk_bus_walk_gbaka_walk",
      "name": "Walk Bus Walk Gbaka Walk",
      "origin": {
        "name": "Origine synthétique",
        "coordinates": [
          -4.021942,
          5.326189
        ]
      },
      "destination": {
        "name": "Destination synthétique",
        "coordinates": [
          -3.956465,
          5.349827
        ]
      },
      "departure": {
        "local_date": "2026-08-25",
        "local_time": "07:15",
        "timezone": "Africa/Abidjan"
      },
      "constraints": {
        "maximum_budget_xof": 900,
        "maximum_walking_distance_m": 1500,
        "maximum_transfers": 2,
        "allowed_modes": [
          "walk",
          "bus",
          "gbaka"
        ]
      },
      "reference_journey": {
        "solution_expected": true,
        "ground_truth_type": "simulated_reference",
        "expected_mode_sequence": [
          "walk",
          "bus",
          "walk",
          "gbaka",
          "walk"
        ],
        "legs": [
          {
            "sequence": 1,
            "mode": "walk",
            "from_reference": "origin",
            "to_reference": "H01-S1",
            "route_id": null,
            "distance_m": 271,
            "waiting_duration_min": 0,
            "movement_duration_min": 3.6,
            "cost_xof": 0,
            "is_synthetic": true
          },
          {
            "sequence": 2,
            "mode": "bus",
            "from_stop_id": "H01-S1",
            "to_stop_id": "H07-S0",
            "route_id": "BUS-P05",
            "distance_m": 7504,
            "waiting_duration_min": 9.0,
            "movement_duration_min": 26.5,
            "cost_xof": 400,
            "is_synthetic": true
          },
          {
            "sequence": 3,
            "mode": "walk",
            "from_reference": "H07-S0",
            "to_reference": "H07-S3",
            "route_id": null,
            "distance_m": 169,
            "waiting_duration_min": 0,
            "movement_duration_min": 2.3,
            "cost_xof": 0,
            "is_synthetic": true
          },
          {
            "sequence": 4,
            "mode": "gbaka",
            "from_stop_id": "H07-S3",
            "to_stop_id": "H08-S2",
            "route_id": "GBAKA-P04",
            "distance_m": 1989,
            "waiting_duration_min": 3.0,
            "movement_duration_min": 7.5,
            "cost_xof": 300,
            "is_synthetic": true
          },
          {
            "sequence": 5,
            "mode": "walk",
            "from_reference": "H08-S2",
            "to_reference": "destination",
            "route_id": null,
            "distance_m": 497,
            "waiting_duration_min": 0,
            "movement_duration_min": 6.6,
            "cost_xof": 0,
            "is_synthetic": true
          }
        ],
        "expected_totals": {
          "walking_distance_m": 937,
          "walking_duration_min": 12.5,
          "waiting_duration_min": 12.0,
          "in_vehicle_duration_min": 34.0,
          "total_duration_min": 58.5,
          "total_cost_xof": 700,
          "boarding_count": 2,
          "transfer_count": 1,
          "confidence": 0.35
        }
      },
      "engine_validation": {
        "maximum_duration_error_min": 10,
        "maximum_cost_error_xof": 100,
        "mode_sequence_must_match": true,
        "budget_must_be_respected": true,
        "result": "not_tested"
      },
      "is_synthetic": true,
      "data_origin": "synthetic",
      "simulation_model": "SIRA-SIM-v1",
      "random_seed": 20260825,
      "validation_status": "simulated",
      "confidence": 0.35
    },
    {
      "scenario_id": "SCN-063",
      "category": "walk_bus_walk_gbaka_walk",
      "name": "Walk Bus Walk Gbaka Walk",
      "origin": {
        "name": "Origine synthétique",
        "coordinates": [
          -4.018447,
          5.322436
        ]
      },
      "destination": {
        "name": "Destination synthétique",
        "coordinates": [
          -3.942817,
          5.363974
        ]
      },
      "departure": {
        "local_date": "2026-08-25",
        "local_time": "17:30",
        "timezone": "Africa/Abidjan"
      },
      "constraints": {
        "maximum_budget_xof": 1100,
        "maximum_walking_distance_m": 1500,
        "maximum_transfers": 2,
        "allowed_modes": [
          "walk",
          "bus",
          "gbaka"
        ]
      },
      "reference_journey": {
        "solution_expected": true,
        "ground_truth_type": "simulated_reference",
        "expected_mode_sequence": [
          "walk",
          "bus",
          "walk",
          "gbaka",
          "walk"
        ],
        "legs": [
          {
            "sequence": 1,
            "mode": "walk",
            "from_reference": "origin",
            "to_reference": "H00-S0",
            "route_id": null,
            "distance_m": 444,
            "waiting_duration_min": 0,
            "movement_duration_min": 5.9,
            "cost_xof": 0,
            "is_synthetic": true
          },
          {
            "sequence": 2,
            "mode": "bus",
            "from_stop_id": "H00-S0",
            "to_stop_id": "H07-S0",
            "route_id": "BUS-P02",
            "distance_m": 10389,
            "waiting_duration_min": 7.5,
            "movement_duration_min": 36.9,
            "cost_xof": 400,
            "is_synthetic": true
          },
          {
            "sequence": 3,
            "mode": "walk",
            "from_reference": "H07-S0",
            "to_reference": "H07-S2",
            "route_id": null,
            "distance_m": 169,
            "waiting_duration_min": 0,
            "movement_duration_min": 2.3,
            "cost_xof": 0,
            "is_synthetic": true
          },
          {
            "sequence": 4,
            "mode": "gbaka",
            "from_stop_id": "H07-S2",
            "to_stop_id": "H09-S3",
            "route_id": "GBAKA-P03",
            "distance_m": 3425,
            "waiting_duration_min": 4.5,
            "movement_duration_min": 12.8,
            "cost_xof": 500,
            "is_synthetic": true
          },
          {
            "sequence": 5,
            "mode": "walk",
            "from_reference": "H09-S3",
            "to_reference": "destination",
            "route_id": null,
            "distance_m": 339,
            "waiting_duration_min": 0,
            "movement_duration_min": 4.5,
            "cost_xof": 0,
            "is_synthetic": true
          }
        ],
        "expected_totals": {
          "walking_distance_m": 952,
          "walking_duration_min": 12.7,
          "waiting_duration_min": 12.0,
          "in_vehicle_duration_min": 49.7,
          "total_duration_min": 74.4,
          "total_cost_xof": 900,
          "boarding_count": 2,
          "transfer_count": 1,
          "confidence": 0.35
        }
      },
      "engine_validation": {
        "maximum_duration_error_min": 10,
        "maximum_cost_error_xof": 100,
        "mode_sequence_must_match": true,
        "budget_must_be_respected": true,
        "result": "not_tested"
      },
      "is_synthetic": true,
      "data_origin": "synthetic",
      "simulation_model": "SIRA-SIM-v1",
      "random_seed": 20260825,
      "validation_status": "simulated",
      "confidence": 0.35
    },
    {
      "scenario_id": "SCN-064",
      "category": "walk_bus_walk_gbaka_walk",
      "name": "Walk Bus Walk Gbaka Walk",
      "origin": {
        "name": "Origine synthétique",
        "coordinates": [
          -4.017129,
          5.329323
        ]
      },
      "destination": {
        "name": "Destination synthétique",
        "coordinates": [
          -3.949183,
          5.353327
        ]
      },
      "departure": {
        "local_date": "2026-08-25",
        "local_time": "08:00",
        "timezone": "Africa/Abidjan"
      },
      "constraints": {
        "maximum_budget_xof": 900,
        "maximum_walking_distance_m": 1500,
        "maximum_transfers": 2,
        "allowed_modes": [
          "walk",
          "bus",
          "gbaka"
        ]
      },
      "reference_journey": {
        "solution_expected": true,
        "ground_truth_type": "simulated_reference",
        "expected_mode_sequence": [
          "walk",
          "bus",
          "walk",
          "gbaka",
          "walk"
        ],
        "legs": [
          {
            "sequence": 1,
            "mode": "walk",
            "from_reference": "origin",
            "to_reference": "H01-S1",
            "route_id": null,
            "distance_m": 427,
            "waiting_duration_min": 0,
            "movement_duration_min": 5.7,
            "cost_xof": 0,
            "is_synthetic": true
          },
          {
            "sequence": 2,
            "mode": "bus",
            "from_stop_id": "H01-S1",
            "to_stop_id": "H05-S1",
            "route_id": "BUS-P05",
            "distance_m": 5565,
            "waiting_duration_min": 9.0,
            "movement_duration_min": 19.3,
            "cost_xof": 400,
            "is_synthetic": true
          },
          {
            "sequence": 3,
            "mode": "walk",
            "from_reference": "H05-S1",
            "to_reference": "H05-S2",
            "route_id": null,
            "distance_m": 306,
            "waiting_duration_min": 0,
            "movement_duration_min": 4.1,
            "cost_xof": 0,
            "is_synthetic": true
          },
          {
            "sequence": 4,
            "mode": "gbaka",
            "from_stop_id": "H05-S2",
            "to_stop_id": "H08-S2",
            "route_id": "GBAKA-P04",
            "distance_m": 4214,
            "waiting_duration_min": 3.0,
            "movement_duration_min": 16.4,
            "cost_xof": 300,
            "is_synthetic": true
          },
          {
            "sequence": 5,
            "mode": "walk",
            "from_reference": "H08-S2",
            "to_reference": "destination",
            "route_id": null,
            "distance_m": 414,
            "waiting_duration_min": 0,
            "movement_duration_min": 5.5,
            "cost_xof": 0,
            "is_synthetic": true
          }
        ],
        "expected_totals": {
          "walking_distance_m": 1147,
          "walking_duration_min": 15.3,
          "waiting_duration_min": 12.0,
          "in_vehicle_duration_min": 35.7,
          "total_duration_min": 63.0,
          "total_cost_xof": 700,
          "boarding_count": 2,
          "transfer_count": 1,
          "confidence": 0.35
        }
      },
      "engine_validation": {
        "maximum_duration_error_min": 10,
        "maximum_cost_error_xof": 100,
        "mode_sequence_must_match": true,
        "budget_must_be_respected": true,
        "result": "not_tested"
      },
      "is_synthetic": true,
      "data_origin": "synthetic",
      "simulation_model": "SIRA-SIM-v1",
      "random_seed": 20260825,
      "validation_status": "simulated",
      "confidence": 0.35
    },
    {
      "scenario_id": "SCN-065",
      "category": "walk_bus_walk_gbaka_walk",
      "name": "Walk Bus Walk Gbaka Walk",
      "origin": {
        "name": "Origine synthétique",
        "coordinates": [
          -3.981412,
          5.366929
        ]
      },
      "destination": {
        "name": "Destination synthétique",
        "coordinates": [
          -3.948386,
          5.366534
        ]
      },
      "departure": {
        "local_date": "2026-08-25",
        "local_time": "07:15",
        "timezone": "Africa/Abidjan"
      },
      "constraints": {
        "maximum_budget_xof": 1200,
        "maximum_walking_distance_m": 1500,
        "maximum_transfers": 2,
        "allowed_modes": [
          "walk",
          "bus",
          "gbaka"
        ]
      },
      "reference_journey": {
        "solution_expected": true,
        "ground_truth_type": "simulated_reference",
        "expected_mode_sequence": [
          "walk",
          "bus",
          "walk",
          "gbaka",
          "walk"
        ],
        "legs": [
          {
            "sequence": 1,
            "mode": "walk",
            "from_reference": "origin",
            "to_reference": "H06-S1",
            "route_id": null,
            "distance_m": 299,
            "waiting_duration_min": 0,
            "movement_duration_min": 4.0,
            "cost_xof": 0,
            "is_synthetic": true
          },
          {
            "sequence": 2,
            "mode": "bus",
            "from_stop_id": "H06-S1",
            "to_stop_id": "H07-S0",
            "route_id": "BUS-P02",
            "distance_m": 2469,
            "waiting_duration_min": 7.5,
            "movement_duration_min": 8.2,
            "cost_xof": 400,
            "is_synthetic": true
          },
          {
            "sequence": 3,
            "mode": "walk",
            "from_reference": "H07-S0",
            "to_reference": "H07-S2",
            "route_id": null,
            "distance_m": 169,
            "waiting_duration_min": 0,
            "movement_duration_min": 2.3,
            "cost_xof": 0,
            "is_synthetic": true
          },
          {
            "sequence": 4,
            "mode": "gbaka",
            "from_stop_id": "H07-S2",
            "to_stop_id": "H09-S3",
            "route_id": "GBAKA-P03",
            "distance_m": 3425,
            "waiting_duration_min": 4.5,
            "movement_duration_min": 12.8,
            "cost_xof": 500,
            "is_synthetic": true
          },
          {
            "sequence": 5,
            "mode": "walk",
            "from_reference": "H09-S3",
            "to_reference": "destination",
            "route_id": null,
            "distance_m": 369,
            "waiting_duration_min": 0,
            "movement_duration_min": 4.9,
            "cost_xof": 0,
            "is_synthetic": true
          }
        ],
        "expected_totals": {
          "walking_distance_m": 837,
          "walking_duration_min": 11.2,
          "waiting_duration_min": 12.0,
          "in_vehicle_duration_min": 21.0,
          "total_duration_min": 44.2,
          "total_cost_xof": 900,
          "boarding_count": 2,
          "transfer_count": 1,
          "confidence": 0.35
        }
      },
      "engine_validation": {
        "maximum_duration_error_min": 10,
        "maximum_cost_error_xof": 100,
        "mode_sequence_must_match": true,
        "budget_must_be_respected": true,
        "result": "not_tested"
      },
      "is_synthetic": true,
      "data_origin": "synthetic",
      "simulation_model": "SIRA-SIM-v1",
      "random_seed": 20260825,
      "validation_status": "simulated",
      "confidence": 0.35
    },
    {
      "scenario_id": "SCN-066",
      "category": "walk_bus_walk_gbaka_walk",
      "name": "Walk Bus Walk Gbaka Walk",
      "origin": {
        "name": "Origine synthétique",
        "coordinates": [
          -4.007345,
          5.344901
        ]
      },
      "destination": {
        "name": "Destination synthétique",
        "coordinates": [
          -3.943841,
          5.365762
        ]
      },
      "departure": {
        "local_date": "2026-08-25",
        "local_time": "08:00",
        "timezone": "Africa/Abidjan"
      },
      "constraints": {
        "maximum_budget_xof": 800,
        "maximum_walking_distance_m": 1500,
        "maximum_transfers": 2,
        "allowed_modes": [
          "walk",
          "bus",
          "gbaka"
        ]
      },
      "reference_journey": {
        "solution_expected": true,
        "ground_truth_type": "simulated_reference",
        "expected_mode_sequence": [
          "walk",
          "bus",
          "walk",
          "gbaka",
          "walk"
        ],
        "legs": [
          {
            "sequence": 1,
            "mode": "walk",
            "from_reference": "origin",
            "to_reference": "H03-S0",
            "route_id": null,
            "distance_m": 138,
            "waiting_duration_min": 0,
            "movement_duration_min": 1.8,
            "cost_xof": 0,
            "is_synthetic": true
          },
          {
            "sequence": 2,
            "mode": "bus",
            "from_stop_id": "H03-S0",
            "to_stop_id": "H08-S0",
            "route_id": "BUS-P04",
            "distance_m": 7062,
            "waiting_duration_min": 7.0,
            "movement_duration_min": 24.3,
            "cost_xof": 300,
            "is_synthetic": true
          },
          {
            "sequence": 3,
            "mode": "walk",
            "from_reference": "H08-S0",
            "to_reference": "H08-S2",
            "route_id": null,
            "distance_m": 169,
            "waiting_duration_min": 0,
            "movement_duration_min": 2.3,
            "cost_xof": 0,
            "is_synthetic": true
          },
          {
            "sequence": 4,
            "mode": "gbaka",
            "from_stop_id": "H08-S2",
            "to_stop_id": "H09-S3",
            "route_id": "GBAKA-P04",
            "distance_m": 1944,
            "waiting_duration_min": 3.0,
            "movement_duration_min": 7.3,
            "cost_xof": 300,
            "is_synthetic": true
          },
          {
            "sequence": 5,
            "mode": "walk",
            "from_reference": "H09-S3",
            "to_reference": "destination",
            "route_id": null,
            "distance_m": 142,
            "waiting_duration_min": 0,
            "movement_duration_min": 1.9,
            "cost_xof": 0,
            "is_synthetic": true
          }
        ],
        "expected_totals": {
          "walking_distance_m": 449,
          "walking_duration_min": 6.0,
          "waiting_duration_min": 10.0,
          "in_vehicle_duration_min": 31.6,
          "total_duration_min": 47.6,
          "total_cost_xof": 600,
          "boarding_count": 2,
          "transfer_count": 1,
          "confidence": 0.35
        }
      },
      "engine_validation": {
        "maximum_duration_error_min": 10,
        "maximum_cost_error_xof": 100,
        "mode_sequence_must_match": true,
        "budget_must_be_respected": true,
        "result": "not_tested"
      },
      "is_synthetic": true,
      "data_origin": "synthetic",
      "simulation_model": "SIRA-SIM-v1",
      "random_seed": 20260825,
      "validation_status": "simulated",
      "confidence": 0.35
    },
    {
      "scenario_id": "SCN-067",
      "category": "walk_bus_walk_gbaka_walk",
      "name": "Walk Bus Walk Gbaka Walk",
      "origin": {
        "name": "Origine synthétique",
        "coordinates": [
          -3.9823,
          5.347928
        ]
      },
      "destination": {
        "name": "Destination synthétique",
        "coordinates": [
          -3.945155,
          5.369755
        ]
      },
      "departure": {
        "local_date": "2026-08-25",
        "local_time": "17:30",
        "timezone": "Africa/Abidjan"
      },
      "constraints": {
        "maximum_budget_xof": 900,
        "maximum_walking_distance_m": 1500,
        "maximum_transfers": 2,
        "allowed_modes": [
          "walk",
          "bus",
          "gbaka"
        ]
      },
      "reference_journey": {
        "solution_expected": true,
        "ground_truth_type": "simulated_reference",
        "expected_mode_sequence": [
          "walk",
          "bus",
          "walk",
          "gbaka",
          "walk"
        ],
        "legs": [
          {
            "sequence": 1,
            "mode": "walk",
            "from_reference": "origin",
            "to_reference": "H05-S1",
            "route_id": null,
            "distance_m": 169,
            "waiting_duration_min": 0,
            "movement_duration_min": 2.3,
            "cost_xof": 0,
            "is_synthetic": true
          },
          {
            "sequence": 2,
            "mode": "bus",
            "from_stop_id": "H05-S1",
            "to_stop_id": "H08-S0",
            "route_id": "BUS-P04",
            "distance_m": 3992,
            "waiting_duration_min": 7.0,
            "movement_duration_min": 13.3,
            "cost_xof": 300,
            "is_synthetic": true
          },
          {
            "sequence": 3,
            "mode": "walk",
            "from_reference": "H08-S0",
            "to_reference": "H08-S2",
            "route_id": null,
            "distance_m": 169,
            "waiting_duration_min": 0,
            "movement_duration_min": 2.3,
            "cost_xof": 0,
            "is_synthetic": true
          },
          {
            "sequence": 4,
            "mode": "gbaka",
            "from_stop_id": "H08-S2",
            "to_stop_id": "H09-S3",
            "route_id": "GBAKA-P04",
            "distance_m": 1944,
            "waiting_duration_min": 3.0,
            "movement_duration_min": 7.3,
            "cost_xof": 300,
            "is_synthetic": true
          },
          {
            "sequence": 5,
            "mode": "walk",
            "from_reference": "H09-S3",
            "to_reference": "destination",
            "route_id": null,
            "distance_m": 418,
            "waiting_duration_min": 0,
            "movement_duration_min": 5.6,
            "cost_xof": 0,
            "is_synthetic": true
          }
        ],
        "expected_totals": {
          "walking_distance_m": 756,
          "walking_duration_min": 10.2,
          "waiting_duration_min": 10.0,
          "in_vehicle_duration_min": 20.6,
          "total_duration_min": 40.8,
          "total_cost_xof": 600,
          "boarding_count": 2,
          "transfer_count": 1,
          "confidence": 0.35
        }
      },
      "engine_validation": {
        "maximum_duration_error_min": 10,
        "maximum_cost_error_xof": 100,
        "mode_sequence_must_match": true,
        "budget_must_be_respected": true,
        "result": "not_tested"
      },
      "is_synthetic": true,
      "data_origin": "synthetic",
      "simulation_model": "SIRA-SIM-v1",
      "random_seed": 20260825,
      "validation_status": "simulated",
      "confidence": 0.35
    },
    {
      "scenario_id": "SCN-068",
      "category": "walk_bus_walk_gbaka_walk",
      "name": "Walk Bus Walk Gbaka Walk",
      "origin": {
        "name": "Origine synthétique",
        "coordinates": [
          -3.987012,
          5.346232
        ]
      },
      "destination": {
        "name": "Destination synthétique",
        "coordinates": [
          -3.946633,
          5.365831
        ]
      },
      "departure": {
        "local_date": "2026-08-25",
        "local_time": "08:00",
        "timezone": "Africa/Abidjan"
      },
      "constraints": {
        "maximum_budget_xof": 700,
        "maximum_walking_distance_m": 1500,
        "maximum_transfers": 2,
        "allowed_modes": [
          "walk",
          "bus",
          "gbaka"
        ]
      },
      "reference_journey": {
        "solution_expected": true,
        "ground_truth_type": "simulated_reference",
        "expected_mode_sequence": [
          "walk",
          "bus",
          "walk",
          "gbaka",
          "walk"
        ],
        "legs": [
          {
            "sequence": 1,
            "mode": "walk",
            "from_reference": "origin",
            "to_reference": "H05-S1",
            "route_id": null,
            "distance_m": 418,
            "waiting_duration_min": 0,
            "movement_duration_min": 5.6,
            "cost_xof": 0,
            "is_synthetic": true
          },
          {
            "sequence": 2,
            "mode": "bus",
            "from_stop_id": "H05-S1",
            "to_stop_id": "H08-S0",
            "route_id": "BUS-P04",
            "distance_m": 3992,
            "waiting_duration_min": 7.0,
            "movement_duration_min": 13.3,
            "cost_xof": 300,
            "is_synthetic": true
          },
          {
            "sequence": 3,
            "mode": "walk",
            "from_reference": "H08-S0",
            "to_reference": "H08-S2",
            "route_id": null,
            "distance_m": 169,
            "waiting_duration_min": 0,
            "movement_duration_min": 2.3,
            "cost_xof": 0,
            "is_synthetic": true
          },
          {
            "sequence": 4,
            "mode": "gbaka",
            "from_stop_id": "H08-S2",
            "to_stop_id": "H09-S3",
            "route_id": "GBAKA-P04",
            "distance_m": 1944,
            "waiting_duration_min": 3.0,
            "movement_duration_min": 7.3,
            "cost_xof": 300,
            "is_synthetic": true
          },
          {
            "sequence": 5,
            "mode": "walk",
            "from_reference": "H09-S3",
            "to_reference": "destination",
            "route_id": null,
            "distance_m": 171,
            "waiting_duration_min": 0,
            "movement_duration_min": 2.3,
            "cost_xof": 0,
            "is_synthetic": true
          }
        ],
        "expected_totals": {
          "walking_distance_m": 758,
          "walking_duration_min": 10.2,
          "waiting_duration_min": 10.0,
          "in_vehicle_duration_min": 20.6,
          "total_duration_min": 40.8,
          "total_cost_xof": 600,
          "boarding_count": 2,
          "transfer_count": 1,
          "confidence": 0.35
        }
      },
      "engine_validation": {
        "maximum_duration_error_min": 10,
        "maximum_cost_error_xof": 100,
        "mode_sequence_must_match": true,
        "budget_must_be_respected": true,
        "result": "not_tested"
      },
      "is_synthetic": true,
      "data_origin": "synthetic",
      "simulation_model": "SIRA-SIM-v1",
      "random_seed": 20260825,
      "validation_status": "simulated",
      "confidence": 0.35
    },
    {
      "scenario_id": "SCN-069",
      "category": "walk_bus_walk_gbaka_walk",
      "name": "Walk Bus Walk Gbaka Walk",
      "origin": {
        "name": "Origine synthétique",
        "coordinates": [
          -4.016268,
          5.321862
        ]
      },
      "destination": {
        "name": "Destination synthétique",
        "coordinates": [
          -3.972497,
          5.354953
        ]
      },
      "departure": {
        "local_date": "2026-08-25",
        "local_time": "18:15",
        "timezone": "Africa/Abidjan"
      },
      "constraints": {
        "maximum_budget_xof": 1000,
        "maximum_walking_distance_m": 1500,
        "maximum_transfers": 2,
        "allowed_modes": [
          "walk",
          "bus",
          "gbaka"
        ]
      },
      "reference_journey": {
        "solution_expected": true,
        "ground_truth_type": "simulated_reference",
        "expected_mode_sequence": [
          "walk",
          "bus",
          "walk",
          "gbaka",
          "walk"
        ],
        "legs": [
          {
            "sequence": 1,
            "mode": "walk",
            "from_reference": "origin",
            "to_reference": "H00-S0",
            "route_id": null,
            "distance_m": 411,
            "waiting_duration_min": 0,
            "movement_duration_min": 5.5,
            "cost_xof": 0,
            "is_synthetic": true
          },
          {
            "sequence": 2,
            "mode": "bus",
            "from_stop_id": "H00-S0",
            "to_stop_id": "H03-S0",
            "route_id": "BUS-P02",
            "distance_m": 3606,
            "waiting_duration_min": 7.5,
            "movement_duration_min": 12.8,
            "cost_xof": 400,
            "is_synthetic": true
          },
          {
            "sequence": 3,
            "mode": "walk",
            "from_reference": "H03-S0",
            "to_reference": "H03-S2",
            "route_id": null,
            "distance_m": 169,
            "waiting_duration_min": 0,
            "movement_duration_min": 2.3,
            "cost_xof": 0,
            "is_synthetic": true
          },
          {
            "sequence": 4,
            "mode": "gbaka",
            "from_stop_id": "H03-S2",
            "to_stop_id": "H07-S2",
            "route_id": "GBAKA-P03",
            "distance_m": 4975,
            "waiting_duration_min": 4.5,
            "movement_duration_min": 19.2,
            "cost_xof": 500,
            "is_synthetic": true
          },
          {
            "sequence": 5,
            "mode": "walk",
            "from_reference": "H07-S2",
            "to_reference": "destination",
            "route_id": null,
            "distance_m": 223,
            "waiting_duration_min": 0,
            "movement_duration_min": 3.0,
            "cost_xof": 0,
            "is_synthetic": true
          }
        ],
        "expected_totals": {
          "walking_distance_m": 803,
          "walking_duration_min": 10.8,
          "waiting_duration_min": 12.0,
          "in_vehicle_duration_min": 32.0,
          "total_duration_min": 54.8,
          "total_cost_xof": 900,
          "boarding_count": 2,
          "transfer_count": 1,
          "confidence": 0.35
        }
      },
      "engine_validation": {
        "maximum_duration_error_min": 10,
        "maximum_cost_error_xof": 100,
        "mode_sequence_must_match": true,
        "budget_must_be_respected": true,
        "result": "not_tested"
      },
      "is_synthetic": true,
      "data_origin": "synthetic",
      "simulation_model": "SIRA-SIM-v1",
      "random_seed": 20260825,
      "validation_status": "simulated",
      "confidence": 0.35
    },
    {
      "scenario_id": "SCN-070",
      "category": "walk_bus_walk_gbaka_walk",
      "name": "Walk Bus Walk Gbaka Walk",
      "origin": {
        "name": "Origine synthétique",
        "coordinates": [
          -4.013767,
          5.317384
        ]
      },
      "destination": {
        "name": "Destination synthétique",
        "coordinates": [
          -3.955096,
          5.353383
        ]
      },
      "departure": {
        "local_date": "2026-08-25",
        "local_time": "07:15",
        "timezone": "Africa/Abidjan"
      },
      "constraints": {
        "maximum_budget_xof": 900,
        "maximum_walking_distance_m": 1500,
        "maximum_transfers": 2,
        "allowed_modes": [
          "walk",
          "bus",
          "gbaka"
        ]
      },
      "reference_journey": {
        "solution_expected": true,
        "ground_truth_type": "simulated_reference",
        "expected_mode_sequence": [
          "walk",
          "bus",
          "walk",
          "gbaka",
          "walk"
        ],
        "legs": [
          {
            "sequence": 1,
            "mode": "walk",
            "from_reference": "origin",
            "to_reference": "H00-S0",
            "route_id": null,
            "distance_m": 464,
            "waiting_duration_min": 0,
            "movement_duration_min": 6.2,
            "cost_xof": 0,
            "is_synthetic": true
          },
          {
            "sequence": 2,
            "mode": "bus",
            "from_stop_id": "H00-S0",
            "to_stop_id": "H05-S1",
            "route_id": "BUS-P05",
            "distance_m": 6559,
            "waiting_duration_min": 9.0,
            "movement_duration_min": 23.4,
            "cost_xof": 400,
            "is_synthetic": true
          },
          {
            "sequence": 3,
            "mode": "walk",
            "from_reference": "H05-S1",
            "to_reference": "H05-S2",
            "route_id": null,
            "distance_m": 306,
            "waiting_duration_min": 0,
            "movement_duration_min": 4.1,
            "cost_xof": 0,
            "is_synthetic": true
          },
          {
            "sequence": 4,
            "mode": "gbaka",
            "from_stop_id": "H05-S2",
            "to_stop_id": "H08-S2",
            "route_id": "GBAKA-P04",
            "distance_m": 4214,
            "waiting_duration_min": 3.0,
            "movement_duration_min": 16.4,
            "cost_xof": 300,
            "is_synthetic": true
          },
          {
            "sequence": 5,
            "mode": "walk",
            "from_reference": "H08-S2",
            "to_reference": "destination",
            "route_id": null,
            "distance_m": 277,
            "waiting_duration_min": 0,
            "movement_duration_min": 3.7,
            "cost_xof": 0,
            "is_synthetic": true
          }
        ],
        "expected_totals": {
          "walking_distance_m": 1047,
          "walking_duration_min": 14.0,
          "waiting_duration_min": 12.0,
          "in_vehicle_duration_min": 39.8,
          "total_duration_min": 65.8,
          "total_cost_xof": 700,
          "boarding_count": 2,
          "transfer_count": 1,
          "confidence": 0.35
        }
      },
      "engine_validation": {
        "maximum_duration_error_min": 10,
        "maximum_cost_error_xof": 100,
        "mode_sequence_must_match": true,
        "budget_must_be_respected": true,
        "result": "not_tested"
      },
      "is_synthetic": true,
      "data_origin": "synthetic",
      "simulation_model": "SIRA-SIM-v1",
      "random_seed": 20260825,
      "validation_status": "simulated",
      "confidence": 0.35
    },
    {
      "scenario_id": "SCN-071",
      "category": "walk_bus_walk_gbaka_walk",
      "name": "Walk Bus Walk Gbaka Walk",
      "origin": {
        "name": "Origine synthétique",
        "coordinates": [
          -3.981353,
          5.36646
        ]
      },
      "destination": {
        "name": "Destination synthétique",
        "coordinates": [
          -3.941292,
          5.36715
        ]
      },
      "departure": {
        "local_date": "2026-08-25",
        "local_time": "08:00",
        "timezone": "Africa/Abidjan"
      },
      "constraints": {
        "maximum_budget_xof": 1000,
        "maximum_walking_distance_m": 1500,
        "maximum_transfers": 2,
        "allowed_modes": [
          "walk",
          "bus",
          "gbaka"
        ]
      },
      "reference_journey": {
        "solution_expected": true,
        "ground_truth_type": "simulated_reference",
        "expected_mode_sequence": [
          "walk",
          "bus",
          "walk",
          "gbaka",
          "walk"
        ],
        "legs": [
          {
            "sequence": 1,
            "mode": "walk",
            "from_reference": "origin",
            "to_reference": "H06-S1",
            "route_id": null,
            "distance_m": 337,
            "waiting_duration_min": 0,
            "movement_duration_min": 4.5,
            "cost_xof": 0,
            "is_synthetic": true
          },
          {
            "sequence": 2,
            "mode": "bus",
            "from_stop_id": "H06-S1",
            "to_stop_id": "H07-S0",
            "route_id": "BUS-P02",
            "distance_m": 2469,
            "waiting_duration_min": 7.5,
            "movement_duration_min": 8.2,
            "cost_xof": 400,
            "is_synthetic": true
          },
          {
            "sequence": 3,
            "mode": "walk",
            "from_reference": "H07-S0",
            "to_reference": "H07-S2",
            "route_id": null,
            "distance_m": 169,
            "waiting_duration_min": 0,
            "movement_duration_min": 2.3,
            "cost_xof": 0,
            "is_synthetic": true
          },
          {
            "sequence": 4,
            "mode": "gbaka",
            "from_stop_id": "H07-S2",
            "to_stop_id": "H09-S3",
            "route_id": "GBAKA-P03",
            "distance_m": 3425,
            "waiting_duration_min": 4.5,
            "movement_duration_min": 12.8,
            "cost_xof": 500,
            "is_synthetic": true
          },
          {
            "sequence": 5,
            "mode": "walk",
            "from_reference": "H09-S3",
            "to_reference": "destination",
            "route_id": null,
            "distance_m": 441,
            "waiting_duration_min": 0,
            "movement_duration_min": 5.9,
            "cost_xof": 0,
            "is_synthetic": true
          }
        ],
        "expected_totals": {
          "walking_distance_m": 947,
          "walking_duration_min": 12.7,
          "waiting_duration_min": 12.0,
          "in_vehicle_duration_min": 21.0,
          "total_duration_min": 45.7,
          "total_cost_xof": 900,
          "boarding_count": 2,
          "transfer_count": 1,
          "confidence": 0.35
        }
      },
      "engine_validation": {
        "maximum_duration_error_min": 10,
        "maximum_cost_error_xof": 100,
        "mode_sequence_must_match": true,
        "budget_must_be_respected": true,
        "result": "not_tested"
      },
      "is_synthetic": true,
      "data_origin": "synthetic",
      "simulation_model": "SIRA-SIM-v1",
      "random_seed": 20260825,
      "validation_status": "simulated",
      "confidence": 0.35
    },
    {
      "scenario_id": "SCN-072",
      "category": "walk_bus_walk_gbaka_walk",
      "name": "Walk Bus Walk Gbaka Walk",
      "origin": {
        "name": "Origine synthétique",
        "coordinates": [
          -4.020978,
          5.33129
        ]
      },
      "destination": {
        "name": "Destination synthétique",
        "coordinates": [
          -3.972769,
          5.353747
        ]
      },
      "departure": {
        "local_date": "2026-08-25",
        "local_time": "18:15",
        "timezone": "Africa/Abidjan"
      },
      "constraints": {
        "maximum_budget_xof": 850,
        "maximum_walking_distance_m": 1500,
        "maximum_transfers": 2,
        "allowed_modes": [
          "walk",
          "bus",
          "gbaka"
        ]
      },
      "reference_journey": {
        "solution_expected": true,
        "ground_truth_type": "simulated_reference",
        "expected_mode_sequence": [
          "walk",
          "bus",
          "walk",
          "gbaka",
          "walk"
        ],
        "legs": [
          {
            "sequence": 1,
            "mode": "walk",
            "from_reference": "origin",
            "to_reference": "H02-S0",
            "route_id": null,
            "distance_m": 404,
            "waiting_duration_min": 0,
            "movement_duration_min": 5.4,
            "cost_xof": 0,
            "is_synthetic": true
          },
          {
            "sequence": 2,
            "mode": "bus",
            "from_stop_id": "H02-S0",
            "to_stop_id": "H04-S0",
            "route_id": "BUS-P03",
            "distance_m": 3651,
            "waiting_duration_min": 5.0,
            "movement_duration_min": 12.9,
            "cost_xof": 250,
            "is_synthetic": true
          },
          {
            "sequence": 3,
            "mode": "walk",
            "from_reference": "H04-S0",
            "to_reference": "H04-S3",
            "route_id": null,
            "distance_m": 169,
            "waiting_duration_min": 0,
            "movement_duration_min": 2.3,
            "cost_xof": 0,
            "is_synthetic": true
          },
          {
            "sequence": 4,
            "mode": "gbaka",
            "from_stop_id": "H04-S3",
            "to_stop_id": "H07-S2",
            "route_id": "GBAKA-P03",
            "distance_m": 2971,
            "waiting_duration_min": 4.5,
            "movement_duration_min": 11.1,
            "cost_xof": 500,
            "is_synthetic": true
          },
          {
            "sequence": 5,
            "mode": "walk",
            "from_reference": "H07-S2",
            "to_reference": "destination",
            "route_id": null,
            "distance_m": 299,
            "waiting_duration_min": 0,
            "movement_duration_min": 4.0,
            "cost_xof": 0,
            "is_synthetic": true
          }
        ],
        "expected_totals": {
          "walking_distance_m": 872,
          "walking_duration_min": 11.7,
          "waiting_duration_min": 9.5,
          "in_vehicle_duration_min": 24.0,
          "total_duration_min": 45.2,
          "total_cost_xof": 750,
          "boarding_count": 2,
          "transfer_count": 1,
          "confidence": 0.35
        }
      },
      "engine_validation": {
        "maximum_duration_error_min": 10,
        "maximum_cost_error_xof": 100,
        "mode_sequence_must_match": true,
        "budget_must_be_respected": true,
        "result": "not_tested"
      },
      "is_synthetic": true,
      "data_origin": "synthetic",
      "simulation_model": "SIRA-SIM-v1",
      "random_seed": 20260825,
      "validation_status": "simulated",
      "confidence": 0.35
    },
    {
      "scenario_id": "SCN-073",
      "category": "walk_bus_walk_gbaka_walk",
      "name": "Walk Bus Walk Gbaka Walk",
      "origin": {
        "name": "Origine synthétique",
        "coordinates": [
          -4.017072,
          5.316537
        ]
      },
      "destination": {
        "name": "Destination synthétique",
        "coordinates": [
          -3.945432,
          5.364024
        ]
      },
      "departure": {
        "local_date": "2026-08-25",
        "local_time": "18:15",
        "timezone": "Africa/Abidjan"
      },
      "constraints": {
        "maximum_budget_xof": 1000,
        "maximum_walking_distance_m": 1500,
        "maximum_transfers": 2,
        "allowed_modes": [
          "walk",
          "bus",
          "gbaka"
        ]
      },
      "reference_journey": {
        "solution_expected": true,
        "ground_truth_type": "simulated_reference",
        "expected_mode_sequence": [
          "walk",
          "bus",
          "walk",
          "gbaka",
          "walk"
        ],
        "legs": [
          {
            "sequence": 1,
            "mode": "walk",
            "from_reference": "origin",
            "to_reference": "H00-S0",
            "route_id": null,
            "distance_m": 233,
            "waiting_duration_min": 0,
            "movement_duration_min": 3.1,
            "cost_xof": 0,
            "is_synthetic": true
          },
          {
            "sequence": 2,
            "mode": "bus",
            "from_stop_id": "H00-S0",
            "to_stop_id": "H03-S0",
            "route_id": "BUS-P02",
            "distance_m": 3606,
            "waiting_duration_min": 7.5,
            "movement_duration_min": 12.8,
            "cost_xof": 400,
            "is_synthetic": true
          },
          {
            "sequence": 3,
            "mode": "walk",
            "from_reference": "H03-S0",
            "to_reference": "H03-S2",
            "route_id": null,
            "distance_m": 169,
            "waiting_duration_min": 0,
            "movement_duration_min": 2.3,
            "cost_xof": 0,
            "is_synthetic": true
          },
          {
            "sequence": 4,
            "mode": "gbaka",
            "from_stop_id": "H03-S2",
            "to_stop_id": "H09-S3",
            "route_id": "GBAKA-P03",
            "distance_m": 8400,
            "waiting_duration_min": 4.5,
            "movement_duration_min": 32.6,
            "cost_xof": 500,
            "is_synthetic": true
          },
          {
            "sequence": 5,
            "mode": "walk",
            "from_reference": "H09-S3",
            "to_reference": "destination",
            "route_id": null,
            "distance_m": 223,
            "waiting_duration_min": 0,
            "movement_duration_min": 3.0,
            "cost_xof": 0,
            "is_synthetic": true
          }
        ],
        "expected_totals": {
          "walking_distance_m": 625,
          "walking_duration_min": 8.4,
          "waiting_duration_min": 12.0,
          "in_vehicle_duration_min": 45.4,
          "total_duration_min": 65.8,
          "total_cost_xof": 900,
          "boarding_count": 2,
          "transfer_count": 1,
          "confidence": 0.35
        }
      },
      "engine_validation": {
        "maximum_duration_error_min": 10,
        "maximum_cost_error_xof": 100,
        "mode_sequence_must_match": true,
        "budget_must_be_respected": true,
        "result": "not_tested"
      },
      "is_synthetic": true,
      "data_origin": "synthetic",
      "simulation_model": "SIRA-SIM-v1",
      "random_seed": 20260825,
      "validation_status": "simulated",
      "confidence": 0.35
    },
    {
      "scenario_id": "SCN-074",
      "category": "walk_bus_walk_gbaka_walk",
      "name": "Walk Bus Walk Gbaka Walk",
      "origin": {
        "name": "Origine synthétique",
        "coordinates": [
          -4.021342,
          5.332443
        ]
      },
      "destination": {
        "name": "Destination synthétique",
        "coordinates": [
          -3.955358,
          5.350983
        ]
      },
      "departure": {
        "local_date": "2026-08-25",
        "local_time": "12:30",
        "timezone": "Africa/Abidjan"
      },
      "constraints": {
        "maximum_budget_xof": 950,
        "maximum_walking_distance_m": 1500,
        "maximum_transfers": 2,
        "allowed_modes": [
          "walk",
          "bus",
          "gbaka"
        ]
      },
      "reference_journey": {
        "solution_expected": true,
        "ground_truth_type": "simulated_reference",
        "expected_mode_sequence": [
          "walk",
          "bus",
          "walk",
          "gbaka",
          "walk"
        ],
        "legs": [
          {
            "sequence": 1,
            "mode": "walk",
            "from_reference": "origin",
            "to_reference": "H02-S0",
            "route_id": null,
            "distance_m": 343,
            "waiting_duration_min": 0,
            "movement_duration_min": 4.6,
            "cost_xof": 0,
            "is_synthetic": true
          },
          {
            "sequence": 2,
            "mode": "bus",
            "from_stop_id": "H02-S0",
            "to_stop_id": "H05-S1",
            "route_id": "BUS-P01",
            "distance_m": 4950,
            "waiting_duration_min": 6.0,
            "movement_duration_min": 18.0,
            "cost_xof": 300,
            "is_synthetic": true
          },
          {
            "sequence": 3,
            "mode": "walk",
            "from_reference": "H05-S1",
            "to_reference": "H05-S3",
            "route_id": null,
            "distance_m": 220,
            "waiting_duration_min": 0,
            "movement_duration_min": 2.9,
            "cost_xof": 0,
            "is_synthetic": true
          },
          {
            "sequence": 4,
            "mode": "gbaka",
            "from_stop_id": "H05-S3",
            "to_stop_id": "H08-S3",
            "route_id": "GBAKA-P02",
            "distance_m": 4482,
            "waiting_duration_min": 3.5,
            "movement_duration_min": 17.4,
            "cost_xof": 350,
            "is_synthetic": true
          },
          {
            "sequence": 5,
            "mode": "walk",
            "from_reference": "H08-S3",
            "to_reference": "destination",
            "route_id": null,
            "distance_m": 473,
            "waiting_duration_min": 0,
            "movement_duration_min": 6.3,
            "cost_xof": 0,
            "is_synthetic": true
          }
        ],
        "expected_totals": {
          "walking_distance_m": 1036,
          "walking_duration_min": 13.8,
          "waiting_duration_min": 9.5,
          "in_vehicle_duration_min": 35.4,
          "total_duration_min": 58.7,
          "total_cost_xof": 650,
          "boarding_count": 2,
          "transfer_count": 1,
          "confidence": 0.35
        }
      },
      "engine_validation": {
        "maximum_duration_error_min": 10,
        "maximum_cost_error_xof": 100,
        "mode_sequence_must_match": true,
        "budget_must_be_respected": true,
        "result": "not_tested"
      },
      "is_synthetic": true,
      "data_origin": "synthetic",
      "simulation_model": "SIRA-SIM-v1",
      "random_seed": 20260825,
      "validation_status": "simulated",
      "confidence": 0.35
    },
    {
      "scenario_id": "SCN-075",
      "category": "walk_bus_walk_gbaka_walk",
      "name": "Walk Bus Walk Gbaka Walk",
      "origin": {
        "name": "Origine synthétique",
        "coordinates": [
          -4.020046,
          5.327484
        ]
      },
      "destination": {
        "name": "Destination synthétique",
        "coordinates": [
          -3.966311,
          5.35034
        ]
      },
      "departure": {
        "local_date": "2026-08-25",
        "local_time": "12:30",
        "timezone": "Africa/Abidjan"
      },
      "constraints": {
        "maximum_budget_xof": 700,
        "maximum_walking_distance_m": 1500,
        "maximum_transfers": 2,
        "allowed_modes": [
          "walk",
          "bus",
          "gbaka"
        ]
      },
      "reference_journey": {
        "solution_expected": true,
        "ground_truth_type": "simulated_reference",
        "expected_mode_sequence": [
          "walk",
          "bus",
          "walk",
          "gbaka",
          "walk"
        ],
        "legs": [
          {
            "sequence": 1,
            "mode": "walk",
            "from_reference": "origin",
            "to_reference": "H01-S0",
            "route_id": null,
            "distance_m": 201,
            "waiting_duration_min": 0,
            "movement_duration_min": 2.7,
            "cost_xof": 0,
            "is_synthetic": true
          },
          {
            "sequence": 2,
            "mode": "bus",
            "from_stop_id": "H01-S0",
            "to_stop_id": "H05-S1",
            "route_id": "BUS-P04",
            "distance_m": 5887,
            "waiting_duration_min": 7.0,
            "movement_duration_min": 21.1,
            "cost_xof": 300,
            "is_synthetic": true
          },
          {
            "sequence": 3,
            "mode": "walk",
            "from_reference": "H05-S1",
            "to_reference": "H05-S2",
            "route_id": null,
            "distance_m": 306,
            "waiting_duration_min": 0,
            "movement_duration_min": 4.1,
            "cost_xof": 0,
            "is_synthetic": true
          },
          {
            "sequence": 4,
            "mode": "gbaka",
            "from_stop_id": "H05-S2",
            "to_stop_id": "H07-S3",
            "route_id": "GBAKA-P04",
            "distance_m": 2225,
            "waiting_duration_min": 3.0,
            "movement_duration_min": 8.3,
            "cost_xof": 300,
            "is_synthetic": true
          },
          {
            "sequence": 5,
            "mode": "walk",
            "from_reference": "H07-S3",
            "to_reference": "destination",
            "route_id": null,
            "distance_m": 447,
            "waiting_duration_min": 0,
            "movement_duration_min": 6.0,
            "cost_xof": 0,
            "is_synthetic": true
          }
        ],
        "expected_totals": {
          "walking_distance_m": 954,
          "walking_duration_min": 12.8,
          "waiting_duration_min": 10.0,
          "in_vehicle_duration_min": 29.4,
          "total_duration_min": 52.2,
          "total_cost_xof": 600,
          "boarding_count": 2,
          "transfer_count": 1,
          "confidence": 0.35
        }
      },
      "engine_validation": {
        "maximum_duration_error_min": 10,
        "maximum_cost_error_xof": 100,
        "mode_sequence_must_match": true,
        "budget_must_be_respected": true,
        "result": "not_tested"
      },
      "is_synthetic": true,
      "data_origin": "synthetic",
      "simulation_model": "SIRA-SIM-v1",
      "random_seed": 20260825,
      "validation_status": "simulated",
      "confidence": 0.35
    },
    {
      "scenario_id": "SCN-076",
      "category": "walk_bus_walk_gbaka_walk",
      "name": "Walk Bus Walk Gbaka Walk",
      "origin": {
        "name": "Origine synthétique",
        "coordinates": [
          -4.019397,
          5.316471
        ]
      },
      "destination": {
        "name": "Destination synthétique",
        "coordinates": [
          -3.984946,
          5.345526
        ]
      },
      "departure": {
        "local_date": "2026-08-25",
        "local_time": "18:15",
        "timezone": "Africa/Abidjan"
      },
      "constraints": {
        "maximum_budget_xof": 750,
        "maximum_walking_distance_m": 1500,
        "maximum_transfers": 2,
        "allowed_modes": [
          "walk",
          "bus",
          "gbaka"
        ]
      },
      "reference_journey": {
        "solution_expected": true,
        "ground_truth_type": "simulated_reference",
        "expected_mode_sequence": [
          "walk",
          "bus",
          "walk",
          "gbaka",
          "walk"
        ],
        "legs": [
          {
            "sequence": 1,
            "mode": "walk",
            "from_reference": "origin",
            "to_reference": "H00-S0",
            "route_id": null,
            "distance_m": 287,
            "waiting_duration_min": 0,
            "movement_duration_min": 3.8,
            "cost_xof": 0,
            "is_synthetic": true
          },
          {
            "sequence": 2,
            "mode": "bus",
            "from_stop_id": "H00-S0",
            "to_stop_id": "H04-S0",
            "route_id": "BUS-P01",
            "distance_m": 5632,
            "waiting_duration_min": 6.0,
            "movement_duration_min": 21.0,
            "cost_xof": 300,
            "is_synthetic": true
          },
          {
            "sequence": 3,
            "mode": "walk",
            "from_reference": "H04-S0",
            "to_reference": "H04-S2",
            "route_id": null,
            "distance_m": 169,
            "waiting_duration_min": 0,
            "movement_duration_min": 2.3,
            "cost_xof": 0,
            "is_synthetic": true
          },
          {
            "sequence": 4,
            "mode": "gbaka",
            "from_stop_id": "H04-S2",
            "to_stop_id": "H05-S3",
            "route_id": "GBAKA-P02",
            "distance_m": 1420,
            "waiting_duration_min": 3.5,
            "movement_duration_min": 5.3,
            "cost_xof": 350,
            "is_synthetic": true
          },
          {
            "sequence": 5,
            "mode": "walk",
            "from_reference": "H05-S3",
            "to_reference": "destination",
            "route_id": null,
            "distance_m": 149,
            "waiting_duration_min": 0,
            "movement_duration_min": 2.0,
            "cost_xof": 0,
            "is_synthetic": true
          }
        ],
        "expected_totals": {
          "walking_distance_m": 605,
          "walking_duration_min": 8.1,
          "waiting_duration_min": 9.5,
          "in_vehicle_duration_min": 26.3,
          "total_duration_min": 43.9,
          "total_cost_xof": 650,
          "boarding_count": 2,
          "transfer_count": 1,
          "confidence": 0.35
        }
      },
      "engine_validation": {
        "maximum_duration_error_min": 10,
        "maximum_cost_error_xof": 100,
        "mode_sequence_must_match": true,
        "budget_must_be_respected": true,
        "result": "not_tested"
      },
      "is_synthetic": true,
      "data_origin": "synthetic",
      "simulation_model": "SIRA-SIM-v1",
      "random_seed": 20260825,
      "validation_status": "simulated",
      "confidence": 0.35
    },
    {
      "scenario_id": "SCN-077",
      "category": "walk_bus_walk_gbaka_walk",
      "name": "Walk Bus Walk Gbaka Walk",
      "origin": {
        "name": "Origine synthétique",
        "coordinates": [
          -4.018117,
          5.320223
        ]
      },
      "destination": {
        "name": "Destination synthétique",
        "coordinates": [
          -3.951306,
          5.353171
        ]
      },
      "departure": {
        "local_date": "2026-08-25",
        "local_time": "18:15",
        "timezone": "Africa/Abidjan"
      },
      "constraints": {
        "maximum_budget_xof": 850,
        "maximum_walking_distance_m": 1500,
        "maximum_transfers": 2,
        "allowed_modes": [
          "walk",
          "bus",
          "gbaka"
        ]
      },
      "reference_journey": {
        "solution_expected": true,
        "ground_truth_type": "simulated_reference",
        "expected_mode_sequence": [
          "walk",
          "bus",
          "walk",
          "gbaka",
          "walk"
        ],
        "legs": [
          {
            "sequence": 1,
            "mode": "walk",
            "from_reference": "origin",
            "to_reference": "H00-S0",
            "route_id": null,
            "distance_m": 195,
            "waiting_duration_min": 0,
            "movement_duration_min": 2.6,
            "cost_xof": 0,
            "is_synthetic": true
          },
          {
            "sequence": 2,
            "mode": "bus",
            "from_stop_id": "H00-S0",
            "to_stop_id": "H04-S0",
            "route_id": "BUS-P01",
            "distance_m": 5632,
            "waiting_duration_min": 6.0,
            "movement_duration_min": 21.0,
            "cost_xof": 300,
            "is_synthetic": true
          },
          {
            "sequence": 3,
            "mode": "walk",
            "from_reference": "H04-S0",
            "to_reference": "H04-S2",
            "route_id": null,
            "distance_m": 169,
            "waiting_duration_min": 0,
            "movement_duration_min": 2.3,
            "cost_xof": 0,
            "is_synthetic": true
          },
          {
            "sequence": 4,
            "mode": "gbaka",
            "from_stop_id": "H04-S2",
            "to_stop_id": "H08-S3",
            "route_id": "GBAKA-P02",
            "distance_m": 5902,
            "waiting_duration_min": 3.5,
            "movement_duration_min": 23.2,
            "cost_xof": 350,
            "is_synthetic": true
          },
          {
            "sequence": 5,
            "mode": "walk",
            "from_reference": "H08-S3",
            "to_reference": "destination",
            "route_id": null,
            "distance_m": 276,
            "waiting_duration_min": 0,
            "movement_duration_min": 3.7,
            "cost_xof": 0,
            "is_synthetic": true
          }
        ],
        "expected_totals": {
          "walking_distance_m": 640,
          "walking_duration_min": 8.6,
          "waiting_duration_min": 9.5,
          "in_vehicle_duration_min": 44.2,
          "total_duration_min": 62.3,
          "total_cost_xof": 650,
          "boarding_count": 2,
          "transfer_count": 1,
          "confidence": 0.35
        }
      },
      "engine_validation": {
        "maximum_duration_error_min": 10,
        "maximum_cost_error_xof": 100,
        "mode_sequence_must_match": true,
        "budget_must_be_respected": true,
        "result": "not_tested"
      },
      "is_synthetic": true,
      "data_origin": "synthetic",
      "simulation_model": "SIRA-SIM-v1",
      "random_seed": 20260825,
      "validation_status": "simulated",
      "confidence": 0.35
    },
    {
      "scenario_id": "SCN-078",
      "category": "walk_bus_walk_gbaka_walk",
      "name": "Walk Bus Walk Gbaka Walk",
      "origin": {
        "name": "Origine synthétique",
        "coordinates": [
          -4.016801,
          5.319599
        ]
      },
      "destination": {
        "name": "Destination synthétique",
        "coordinates": [
          -3.985506,
          5.347043
        ]
      },
      "departure": {
        "local_date": "2026-08-25",
        "local_time": "07:15",
        "timezone": "Africa/Abidjan"
      },
      "constraints": {
        "maximum_budget_xof": 950,
        "maximum_walking_distance_m": 1500,
        "maximum_transfers": 2,
        "allowed_modes": [
          "walk",
          "bus",
          "gbaka"
        ]
      },
      "reference_journey": {
        "solution_expected": true,
        "ground_truth_type": "simulated_reference",
        "expected_mode_sequence": [
          "walk",
          "bus",
          "walk",
          "gbaka",
          "walk"
        ],
        "legs": [
          {
            "sequence": 1,
            "mode": "walk",
            "from_reference": "origin",
            "to_reference": "H00-S0",
            "route_id": null,
            "distance_m": 165,
            "waiting_duration_min": 0,
            "movement_duration_min": 2.2,
            "cost_xof": 0,
            "is_synthetic": true
          },
          {
            "sequence": 2,
            "mode": "bus",
            "from_stop_id": "H00-S0",
            "to_stop_id": "H04-S0",
            "route_id": "BUS-P01",
            "distance_m": 5632,
            "waiting_duration_min": 6.0,
            "movement_duration_min": 21.0,
            "cost_xof": 300,
            "is_synthetic": true
          },
          {
            "sequence": 3,
            "mode": "walk",
            "from_reference": "H04-S0",
            "to_reference": "H04-S2",
            "route_id": null,
            "distance_m": 169,
            "waiting_duration_min": 0,
            "movement_duration_min": 2.3,
            "cost_xof": 0,
            "is_synthetic": true
          },
          {
            "sequence": 4,
            "mode": "gbaka",
            "from_stop_id": "H04-S2",
            "to_stop_id": "H05-S3",
            "route_id": "GBAKA-P02",
            "distance_m": 1420,
            "waiting_duration_min": 3.5,
            "movement_duration_min": 5.3,
            "cost_xof": 350,
            "is_synthetic": true
          },
          {
            "sequence": 5,
            "mode": "walk",
            "from_reference": "H05-S3",
            "to_reference": "destination",
            "route_id": null,
            "distance_m": 139,
            "waiting_duration_min": 0,
            "movement_duration_min": 1.9,
            "cost_xof": 0,
            "is_synthetic": true
          }
        ],
        "expected_totals": {
          "walking_distance_m": 473,
          "walking_duration_min": 6.4,
          "waiting_duration_min": 9.5,
          "in_vehicle_duration_min": 26.3,
          "total_duration_min": 42.2,
          "total_cost_xof": 650,
          "boarding_count": 2,
          "transfer_count": 1,
          "confidence": 0.35
        }
      },
      "engine_validation": {
        "maximum_duration_error_min": 10,
        "maximum_cost_error_xof": 100,
        "mode_sequence_must_match": true,
        "budget_must_be_respected": true,
        "result": "not_tested"
      },
      "is_synthetic": true,
      "data_origin": "synthetic",
      "simulation_model": "SIRA-SIM-v1",
      "random_seed": 20260825,
      "validation_status": "simulated",
      "confidence": 0.35
    },
    {
      "scenario_id": "SCN-079",
      "category": "walk_bus_walk_gbaka_walk",
      "name": "Walk Bus Walk Gbaka Walk",
      "origin": {
        "name": "Origine synthétique",
        "coordinates": [
          -3.98179,
          5.351795
        ]
      },
      "destination": {
        "name": "Destination synthétique",
        "coordinates": [
          -3.946187,
          5.363542
        ]
      },
      "departure": {
        "local_date": "2026-08-25",
        "local_time": "08:00",
        "timezone": "Africa/Abidjan"
      },
      "constraints": {
        "maximum_budget_xof": 900,
        "maximum_walking_distance_m": 1500,
        "maximum_transfers": 2,
        "allowed_modes": [
          "walk",
          "bus",
          "gbaka"
        ]
      },
      "reference_journey": {
        "solution_expected": true,
        "ground_truth_type": "simulated_reference",
        "expected_mode_sequence": [
          "walk",
          "bus",
          "walk",
          "gbaka",
          "walk"
        ],
        "legs": [
          {
            "sequence": 1,
            "mode": "walk",
            "from_reference": "origin",
            "to_reference": "H05-S1",
            "route_id": null,
            "distance_m": 458,
            "waiting_duration_min": 0,
            "movement_duration_min": 6.1,
            "cost_xof": 0,
            "is_synthetic": true
          },
          {
            "sequence": 2,
            "mode": "bus",
            "from_stop_id": "H05-S1",
            "to_stop_id": "H07-S0",
            "route_id": "BUS-P05",
            "distance_m": 1939,
            "waiting_duration_min": 9.0,
            "movement_duration_min": 6.5,
            "cost_xof": 400,
            "is_synthetic": true
          },
          {
            "sequence": 3,
            "mode": "walk",
            "from_reference": "H07-S0",
            "to_reference": "H07-S3",
            "route_id": null,
            "distance_m": 169,
            "waiting_duration_min": 0,
            "movement_duration_min": 2.3,
            "cost_xof": 0,
            "is_synthetic": true
          },
          {
            "sequence": 4,
            "mode": "gbaka",
            "from_stop_id": "H07-S3",
            "to_stop_id": "H09-S3",
            "route_id": "GBAKA-P04",
            "distance_m": 3933,
            "waiting_duration_min": 3.0,
            "movement_duration_min": 15.3,
            "cost_xof": 300,
            "is_synthetic": true
          },
          {
            "sequence": 5,
            "mode": "walk",
            "from_reference": "H09-S3",
            "to_reference": "destination",
            "route_id": null,
            "distance_m": 299,
            "waiting_duration_min": 0,
            "movement_duration_min": 4.0,
            "cost_xof": 0,
            "is_synthetic": true
          }
        ],
        "expected_totals": {
          "walking_distance_m": 926,
          "walking_duration_min": 12.4,
          "waiting_duration_min": 12.0,
          "in_vehicle_duration_min": 21.8,
          "total_duration_min": 46.2,
          "total_cost_xof": 700,
          "boarding_count": 2,
          "transfer_count": 1,
          "confidence": 0.35
        }
      },
      "engine_validation": {
        "maximum_duration_error_min": 10,
        "maximum_cost_error_xof": 100,
        "mode_sequence_must_match": true,
        "budget_must_be_respected": true,
        "result": "not_tested"
      },
      "is_synthetic": true,
      "data_origin": "synthetic",
      "simulation_model": "SIRA-SIM-v1",
      "random_seed": 20260825,
      "validation_status": "simulated",
      "confidence": 0.35
    },
    {
      "scenario_id": "SCN-080",
      "category": "walk_bus_walk_gbaka_walk",
      "name": "Walk Bus Walk Gbaka Walk",
      "origin": {
        "name": "Origine synthétique",
        "coordinates": [
          -4.016654,
          5.322237
        ]
      },
      "destination": {
        "name": "Destination synthétique",
        "coordinates": [
          -3.945766,
          5.367405
        ]
      },
      "departure": {
        "local_date": "2026-08-25",
        "local_time": "08:00",
        "timezone": "Africa/Abidjan"
      },
      "constraints": {
        "maximum_budget_xof": 900,
        "maximum_walking_distance_m": 1500,
        "maximum_transfers": 2,
        "allowed_modes": [
          "walk",
          "bus",
          "gbaka"
        ]
      },
      "reference_journey": {
        "solution_expected": true,
        "ground_truth_type": "simulated_reference",
        "expected_mode_sequence": [
          "walk",
          "bus",
          "walk",
          "gbaka",
          "walk"
        ],
        "legs": [
          {
            "sequence": 1,
            "mode": "walk",
            "from_reference": "origin",
            "to_reference": "H00-S0",
            "route_id": null,
            "distance_m": 435,
            "waiting_duration_min": 0,
            "movement_duration_min": 5.8,
            "cost_xof": 0,
            "is_synthetic": true
          },
          {
            "sequence": 2,
            "mode": "bus",
            "from_stop_id": "H00-S0",
            "to_stop_id": "H05-S1",
            "route_id": "BUS-P05",
            "distance_m": 6559,
            "waiting_duration_min": 9.0,
            "movement_duration_min": 23.4,
            "cost_xof": 400,
            "is_synthetic": true
          },
          {
            "sequence": 3,
            "mode": "walk",
            "from_reference": "H05-S1",
            "to_reference": "H05-S2",
            "route_id": null,
            "distance_m": 306,
            "waiting_duration_min": 0,
            "movement_duration_min": 4.1,
            "cost_xof": 0,
            "is_synthetic": true
          },
          {
            "sequence": 4,
            "mode": "gbaka",
            "from_stop_id": "H05-S2",
            "to_stop_id": "H09-S3",
            "route_id": "GBAKA-P04",
            "distance_m": 6158,
            "waiting_duration_min": 3.0,
            "movement_duration_min": 24.2,
            "cost_xof": 300,
            "is_synthetic": true
          },
          {
            "sequence": 5,
            "mode": "walk",
            "from_reference": "H09-S3",
            "to_reference": "destination",
            "route_id": null,
            "distance_m": 173,
            "waiting_duration_min": 0,
            "movement_duration_min": 2.3,
            "cost_xof": 0,
            "is_synthetic": true
          }
        ],
        "expected_totals": {
          "walking_distance_m": 914,
          "walking_duration_min": 12.2,
          "waiting_duration_min": 12.0,
          "in_vehicle_duration_min": 47.6,
          "total_duration_min": 71.8,
          "total_cost_xof": 700,
          "boarding_count": 2,
          "transfer_count": 1,
          "confidence": 0.35
        }
      },
      "engine_validation": {
        "maximum_duration_error_min": 10,
        "maximum_cost_error_xof": 100,
        "mode_sequence_must_match": true,
        "budget_must_be_respected": true,
        "result": "not_tested"
      },
      "is_synthetic": true,
      "data_origin": "synthetic",
      "simulation_model": "SIRA-SIM-v1",
      "random_seed": 20260825,
      "validation_status": "simulated",
      "confidence": 0.35
    },
    {
      "scenario_id": "SCN-081",
      "category": "walk_bus_walk_bus_walk",
      "name": "Walk Bus Walk Bus Walk",
      "origin": {
        "name": "Origine synthétique",
        "coordinates": [
          -4.02025,
          5.332773
        ]
      },
      "destination": {
        "name": "Destination synthétique",
        "coordinates": [
          -3.982867,
          5.349479
        ]
      },
      "departure": {
        "local_date": "2026-08-25",
        "local_time": "08:00",
        "timezone": "Africa/Abidjan"
      },
      "constraints": {
        "maximum_budget_xof": 850,
        "maximum_walking_distance_m": 1500,
        "maximum_transfers": 2,
        "allowed_modes": [
          "walk",
          "bus",
          "gbaka"
        ]
      },
      "reference_journey": {
        "solution_expected": true,
        "ground_truth_type": "simulated_reference",
        "expected_mode_sequence": [
          "walk",
          "bus",
          "walk",
          "bus",
          "walk"
        ],
        "legs": [
          {
            "sequence": 1,
            "mode": "walk",
            "from_reference": "origin",
            "to_reference": "H02-S0",
            "route_id": null,
            "distance_m": 226,
            "waiting_duration_min": 0,
            "movement_duration_min": 3.0,
            "cost_xof": 0,
            "is_synthetic": true
          },
          {
            "sequence": 2,
            "mode": "bus",
            "from_stop_id": "H02-S0",
            "to_stop_id": "H04-S0",
            "route_id": "BUS-P03",
            "distance_m": 3651,
            "waiting_duration_min": 5.0,
            "movement_duration_min": 12.9,
            "cost_xof": 250,
            "is_synthetic": true
          },
          {
            "sequence": 3,
            "mode": "walk",
            "from_reference": "H04-S0",
            "to_reference": "H04-S0",
            "route_id": null,
            "distance_m": 0,
            "waiting_duration_min": 0,
            "movement_duration_min": 0.0,
            "cost_xof": 0,
            "is_synthetic": true
          },
          {
            "sequence": 4,
            "mode": "bus",
            "from_stop_id": "H04-S0",
            "to_stop_id": "H05-S1",
            "route_id": "BUS-P05",
            "distance_m": 1300,
            "waiting_duration_min": 9.0,
            "movement_duration_min": 4.3,
            "cost_xof": 400,
            "is_synthetic": true
          },
          {
            "sequence": 5,
            "mode": "walk",
            "from_reference": "H05-S1",
            "to_reference": "destination",
            "route_id": null,
            "distance_m": 176,
            "waiting_duration_min": 0,
            "movement_duration_min": 2.3,
            "cost_xof": 0,
            "is_synthetic": true
          }
        ],
        "expected_totals": {
          "walking_distance_m": 402,
          "walking_duration_min": 5.3,
          "waiting_duration_min": 14.0,
          "in_vehicle_duration_min": 17.2,
          "total_duration_min": 36.5,
          "total_cost_xof": 650,
          "boarding_count": 2,
          "transfer_count": 1,
          "confidence": 0.35
        }
      },
      "engine_validation": {
        "maximum_duration_error_min": 10,
        "maximum_cost_error_xof": 100,
        "mode_sequence_must_match": true,
        "budget_must_be_respected": true,
        "result": "not_tested"
      },
      "is_synthetic": true,
      "data_origin": "synthetic",
      "simulation_model": "SIRA-SIM-v1",
      "random_seed": 20260825,
      "validation_status": "simulated",
      "confidence": 0.35
    },
    {
      "scenario_id": "SCN-082",
      "category": "walk_bus_walk_bus_walk",
      "name": "Walk Bus Walk Bus Walk",
      "origin": {
        "name": "Origine synthétique",
        "coordinates": [
          -4.022337,
          5.335554
        ]
      },
      "destination": {
        "name": "Destination synthétique",
        "coordinates": [
          -3.971229,
          5.353707
        ]
      },
      "departure": {
        "local_date": "2026-08-25",
        "local_time": "17:30",
        "timezone": "Africa/Abidjan"
      },
      "constraints": {
        "maximum_budget_xof": 850,
        "maximum_walking_distance_m": 1500,
        "maximum_transfers": 2,
        "allowed_modes": [
          "walk",
          "bus",
          "gbaka"
        ]
      },
      "reference_journey": {
        "solution_expected": true,
        "ground_truth_type": "simulated_reference",
        "expected_mode_sequence": [
          "walk",
          "bus",
          "walk",
          "bus",
          "walk"
        ],
        "legs": [
          {
            "sequence": 1,
            "mode": "walk",
            "from_reference": "origin",
            "to_reference": "H02-S0",
            "route_id": null,
            "distance_m": 420,
            "waiting_duration_min": 0,
            "movement_duration_min": 5.6,
            "cost_xof": 0,
            "is_synthetic": true
          },
          {
            "sequence": 2,
            "mode": "bus",
            "from_stop_id": "H02-S0",
            "to_stop_id": "H04-S0",
            "route_id": "BUS-P03",
            "distance_m": 3651,
            "waiting_duration_min": 5.0,
            "movement_duration_min": 12.9,
            "cost_xof": 250,
            "is_synthetic": true
          },
          {
            "sequence": 3,
            "mode": "walk",
            "from_reference": "H04-S0",
            "to_reference": "H04-S0",
            "route_id": null,
            "distance_m": 0,
            "waiting_duration_min": 0,
            "movement_duration_min": 0.0,
            "cost_xof": 0,
            "is_synthetic": true
          },
          {
            "sequence": 4,
            "mode": "bus",
            "from_stop_id": "H04-S0",
            "to_stop_id": "H07-S0",
            "route_id": "BUS-P05",
            "distance_m": 3239,
            "waiting_duration_min": 9.0,
            "movement_duration_min": 11.5,
            "cost_xof": 400,
            "is_synthetic": true
          },
          {
            "sequence": 5,
            "mode": "walk",
            "from_reference": "H07-S0",
            "to_reference": "destination",
            "route_id": null,
            "distance_m": 211,
            "waiting_duration_min": 0,
            "movement_duration_min": 2.8,
            "cost_xof": 0,
            "is_synthetic": true
          }
        ],
        "expected_totals": {
          "walking_distance_m": 631,
          "walking_duration_min": 8.4,
          "waiting_duration_min": 14.0,
          "in_vehicle_duration_min": 24.4,
          "total_duration_min": 46.8,
          "total_cost_xof": 650,
          "boarding_count": 2,
          "transfer_count": 1,
          "confidence": 0.35
        }
      },
      "engine_validation": {
        "maximum_duration_error_min": 10,
        "maximum_cost_error_xof": 100,
        "mode_sequence_must_match": true,
        "budget_must_be_respected": true,
        "result": "not_tested"
      },
      "is_synthetic": true,
      "data_origin": "synthetic",
      "simulation_model": "SIRA-SIM-v1",
      "random_seed": 20260825,
      "validation_status": "simulated",
      "confidence": 0.35
    },
    {
      "scenario_id": "SCN-083",
      "category": "walk_bus_walk_bus_walk",
      "name": "Walk Bus Walk Bus Walk",
      "origin": {
        "name": "Origine synthétique",
        "coordinates": [
          -4.020416,
          5.333686
        ]
      },
      "destination": {
        "name": "Destination synthétique",
        "coordinates": [
          -3.944013,
          5.36935
        ]
      },
      "departure": {
        "local_date": "2026-08-25",
        "local_time": "12:30",
        "timezone": "Africa/Abidjan"
      },
      "constraints": {
        "maximum_budget_xof": 1000,
        "maximum_walking_distance_m": 1500,
        "maximum_transfers": 2,
        "allowed_modes": [
          "walk",
          "bus",
          "gbaka"
        ]
      },
      "reference_journey": {
        "solution_expected": true,
        "ground_truth_type": "simulated_reference",
        "expected_mode_sequence": [
          "walk",
          "bus",
          "walk",
          "bus",
          "walk"
        ],
        "legs": [
          {
            "sequence": 1,
            "mode": "walk",
            "from_reference": "origin",
            "to_reference": "H02-S0",
            "route_id": null,
            "distance_m": 188,
            "waiting_duration_min": 0,
            "movement_duration_min": 2.5,
            "cost_xof": 0,
            "is_synthetic": true
          },
          {
            "sequence": 2,
            "mode": "bus",
            "from_stop_id": "H02-S0",
            "to_stop_id": "H03-S1",
            "route_id": "BUS-P01",
            "distance_m": 1946,
            "waiting_duration_min": 6.0,
            "movement_duration_min": 6.5,
            "cost_xof": 300,
            "is_synthetic": true
          },
          {
            "sequence": 3,
            "mode": "walk",
            "from_reference": "H03-S1",
            "to_reference": "H03-S0",
            "route_id": null,
            "distance_m": 180,
            "waiting_duration_min": 0,
            "movement_duration_min": 2.4,
            "cost_xof": 0,
            "is_synthetic": true
          },
          {
            "sequence": 4,
            "mode": "bus",
            "from_stop_id": "H03-S0",
            "to_stop_id": "H09-S1",
            "route_id": "BUS-P02",
            "distance_m": 10270,
            "waiting_duration_min": 7.5,
            "movement_duration_min": 35.7,
            "cost_xof": 400,
            "is_synthetic": true
          },
          {
            "sequence": 5,
            "mode": "walk",
            "from_reference": "H09-S1",
            "to_reference": "destination",
            "route_id": null,
            "distance_m": 216,
            "waiting_duration_min": 0,
            "movement_duration_min": 2.9,
            "cost_xof": 0,
            "is_synthetic": true
          }
        ],
        "expected_totals": {
          "walking_distance_m": 584,
          "walking_duration_min": 7.8,
          "waiting_duration_min": 13.5,
          "in_vehicle_duration_min": 42.2,
          "total_duration_min": 63.5,
          "total_cost_xof": 700,
          "boarding_count": 2,
          "transfer_count": 1,
          "confidence": 0.35
        }
      },
      "engine_validation": {
        "maximum_duration_error_min": 10,
        "maximum_cost_error_xof": 100,
        "mode_sequence_must_match": true,
        "budget_must_be_respected": true,
        "result": "not_tested"
      },
      "is_synthetic": true,
      "data_origin": "synthetic",
      "simulation_model": "SIRA-SIM-v1",
      "random_seed": 20260825,
      "validation_status": "simulated",
      "confidence": 0.35
    },
    {
      "scenario_id": "SCN-084",
      "category": "walk_bus_walk_bus_walk",
      "name": "Walk Bus Walk Bus Walk",
      "origin": {
        "name": "Origine synthétique",
        "coordinates": [
          -4.023715,
          5.324914
        ]
      },
      "destination": {
        "name": "Destination synthétique",
        "coordinates": [
          -3.966646,
          5.357063
        ]
      },
      "departure": {
        "local_date": "2026-08-25",
        "local_time": "18:15",
        "timezone": "Africa/Abidjan"
      },
      "constraints": {
        "maximum_budget_xof": 800,
        "maximum_walking_distance_m": 1500,
        "maximum_transfers": 2,
        "allowed_modes": [
          "walk",
          "bus",
          "gbaka"
        ]
      },
      "reference_journey": {
        "solution_expected": true,
        "ground_truth_type": "simulated_reference",
        "expected_mode_sequence": [
          "walk",
          "bus",
          "walk",
          "bus",
          "walk"
        ],
        "legs": [
          {
            "sequence": 1,
            "mode": "walk",
            "from_reference": "origin",
            "to_reference": "H01-S1",
            "route_id": null,
            "distance_m": 492,
            "waiting_duration_min": 0,
            "movement_duration_min": 6.6,
            "cost_xof": 0,
            "is_synthetic": true
          },
          {
            "sequence": 2,
            "mode": "bus",
            "from_stop_id": "H01-S1",
            "to_stop_id": "H03-S1",
            "route_id": "BUS-P01",
            "distance_m": 2934,
            "waiting_duration_min": 6.0,
            "movement_duration_min": 10.5,
            "cost_xof": 300,
            "is_synthetic": true
          },
          {
            "sequence": 3,
            "mode": "walk",
            "from_reference": "H03-S1",
            "to_reference": "H03-S0",
            "route_id": null,
            "distance_m": 180,
            "waiting_duration_min": 0,
            "movement_duration_min": 2.4,
            "cost_xof": 0,
            "is_synthetic": true
          },
          {
            "sequence": 4,
            "mode": "bus",
            "from_stop_id": "H03-S0",
            "to_stop_id": "H07-S0",
            "route_id": "BUS-P02",
            "distance_m": 6783,
            "waiting_duration_min": 7.5,
            "movement_duration_min": 23.4,
            "cost_xof": 400,
            "is_synthetic": true
          },
          {
            "sequence": 5,
            "mode": "walk",
            "from_reference": "H07-S0",
            "to_reference": "destination",
            "route_id": null,
            "distance_m": 426,
            "waiting_duration_min": 0,
            "movement_duration_min": 5.7,
            "cost_xof": 0,
            "is_synthetic": true
          }
        ],
        "expected_totals": {
          "walking_distance_m": 1098,
          "walking_duration_min": 14.7,
          "waiting_duration_min": 13.5,
          "in_vehicle_duration_min": 33.9,
          "total_duration_min": 62.1,
          "total_cost_xof": 700,
          "boarding_count": 2,
          "transfer_count": 1,
          "confidence": 0.35
        }
      },
      "engine_validation": {
        "maximum_duration_error_min": 10,
        "maximum_cost_error_xof": 100,
        "mode_sequence_must_match": true,
        "budget_must_be_respected": true,
        "result": "not_tested"
      },
      "is_synthetic": true,
      "data_origin": "synthetic",
      "simulation_model": "SIRA-SIM-v1",
      "random_seed": 20260825,
      "validation_status": "simulated",
      "confidence": 0.35
    },
    {
      "scenario_id": "SCN-085",
      "category": "walk_bus_walk_bus_walk",
      "name": "Walk Bus Walk Bus Walk",
      "origin": {
        "name": "Origine synthétique",
        "coordinates": [
          -4.02264,
          5.328582
        ]
      },
      "destination": {
        "name": "Destination synthétique",
        "coordinates": [
          -3.947153,
          5.350151
        ]
      },
      "departure": {
        "local_date": "2026-08-25",
        "local_time": "12:30",
        "timezone": "Africa/Abidjan"
      },
      "constraints": {
        "maximum_budget_xof": 700,
        "maximum_walking_distance_m": 1500,
        "maximum_transfers": 2,
        "allowed_modes": [
          "walk",
          "bus",
          "gbaka"
        ]
      },
      "reference_journey": {
        "solution_expected": true,
        "ground_truth_type": "simulated_reference",
        "expected_mode_sequence": [
          "walk",
          "bus",
          "walk",
          "bus",
          "walk"
        ],
        "legs": [
          {
            "sequence": 1,
            "mode": "walk",
            "from_reference": "origin",
            "to_reference": "H01-S0",
            "route_id": null,
            "distance_m": 377,
            "waiting_duration_min": 0,
            "movement_duration_min": 5.0,
            "cost_xof": 0,
            "is_synthetic": true
          },
          {
            "sequence": 2,
            "mode": "bus",
            "from_stop_id": "H01-S0",
            "to_stop_id": "H03-S0",
            "route_id": "BUS-P04",
            "distance_m": 2816,
            "waiting_duration_min": 7.0,
            "movement_duration_min": 10.1,
            "cost_xof": 300,
            "is_synthetic": true
          },
          {
            "sequence": 3,
            "mode": "walk",
            "from_reference": "H03-S0",
            "to_reference": "H03-S1",
            "route_id": null,
            "distance_m": 180,
            "waiting_duration_min": 0,
            "movement_duration_min": 2.4,
            "cost_xof": 0,
            "is_synthetic": true
          },
          {
            "sequence": 4,
            "mode": "bus",
            "from_stop_id": "H03-S1",
            "to_stop_id": "H08-S1",
            "route_id": "BUS-P01",
            "distance_m": 7305,
            "waiting_duration_min": 6.0,
            "movement_duration_min": 26.6,
            "cost_xof": 300,
            "is_synthetic": true
          },
          {
            "sequence": 5,
            "mode": "walk",
            "from_reference": "H08-S1",
            "to_reference": "destination",
            "route_id": null,
            "distance_m": 445,
            "waiting_duration_min": 0,
            "movement_duration_min": 5.9,
            "cost_xof": 0,
            "is_synthetic": true
          }
        ],
        "expected_totals": {
          "walking_distance_m": 1002,
          "walking_duration_min": 13.3,
          "waiting_duration_min": 13.0,
          "in_vehicle_duration_min": 36.7,
          "total_duration_min": 63.0,
          "total_cost_xof": 600,
          "boarding_count": 2,
          "transfer_count": 1,
          "confidence": 0.35
        }
      },
      "engine_validation": {
        "maximum_duration_error_min": 10,
        "maximum_cost_error_xof": 100,
        "mode_sequence_must_match": true,
        "budget_must_be_respected": true,
        "result": "not_tested"
      },
      "is_synthetic": true,
      "data_origin": "synthetic",
      "simulation_model": "SIRA-SIM-v1",
      "random_seed": 20260825,
      "validation_status": "simulated",
      "confidence": 0.35
    },
    {
      "scenario_id": "SCN-086",
      "category": "walk_bus_walk_bus_walk",
      "name": "Walk Bus Walk Bus Walk",
      "origin": {
        "name": "Origine synthétique",
        "coordinates": [
          -4.009903,
          5.343382
        ]
      },
      "destination": {
        "name": "Destination synthétique",
        "coordinates": [
          -3.986903,
          5.348159
        ]
      },
      "departure": {
        "local_date": "2026-08-25",
        "local_time": "17:30",
        "timezone": "Africa/Abidjan"
      },
      "constraints": {
        "maximum_budget_xof": 950,
        "maximum_walking_distance_m": 1500,
        "maximum_transfers": 2,
        "allowed_modes": [
          "walk",
          "bus",
          "gbaka"
        ]
      },
      "reference_journey": {
        "solution_expected": true,
        "ground_truth_type": "simulated_reference",
        "expected_mode_sequence": [
          "walk",
          "bus",
          "walk",
          "bus",
          "walk"
        ],
        "legs": [
          {
            "sequence": 1,
            "mode": "walk",
            "from_reference": "origin",
            "to_reference": "H03-S1",
            "route_id": null,
            "distance_m": 345,
            "waiting_duration_min": 0,
            "movement_duration_min": 4.6,
            "cost_xof": 0,
            "is_synthetic": true
          },
          {
            "sequence": 2,
            "mode": "bus",
            "from_stop_id": "H03-S1",
            "to_stop_id": "H04-S0",
            "route_id": "BUS-P03",
            "distance_m": 1705,
            "waiting_duration_min": 5.0,
            "movement_duration_min": 5.7,
            "cost_xof": 250,
            "is_synthetic": true
          },
          {
            "sequence": 3,
            "mode": "walk",
            "from_reference": "H04-S0",
            "to_reference": "H04-S0",
            "route_id": null,
            "distance_m": 0,
            "waiting_duration_min": 0,
            "movement_duration_min": 0.0,
            "cost_xof": 0,
            "is_synthetic": true
          },
          {
            "sequence": 4,
            "mode": "bus",
            "from_stop_id": "H04-S0",
            "to_stop_id": "H05-S1",
            "route_id": "BUS-P05",
            "distance_m": 1300,
            "waiting_duration_min": 9.0,
            "movement_duration_min": 4.3,
            "cost_xof": 400,
            "is_synthetic": true
          },
          {
            "sequence": 5,
            "mode": "walk",
            "from_reference": "H05-S1",
            "to_reference": "destination",
            "route_id": null,
            "distance_m": 344,
            "waiting_duration_min": 0,
            "movement_duration_min": 4.6,
            "cost_xof": 0,
            "is_synthetic": true
          }
        ],
        "expected_totals": {
          "walking_distance_m": 689,
          "walking_duration_min": 9.2,
          "waiting_duration_min": 14.0,
          "in_vehicle_duration_min": 10.0,
          "total_duration_min": 33.2,
          "total_cost_xof": 650,
          "boarding_count": 2,
          "transfer_count": 1,
          "confidence": 0.35
        }
      },
      "engine_validation": {
        "maximum_duration_error_min": 10,
        "maximum_cost_error_xof": 100,
        "mode_sequence_must_match": true,
        "budget_must_be_respected": true,
        "result": "not_tested"
      },
      "is_synthetic": true,
      "data_origin": "synthetic",
      "simulation_model": "SIRA-SIM-v1",
      "random_seed": 20260825,
      "validation_status": "simulated",
      "confidence": 0.35
    },
    {
      "scenario_id": "SCN-087",
      "category": "walk_bus_walk_bus_walk",
      "name": "Walk Bus Walk Bus Walk",
      "origin": {
        "name": "Origine synthétique",
        "coordinates": [
          -4.009473,
          5.344658
        ]
      },
      "destination": {
        "name": "Destination synthétique",
        "coordinates": [
          -3.968982,
          5.351126
        ]
      },
      "departure": {
        "local_date": "2026-08-25",
        "local_time": "07:15",
        "timezone": "Africa/Abidjan"
      },
      "constraints": {
        "maximum_budget_xof": 900,
        "maximum_walking_distance_m": 1500,
        "maximum_transfers": 2,
        "allowed_modes": [
          "walk",
          "bus",
          "gbaka"
        ]
      },
      "reference_journey": {
        "solution_expected": true,
        "ground_truth_type": "simulated_reference",
        "expected_mode_sequence": [
          "walk",
          "bus",
          "walk",
          "bus",
          "walk"
        ],
        "legs": [
          {
            "sequence": 1,
            "mode": "walk",
            "from_reference": "origin",
            "to_reference": "H03-S0",
            "route_id": null,
            "distance_m": 159,
            "waiting_duration_min": 0,
            "movement_duration_min": 2.1,
            "cost_xof": 0,
            "is_synthetic": true
          },
          {
            "sequence": 2,
            "mode": "bus",
            "from_stop_id": "H03-S0",
            "to_stop_id": "H05-S1",
            "route_id": "BUS-P04",
            "distance_m": 3070,
            "waiting_duration_min": 7.0,
            "movement_duration_min": 10.2,
            "cost_xof": 300,
            "is_synthetic": true
          },
          {
            "sequence": 3,
            "mode": "walk",
            "from_reference": "H05-S1",
            "to_reference": "H05-S1",
            "route_id": null,
            "distance_m": 0,
            "waiting_duration_min": 0,
            "movement_duration_min": 0.0,
            "cost_xof": 0,
            "is_synthetic": true
          },
          {
            "sequence": 4,
            "mode": "bus",
            "from_stop_id": "H05-S1",
            "to_stop_id": "H07-S0",
            "route_id": "BUS-P05",
            "distance_m": 1939,
            "waiting_duration_min": 9.0,
            "movement_duration_min": 6.5,
            "cost_xof": 400,
            "is_synthetic": true
          },
          {
            "sequence": 5,
            "mode": "walk",
            "from_reference": "H07-S0",
            "to_reference": "destination",
            "route_id": null,
            "distance_m": 380,
            "waiting_duration_min": 0,
            "movement_duration_min": 5.1,
            "cost_xof": 0,
            "is_synthetic": true
          }
        ],
        "expected_totals": {
          "walking_distance_m": 539,
          "walking_duration_min": 7.2,
          "waiting_duration_min": 16.0,
          "in_vehicle_duration_min": 16.7,
          "total_duration_min": 39.9,
          "total_cost_xof": 700,
          "boarding_count": 2,
          "transfer_count": 1,
          "confidence": 0.35
        }
      },
      "engine_validation": {
        "maximum_duration_error_min": 10,
        "maximum_cost_error_xof": 100,
        "mode_sequence_must_match": true,
        "budget_must_be_respected": true,
        "result": "not_tested"
      },
      "is_synthetic": true,
      "data_origin": "synthetic",
      "simulation_model": "SIRA-SIM-v1",
      "random_seed": 20260825,
      "validation_status": "simulated",
      "confidence": 0.35
    },
    {
      "scenario_id": "SCN-088",
      "category": "walk_bus_walk_bus_walk",
      "name": "Walk Bus Walk Bus Walk",
      "origin": {
        "name": "Origine synthétique",
        "coordinates": [
          -4.01806,
          5.327759
        ]
      },
      "destination": {
        "name": "Destination synthétique",
        "coordinates": [
          -3.950318,
          5.349945
        ]
      },
      "departure": {
        "local_date": "2026-08-25",
        "local_time": "12:30",
        "timezone": "Africa/Abidjan"
      },
      "constraints": {
        "maximum_budget_xof": 700,
        "maximum_walking_distance_m": 1500,
        "maximum_transfers": 2,
        "allowed_modes": [
          "walk",
          "bus",
          "gbaka"
        ]
      },
      "reference_journey": {
        "solution_expected": true,
        "ground_truth_type": "simulated_reference",
        "expected_mode_sequence": [
          "walk",
          "bus",
          "walk",
          "bus",
          "walk"
        ],
        "legs": [
          {
            "sequence": 1,
            "mode": "walk",
            "from_reference": "origin",
            "to_reference": "H01-S0",
            "route_id": null,
            "distance_m": 365,
            "waiting_duration_min": 0,
            "movement_duration_min": 4.9,
            "cost_xof": 0,
            "is_synthetic": true
          },
          {
            "sequence": 2,
            "mode": "bus",
            "from_stop_id": "H01-S0",
            "to_stop_id": "H03-S0",
            "route_id": "BUS-P04",
            "distance_m": 2816,
            "waiting_duration_min": 7.0,
            "movement_duration_min": 10.1,
            "cost_xof": 300,
            "is_synthetic": true
          },
          {
            "sequence": 3,
            "mode": "walk",
            "from_reference": "H03-S0",
            "to_reference": "H03-S1",
            "route_id": null,
            "distance_m": 180,
            "waiting_duration_min": 0,
            "movement_duration_min": 2.4,
            "cost_xof": 0,
            "is_synthetic": true
          },
          {
            "sequence": 4,
            "mode": "bus",
            "from_stop_id": "H03-S1",
            "to_stop_id": "H08-S1",
            "route_id": "BUS-P01",
            "distance_m": 7305,
            "waiting_duration_min": 6.0,
            "movement_duration_min": 26.6,
            "cost_xof": 300,
            "is_synthetic": true
          },
          {
            "sequence": 5,
            "mode": "walk",
            "from_reference": "H08-S1",
            "to_reference": "destination",
            "route_id": null,
            "distance_m": 253,
            "waiting_duration_min": 0,
            "movement_duration_min": 3.4,
            "cost_xof": 0,
            "is_synthetic": true
          }
        ],
        "expected_totals": {
          "walking_distance_m": 798,
          "walking_duration_min": 10.7,
          "waiting_duration_min": 13.0,
          "in_vehicle_duration_min": 36.7,
          "total_duration_min": 60.4,
          "total_cost_xof": 600,
          "boarding_count": 2,
          "transfer_count": 1,
          "confidence": 0.35
        }
      },
      "engine_validation": {
        "maximum_duration_error_min": 10,
        "maximum_cost_error_xof": 100,
        "mode_sequence_must_match": true,
        "budget_must_be_respected": true,
        "result": "not_tested"
      },
      "is_synthetic": true,
      "data_origin": "synthetic",
      "simulation_model": "SIRA-SIM-v1",
      "random_seed": 20260825,
      "validation_status": "simulated",
      "confidence": 0.35
    },
    {
      "scenario_id": "SCN-089",
      "category": "walk_bus_walk_bus_walk",
      "name": "Walk Bus Walk Bus Walk",
      "origin": {
        "name": "Origine synthétique",
        "coordinates": [
          -4.021161,
          5.323242
        ]
      },
      "destination": {
        "name": "Destination synthétique",
        "coordinates": [
          -3.965969,
          5.356532
        ]
      },
      "departure": {
        "local_date": "2026-08-25",
        "local_time": "17:30",
        "timezone": "Africa/Abidjan"
      },
      "constraints": {
        "maximum_budget_xof": 900,
        "maximum_walking_distance_m": 1500,
        "maximum_transfers": 2,
        "allowed_modes": [
          "walk",
          "bus",
          "gbaka"
        ]
      },
      "reference_journey": {
        "solution_expected": true,
        "ground_truth_type": "simulated_reference",
        "expected_mode_sequence": [
          "walk",
          "bus",
          "walk",
          "bus",
          "walk"
        ],
        "legs": [
          {
            "sequence": 1,
            "mode": "walk",
            "from_reference": "origin",
            "to_reference": "H01-S1",
            "route_id": null,
            "distance_m": 387,
            "waiting_duration_min": 0,
            "movement_duration_min": 5.2,
            "cost_xof": 0,
            "is_synthetic": true
          },
          {
            "sequence": 2,
            "mode": "bus",
            "from_stop_id": "H01-S1",
            "to_stop_id": "H04-S0",
            "route_id": "BUS-P01",
            "distance_m": 4638,
            "waiting_duration_min": 6.0,
            "movement_duration_min": 17.0,
            "cost_xof": 300,
            "is_synthetic": true
          },
          {
            "sequence": 3,
            "mode": "walk",
            "from_reference": "H04-S0",
            "to_reference": "H04-S0",
            "route_id": null,
            "distance_m": 0,
            "waiting_duration_min": 0,
            "movement_duration_min": 0.0,
            "cost_xof": 0,
            "is_synthetic": true
          },
          {
            "sequence": 4,
            "mode": "bus",
            "from_stop_id": "H04-S0",
            "to_stop_id": "H07-S0",
            "route_id": "BUS-P05",
            "distance_m": 3239,
            "waiting_duration_min": 9.0,
            "movement_duration_min": 11.5,
            "cost_xof": 400,
            "is_synthetic": true
          },
          {
            "sequence": 5,
            "mode": "walk",
            "from_reference": "H07-S0",
            "to_reference": "destination",
            "route_id": null,
            "distance_m": 452,
            "waiting_duration_min": 0,
            "movement_duration_min": 6.0,
            "cost_xof": 0,
            "is_synthetic": true
          }
        ],
        "expected_totals": {
          "walking_distance_m": 839,
          "walking_duration_min": 11.2,
          "waiting_duration_min": 15.0,
          "in_vehicle_duration_min": 28.5,
          "total_duration_min": 54.7,
          "total_cost_xof": 700,
          "boarding_count": 2,
          "transfer_count": 1,
          "confidence": 0.35
        }
      },
      "engine_validation": {
        "maximum_duration_error_min": 10,
        "maximum_cost_error_xof": 100,
        "mode_sequence_must_match": true,
        "budget_must_be_respected": true,
        "result": "not_tested"
      },
      "is_synthetic": true,
      "data_origin": "synthetic",
      "simulation_model": "SIRA-SIM-v1",
      "random_seed": 20260825,
      "validation_status": "simulated",
      "confidence": 0.35
    },
    {
      "scenario_id": "SCN-090",
      "category": "walk_bus_walk_bus_walk",
      "name": "Walk Bus Walk Bus Walk",
      "origin": {
        "name": "Origine synthétique",
        "coordinates": [
          -4.020061,
          5.329777
        ]
      },
      "destination": {
        "name": "Destination synthétique",
        "coordinates": [
          -3.985593,
          5.369452
        ]
      },
      "departure": {
        "local_date": "2026-08-25",
        "local_time": "12:30",
        "timezone": "Africa/Abidjan"
      },
      "constraints": {
        "maximum_budget_xof": 800,
        "maximum_walking_distance_m": 1500,
        "maximum_transfers": 2,
        "allowed_modes": [
          "walk",
          "bus",
          "gbaka"
        ]
      },
      "reference_journey": {
        "solution_expected": true,
        "ground_truth_type": "simulated_reference",
        "expected_mode_sequence": [
          "walk",
          "bus",
          "walk",
          "bus",
          "walk"
        ],
        "legs": [
          {
            "sequence": 1,
            "mode": "walk",
            "from_reference": "origin",
            "to_reference": "H01-S1",
            "route_id": null,
            "distance_m": 392,
            "waiting_duration_min": 0,
            "movement_duration_min": 5.2,
            "cost_xof": 0,
            "is_synthetic": true
          },
          {
            "sequence": 2,
            "mode": "bus",
            "from_stop_id": "H01-S1",
            "to_stop_id": "H03-S1",
            "route_id": "BUS-P01",
            "distance_m": 2934,
            "waiting_duration_min": 6.0,
            "movement_duration_min": 10.5,
            "cost_xof": 300,
            "is_synthetic": true
          },
          {
            "sequence": 3,
            "mode": "walk",
            "from_reference": "H03-S1",
            "to_reference": "H03-S0",
            "route_id": null,
            "distance_m": 180,
            "waiting_duration_min": 0,
            "movement_duration_min": 2.4,
            "cost_xof": 0,
            "is_synthetic": true
          },
          {
            "sequence": 4,
            "mode": "bus",
            "from_stop_id": "H03-S0",
            "to_stop_id": "H06-S1",
            "route_id": "BUS-P02",
            "distance_m": 4314,
            "waiting_duration_min": 7.5,
            "movement_duration_min": 14.4,
            "cost_xof": 400,
            "is_synthetic": true
          },
          {
            "sequence": 5,
            "mode": "walk",
            "from_reference": "H06-S1",
            "to_reference": "destination",
            "route_id": null,
            "distance_m": 245,
            "waiting_duration_min": 0,
            "movement_duration_min": 3.3,
            "cost_xof": 0,
            "is_synthetic": true
          }
        ],
        "expected_totals": {
          "walking_distance_m": 817,
          "walking_duration_min": 10.9,
          "waiting_duration_min": 13.5,
          "in_vehicle_duration_min": 24.9,
          "total_duration_min": 49.3,
          "total_cost_xof": 700,
          "boarding_count": 2,
          "transfer_count": 1,
          "confidence": 0.35
        }
      },
      "engine_validation": {
        "maximum_duration_error_min": 10,
        "maximum_cost_error_xof": 100,
        "mode_sequence_must_match": true,
        "budget_must_be_respected": true,
        "result": "not_tested"
      },
      "is_synthetic": true,
      "data_origin": "synthetic",
      "simulation_model": "SIRA-SIM-v1",
      "random_seed": 20260825,
      "validation_status": "simulated",
      "confidence": 0.35
    },
    {
      "scenario_id": "SCN-091",
      "category": "no_solution_budget",
      "name": "Aucune solution — budget insuffisant",
      "origin": {
        "name": "Origine synthétique",
        "coordinates": [
          -3.983843,
          5.346153
        ]
      },
      "destination": {
        "name": "Destination synthétique",
        "coordinates": [
          -3.954256,
          5.354254
        ]
      },
      "departure": {
        "local_date": "2026-08-25",
        "local_time": "12:30",
        "timezone": "Africa/Abidjan"
      },
      "constraints": {
        "maximum_budget_xof": 100,
        "maximum_walking_distance_m": 1500,
        "maximum_transfers": 2,
        "allowed_modes": [
          "walk",
          "bus",
          "gbaka"
        ]
      },
      "reference_journey": {
        "solution_expected": false,
        "ground_truth_type": "simulated_reference",
        "expected_mode_sequence": [
          "walk",
          "gbaka",
          "walk"
        ],
        "legs": [
          {
            "sequence": 1,
            "mode": "walk",
            "from_reference": "origin",
            "to_reference": "H05-S2",
            "route_id": null,
            "distance_m": 346,
            "waiting_duration_min": 0,
            "movement_duration_min": 4.6,
            "cost_xof": 0,
            "is_synthetic": true
          },
          {
            "sequence": 2,
            "mode": "gbaka",
            "from_stop_id": "H05-S2",
            "to_stop_id": "H08-S2",
            "route_id": "GBAKA-P04",
            "distance_m": 4214,
            "waiting_duration_min": 3.0,
            "movement_duration_min": 16.4,
            "cost_xof": 300,
            "is_synthetic": true
          },
          {
            "sequence": 3,
            "mode": "walk",
            "from_reference": "H08-S2",
            "to_reference": "destination",
            "route_id": null,
            "distance_m": 262,
            "waiting_duration_min": 0,
            "movement_duration_min": 3.5,
            "cost_xof": 0,
            "is_synthetic": true
          }
        ],
        "expected_totals": {
          "walking_distance_m": 608,
          "walking_duration_min": 8.1,
          "waiting_duration_min": 3.0,
          "in_vehicle_duration_min": 16.4,
          "total_duration_min": 27.5,
          "total_cost_xof": 300,
          "boarding_count": 1,
          "transfer_count": 0,
          "confidence": 0.35
        }
      },
      "engine_validation": {
        "maximum_duration_error_min": 10,
        "maximum_cost_error_xof": 100,
        "mode_sequence_must_match": false,
        "budget_must_be_respected": true,
        "result": "not_tested"
      },
      "is_synthetic": true,
      "data_origin": "synthetic",
      "simulation_model": "SIRA-SIM-v1",
      "random_seed": 20260825,
      "validation_status": "simulated",
      "confidence": 0.35
    },
    {
      "scenario_id": "SCN-092",
      "category": "no_solution_budget",
      "name": "Aucune solution — budget insuffisant",
      "origin": {
        "name": "Origine synthétique",
        "coordinates": [
          -3.98199,
          5.349186
        ]
      },
      "destination": {
        "name": "Destination synthétique",
        "coordinates": [
          -3.951391,
          5.352755
        ]
      },
      "departure": {
        "local_date": "2026-08-25",
        "local_time": "08:00",
        "timezone": "Africa/Abidjan"
      },
      "constraints": {
        "maximum_budget_xof": 150,
        "maximum_walking_distance_m": 1500,
        "maximum_transfers": 2,
        "allowed_modes": [
          "walk",
          "bus",
          "gbaka"
        ]
      },
      "reference_journey": {
        "solution_expected": false,
        "ground_truth_type": "simulated_reference",
        "expected_mode_sequence": [
          "walk",
          "gbaka",
          "walk"
        ],
        "legs": [
          {
            "sequence": 1,
            "mode": "walk",
            "from_reference": "origin",
            "to_reference": "H05-S3",
            "route_id": null,
            "distance_m": 377,
            "waiting_duration_min": 0,
            "movement_duration_min": 5.0,
            "cost_xof": 0,
            "is_synthetic": true
          },
          {
            "sequence": 2,
            "mode": "gbaka",
            "from_stop_id": "H05-S3",
            "to_stop_id": "H08-S3",
            "route_id": "GBAKA-P02",
            "distance_m": 4482,
            "waiting_duration_min": 3.5,
            "movement_duration_min": 17.4,
            "cost_xof": 350,
            "is_synthetic": true
          },
          {
            "sequence": 3,
            "mode": "walk",
            "from_reference": "H08-S3",
            "to_reference": "destination",
            "route_id": null,
            "distance_m": 231,
            "waiting_duration_min": 0,
            "movement_duration_min": 3.1,
            "cost_xof": 0,
            "is_synthetic": true
          }
        ],
        "expected_totals": {
          "walking_distance_m": 608,
          "walking_duration_min": 8.1,
          "waiting_duration_min": 3.5,
          "in_vehicle_duration_min": 17.4,
          "total_duration_min": 29.0,
          "total_cost_xof": 350,
          "boarding_count": 1,
          "transfer_count": 0,
          "confidence": 0.35
        }
      },
      "engine_validation": {
        "maximum_duration_error_min": 10,
        "maximum_cost_error_xof": 100,
        "mode_sequence_must_match": false,
        "budget_must_be_respected": true,
        "result": "not_tested"
      },
      "is_synthetic": true,
      "data_origin": "synthetic",
      "simulation_model": "SIRA-SIM-v1",
      "random_seed": 20260825,
      "validation_status": "simulated",
      "confidence": 0.35
    },
    {
      "scenario_id": "SCN-093",
      "category": "no_solution_budget",
      "name": "Aucune solution — budget insuffisant",
      "origin": {
        "name": "Origine synthétique",
        "coordinates": [
          -4.023612,
          5.327503
        ]
      },
      "destination": {
        "name": "Destination synthétique",
        "coordinates": [
          -3.971366,
          5.353055
        ]
      },
      "departure": {
        "local_date": "2026-08-25",
        "local_time": "17:30",
        "timezone": "Africa/Abidjan"
      },
      "constraints": {
        "maximum_budget_xof": 200,
        "maximum_walking_distance_m": 1500,
        "maximum_transfers": 2,
        "allowed_modes": [
          "walk",
          "bus",
          "gbaka"
        ]
      },
      "reference_journey": {
        "solution_expected": false,
        "ground_truth_type": "simulated_reference",
        "expected_mode_sequence": [
          "walk",
          "bus",
          "walk"
        ],
        "legs": [
          {
            "sequence": 1,
            "mode": "walk",
            "from_reference": "origin",
            "to_reference": "H01-S1",
            "route_id": null,
            "distance_m": 475,
            "waiting_duration_min": 0,
            "movement_duration_min": 6.3,
            "cost_xof": 0,
            "is_synthetic": true
          },
          {
            "sequence": 2,
            "mode": "bus",
            "from_stop_id": "H01-S1",
            "to_stop_id": "H07-S0",
            "route_id": "BUS-P05",
            "distance_m": 7504,
            "waiting_duration_min": 9.0,
            "movement_duration_min": 26.5,
            "cost_xof": 400,
            "is_synthetic": true
          },
          {
            "sequence": 3,
            "mode": "walk",
            "from_reference": "H07-S0",
            "to_reference": "destination",
            "route_id": null,
            "distance_m": 262,
            "waiting_duration_min": 0,
            "movement_duration_min": 3.5,
            "cost_xof": 0,
            "is_synthetic": true
          }
        ],
        "expected_totals": {
          "walking_distance_m": 737,
          "walking_duration_min": 9.8,
          "waiting_duration_min": 9.0,
          "in_vehicle_duration_min": 26.5,
          "total_duration_min": 45.3,
          "total_cost_xof": 400,
          "boarding_count": 1,
          "transfer_count": 0,
          "confidence": 0.35
        }
      },
      "engine_validation": {
        "maximum_duration_error_min": 10,
        "maximum_cost_error_xof": 100,
        "mode_sequence_must_match": false,
        "budget_must_be_respected": true,
        "result": "not_tested"
      },
      "is_synthetic": true,
      "data_origin": "synthetic",
      "simulation_model": "SIRA-SIM-v1",
      "random_seed": 20260825,
      "validation_status": "simulated",
      "confidence": 0.35
    },
    {
      "scenario_id": "SCN-094",
      "category": "no_solution_budget",
      "name": "Aucune solution — budget insuffisant",
      "origin": {
        "name": "Origine synthétique",
        "coordinates": [
          -4.01893,
          5.324906
        ]
      },
      "destination": {
        "name": "Destination synthétique",
        "coordinates": [
          -4.010408,
          5.343186
        ]
      },
      "departure": {
        "local_date": "2026-08-25",
        "local_time": "08:00",
        "timezone": "Africa/Abidjan"
      },
      "constraints": {
        "maximum_budget_xof": 100,
        "maximum_walking_distance_m": 1500,
        "maximum_transfers": 2,
        "allowed_modes": [
          "walk",
          "bus",
          "gbaka"
        ]
      },
      "reference_journey": {
        "solution_expected": false,
        "ground_truth_type": "simulated_reference",
        "expected_mode_sequence": [
          "walk",
          "bus",
          "walk"
        ],
        "legs": [
          {
            "sequence": 1,
            "mode": "walk",
            "from_reference": "origin",
            "to_reference": "H01-S0",
            "route_id": null,
            "distance_m": 220,
            "waiting_duration_min": 0,
            "movement_duration_min": 2.9,
            "cost_xof": 0,
            "is_synthetic": true
          },
          {
            "sequence": 2,
            "mode": "bus",
            "from_stop_id": "H01-S0",
            "to_stop_id": "H03-S0",
            "route_id": "BUS-P04",
            "distance_m": 2816,
            "waiting_duration_min": 7.0,
            "movement_duration_min": 10.1,
            "cost_xof": 300,
            "is_synthetic": true
          },
          {
            "sequence": 3,
            "mode": "walk",
            "from_reference": "H03-S0",
            "to_reference": "destination",
            "route_id": null,
            "distance_m": 261,
            "waiting_duration_min": 0,
            "movement_duration_min": 3.5,
            "cost_xof": 0,
            "is_synthetic": true
          }
        ],
        "expected_totals": {
          "walking_distance_m": 481,
          "walking_duration_min": 6.4,
          "waiting_duration_min": 7.0,
          "in_vehicle_duration_min": 10.1,
          "total_duration_min": 23.5,
          "total_cost_xof": 300,
          "boarding_count": 1,
          "transfer_count": 0,
          "confidence": 0.35
        }
      },
      "engine_validation": {
        "maximum_duration_error_min": 10,
        "maximum_cost_error_xof": 100,
        "mode_sequence_must_match": false,
        "budget_must_be_respected": true,
        "result": "not_tested"
      },
      "is_synthetic": true,
      "data_origin": "synthetic",
      "simulation_model": "SIRA-SIM-v1",
      "random_seed": 20260825,
      "validation_status": "simulated",
      "confidence": 0.35
    },
    {
      "scenario_id": "SCN-095",
      "category": "no_solution_budget",
      "name": "Aucune solution — budget insuffisant",
      "origin": {
        "name": "Origine synthétique",
        "coordinates": [
          -4.005737,
          5.344349
        ]
      },
      "destination": {
        "name": "Destination synthétique",
        "coordinates": [
          -3.981876,
          5.369906
        ]
      },
      "departure": {
        "local_date": "2026-08-25",
        "local_time": "07:15",
        "timezone": "Africa/Abidjan"
      },
      "constraints": {
        "maximum_budget_xof": 50,
        "maximum_walking_distance_m": 1500,
        "maximum_transfers": 2,
        "allowed_modes": [
          "walk",
          "bus",
          "gbaka"
        ]
      },
      "reference_journey": {
        "solution_expected": false,
        "ground_truth_type": "simulated_reference",
        "expected_mode_sequence": [
          "walk",
          "bus",
          "walk"
        ],
        "legs": [
          {
            "sequence": 1,
            "mode": "walk",
            "from_reference": "origin",
            "to_reference": "H03-S1",
            "route_id": null,
            "distance_m": 141,
            "waiting_duration_min": 0,
            "movement_duration_min": 1.9,
            "cost_xof": 0,
            "is_synthetic": true
          },
          {
            "sequence": 2,
            "mode": "bus",
            "from_stop_id": "H03-S1",
            "to_stop_id": "H06-S1",
            "route_id": "BUS-P03",
            "distance_m": 4412,
            "waiting_duration_min": 5.0,
            "movement_duration_min": 15.5,
            "cost_xof": 250,
            "is_synthetic": true
          },
          {
            "sequence": 3,
            "mode": "walk",
            "from_reference": "H06-S1",
            "to_reference": "destination",
            "route_id": null,
            "distance_m": 247,
            "waiting_duration_min": 0,
            "movement_duration_min": 3.3,
            "cost_xof": 0,
            "is_synthetic": true
          }
        ],
        "expected_totals": {
          "walking_distance_m": 388,
          "walking_duration_min": 5.2,
          "waiting_duration_min": 5.0,
          "in_vehicle_duration_min": 15.5,
          "total_duration_min": 25.7,
          "total_cost_xof": 250,
          "boarding_count": 1,
          "transfer_count": 0,
          "confidence": 0.35
        }
      },
      "engine_validation": {
        "maximum_duration_error_min": 10,
        "maximum_cost_error_xof": 100,
        "mode_sequence_must_match": false,
        "budget_must_be_respected": true,
        "result": "not_tested"
      },
      "is_synthetic": true,
      "data_origin": "synthetic",
      "simulation_model": "SIRA-SIM-v1",
      "random_seed": 20260825,
      "validation_status": "simulated",
      "confidence": 0.35
    },
    {
      "scenario_id": "SCN-096",
      "category": "no_solution_budget",
      "name": "Aucune solution — budget insuffisant",
      "origin": {
        "name": "Origine synthétique",
        "coordinates": [
          -3.968753,
          5.356446
        ]
      },
      "destination": {
        "name": "Destination synthétique",
        "coordinates": [
          -3.944922,
          5.36739
        ]
      },
      "departure": {
        "local_date": "2026-08-25",
        "local_time": "12:30",
        "timezone": "Africa/Abidjan"
      },
      "constraints": {
        "maximum_budget_xof": 100,
        "maximum_walking_distance_m": 1500,
        "maximum_transfers": 2,
        "allowed_modes": [
          "walk",
          "bus",
          "gbaka"
        ]
      },
      "reference_journey": {
        "solution_expected": false,
        "ground_truth_type": "simulated_reference",
        "expected_mode_sequence": [
          "walk",
          "gbaka",
          "walk"
        ],
        "legs": [
          {
            "sequence": 1,
            "mode": "walk",
            "from_reference": "origin",
            "to_reference": "H07-S3",
            "route_id": null,
            "distance_m": 328,
            "waiting_duration_min": 0,
            "movement_duration_min": 4.4,
            "cost_xof": 0,
            "is_synthetic": true
          },
          {
            "sequence": 2,
            "mode": "gbaka",
            "from_stop_id": "H07-S3",
            "to_stop_id": "H09-S3",
            "route_id": "GBAKA-P04",
            "distance_m": 3933,
            "waiting_duration_min": 3.0,
            "movement_duration_min": 15.3,
            "cost_xof": 300,
            "is_synthetic": true
          },
          {
            "sequence": 3,
            "mode": "walk",
            "from_reference": "H09-S3",
            "to_reference": "destination",
            "route_id": null,
            "distance_m": 156,
            "waiting_duration_min": 0,
            "movement_duration_min": 2.1,
            "cost_xof": 0,
            "is_synthetic": true
          }
        ],
        "expected_totals": {
          "walking_distance_m": 484,
          "walking_duration_min": 6.5,
          "waiting_duration_min": 3.0,
          "in_vehicle_duration_min": 15.3,
          "total_duration_min": 24.8,
          "total_cost_xof": 300,
          "boarding_count": 1,
          "transfer_count": 0,
          "confidence": 0.35
        }
      },
      "engine_validation": {
        "maximum_duration_error_min": 10,
        "maximum_cost_error_xof": 100,
        "mode_sequence_must_match": false,
        "budget_must_be_respected": true,
        "result": "not_tested"
      },
      "is_synthetic": true,
      "data_origin": "synthetic",
      "simulation_model": "SIRA-SIM-v1",
      "random_seed": 20260825,
      "validation_status": "simulated",
      "confidence": 0.35
    },
    {
      "scenario_id": "SCN-097",
      "category": "no_solution_budget",
      "name": "Aucune solution — budget insuffisant",
      "origin": {
        "name": "Origine synthétique",
        "coordinates": [
          -3.993561,
          5.350809
        ]
      },
      "destination": {
        "name": "Destination synthétique",
        "coordinates": [
          -3.971385,
          5.354554
        ]
      },
      "departure": {
        "local_date": "2026-08-25",
        "local_time": "17:30",
        "timezone": "Africa/Abidjan"
      },
      "constraints": {
        "maximum_budget_xof": 100,
        "maximum_walking_distance_m": 1500,
        "maximum_transfers": 2,
        "allowed_modes": [
          "walk",
          "bus",
          "gbaka"
        ]
      },
      "reference_journey": {
        "solution_expected": false,
        "ground_truth_type": "simulated_reference",
        "expected_mode_sequence": [
          "walk",
          "bus",
          "walk"
        ],
        "legs": [
          {
            "sequence": 1,
            "mode": "walk",
            "from_reference": "origin",
            "to_reference": "H04-S0",
            "route_id": null,
            "distance_m": 162,
            "waiting_duration_min": 0,
            "movement_duration_min": 2.2,
            "cost_xof": 0,
            "is_synthetic": true
          },
          {
            "sequence": 2,
            "mode": "bus",
            "from_stop_id": "H04-S0",
            "to_stop_id": "H07-S0",
            "route_id": "BUS-P01",
            "distance_m": 3239,
            "waiting_duration_min": 6.0,
            "movement_duration_min": 11.5,
            "cost_xof": 300,
            "is_synthetic": true
          },
          {
            "sequence": 3,
            "mode": "walk",
            "from_reference": "H07-S0",
            "to_reference": "destination",
            "route_id": null,
            "distance_m": 209,
            "waiting_duration_min": 0,
            "movement_duration_min": 2.8,
            "cost_xof": 0,
            "is_synthetic": true
          }
        ],
        "expected_totals": {
          "walking_distance_m": 371,
          "walking_duration_min": 5.0,
          "waiting_duration_min": 6.0,
          "in_vehicle_duration_min": 11.5,
          "total_duration_min": 22.5,
          "total_cost_xof": 300,
          "boarding_count": 1,
          "transfer_count": 0,
          "confidence": 0.35
        }
      },
      "engine_validation": {
        "maximum_duration_error_min": 10,
        "maximum_cost_error_xof": 100,
        "mode_sequence_must_match": false,
        "budget_must_be_respected": true,
        "result": "not_tested"
      },
      "is_synthetic": true,
      "data_origin": "synthetic",
      "simulation_model": "SIRA-SIM-v1",
      "random_seed": 20260825,
      "validation_status": "simulated",
      "confidence": 0.35
    },
    {
      "scenario_id": "SCN-098",
      "category": "no_solution_budget",
      "name": "Aucune solution — budget insuffisant",
      "origin": {
        "name": "Origine synthétique",
        "coordinates": [
          -3.996917,
          5.348963
        ]
      },
      "destination": {
        "name": "Destination synthétique",
        "coordinates": [
          -3.967122,
          5.357118
        ]
      },
      "departure": {
        "local_date": "2026-08-25",
        "local_time": "07:15",
        "timezone": "Africa/Abidjan"
      },
      "constraints": {
        "maximum_budget_xof": 50,
        "maximum_walking_distance_m": 1500,
        "maximum_transfers": 2,
        "allowed_modes": [
          "walk",
          "bus",
          "gbaka"
        ]
      },
      "reference_journey": {
        "solution_expected": false,
        "ground_truth_type": "simulated_reference",
        "expected_mode_sequence": [
          "walk",
          "bus",
          "walk"
        ],
        "legs": [
          {
            "sequence": 1,
            "mode": "walk",
            "from_reference": "origin",
            "to_reference": "H04-S0",
            "route_id": null,
            "distance_m": 307,
            "waiting_duration_min": 0,
            "movement_duration_min": 4.1,
            "cost_xof": 0,
            "is_synthetic": true
          },
          {
            "sequence": 2,
            "mode": "bus",
            "from_stop_id": "H04-S0",
            "to_stop_id": "H07-S0",
            "route_id": "BUS-P03",
            "distance_m": 5176,
            "waiting_duration_min": 5.0,
            "movement_duration_min": 18.0,
            "cost_xof": 250,
            "is_synthetic": true
          },
          {
            "sequence": 3,
            "mode": "walk",
            "from_reference": "H07-S0",
            "to_reference": "destination",
            "route_id": null,
            "distance_m": 393,
            "waiting_duration_min": 0,
            "movement_duration_min": 5.2,
            "cost_xof": 0,
            "is_synthetic": true
          }
        ],
        "expected_totals": {
          "walking_distance_m": 700,
          "walking_duration_min": 9.3,
          "waiting_duration_min": 5.0,
          "in_vehicle_duration_min": 18.0,
          "total_duration_min": 32.3,
          "total_cost_xof": 250,
          "boarding_count": 1,
          "transfer_count": 0,
          "confidence": 0.35
        }
      },
      "engine_validation": {
        "maximum_duration_error_min": 10,
        "maximum_cost_error_xof": 100,
        "mode_sequence_must_match": false,
        "budget_must_be_respected": true,
        "result": "not_tested"
      },
      "is_synthetic": true,
      "data_origin": "synthetic",
      "simulation_model": "SIRA-SIM-v1",
      "random_seed": 20260825,
      "validation_status": "simulated",
      "confidence": 0.35
    },
    {
      "scenario_id": "SCN-099",
      "category": "no_solution_budget",
      "name": "Aucune solution — budget insuffisant",
      "origin": {
        "name": "Origine synthétique",
        "coordinates": [
          -3.993318,
          5.352211
        ]
      },
      "destination": {
        "name": "Destination synthétique",
        "coordinates": [
          -3.970874,
          5.352867
        ]
      },
      "departure": {
        "local_date": "2026-08-25",
        "local_time": "12:30",
        "timezone": "Africa/Abidjan"
      },
      "constraints": {
        "maximum_budget_xof": 150,
        "maximum_walking_distance_m": 1500,
        "maximum_transfers": 2,
        "allowed_modes": [
          "walk",
          "bus",
          "gbaka"
        ]
      },
      "reference_journey": {
        "solution_expected": false,
        "ground_truth_type": "simulated_reference",
        "expected_mode_sequence": [
          "walk",
          "gbaka",
          "walk"
        ],
        "legs": [
          {
            "sequence": 1,
            "mode": "walk",
            "from_reference": "origin",
            "to_reference": "H04-S2",
            "route_id": null,
            "distance_m": 306,
            "waiting_duration_min": 0,
            "movement_duration_min": 4.1,
            "cost_xof": 0,
            "is_synthetic": true
          },
          {
            "sequence": 2,
            "mode": "gbaka",
            "from_stop_id": "H04-S2",
            "to_stop_id": "H07-S2",
            "route_id": "GBAKA-P02",
            "distance_m": 3432,
            "waiting_duration_min": 3.5,
            "movement_duration_min": 13.4,
            "cost_xof": 350,
            "is_synthetic": true
          },
          {
            "sequence": 3,
            "mode": "walk",
            "from_reference": "H07-S2",
            "to_reference": "destination",
            "route_id": null,
            "distance_m": 263,
            "waiting_duration_min": 0,
            "movement_duration_min": 3.5,
            "cost_xof": 0,
            "is_synthetic": true
          }
        ],
        "expected_totals": {
          "walking_distance_m": 569,
          "walking_duration_min": 7.6,
          "waiting_duration_min": 3.5,
          "in_vehicle_duration_min": 13.4,
          "total_duration_min": 24.5,
          "total_cost_xof": 350,
          "boarding_count": 1,
          "transfer_count": 0,
          "confidence": 0.35
        }
      },
      "engine_validation": {
        "maximum_duration_error_min": 10,
        "maximum_cost_error_xof": 100,
        "mode_sequence_must_match": false,
        "budget_must_be_respected": true,
        "result": "not_tested"
      },
      "is_synthetic": true,
      "data_origin": "synthetic",
      "simulation_model": "SIRA-SIM-v1",
      "random_seed": 20260825,
      "validation_status": "simulated",
      "confidence": 0.35
    },
    {
      "scenario_id": "SCN-100",
      "category": "no_solution_budget",
      "name": "Aucune solution — budget insuffisant",
      "origin": {
        "name": "Origine synthétique",
        "coordinates": [
          -3.970498,
          5.350785
        ]
      },
      "destination": {
        "name": "Destination synthétique",
        "coordinates": [
          -3.94484,
          5.364286
        ]
      },
      "departure": {
        "local_date": "2026-08-25",
        "local_time": "08:00",
        "timezone": "Africa/Abidjan"
      },
      "constraints": {
        "maximum_budget_xof": 100,
        "maximum_walking_distance_m": 1500,
        "maximum_transfers": 2,
        "allowed_modes": [
          "walk",
          "bus",
          "gbaka"
        ]
      },
      "reference_journey": {
        "solution_expected": false,
        "ground_truth_type": "simulated_reference",
        "expected_mode_sequence": [
          "walk",
          "gbaka",
          "walk"
        ],
        "legs": [
          {
            "sequence": 1,
            "mode": "walk",
            "from_reference": "origin",
            "to_reference": "H07-S3",
            "route_id": null,
            "distance_m": 356,
            "waiting_duration_min": 0,
            "movement_duration_min": 4.7,
            "cost_xof": 0,
            "is_synthetic": true
          },
          {
            "sequence": 2,
            "mode": "gbaka",
            "from_stop_id": "H07-S3",
            "to_stop_id": "H09-S3",
            "route_id": "GBAKA-P04",
            "distance_m": 3933,
            "waiting_duration_min": 3.0,
            "movement_duration_min": 15.3,
            "cost_xof": 300,
            "is_synthetic": true
          },
          {
            "sequence": 3,
            "mode": "walk",
            "from_reference": "H09-S3",
            "to_reference": "destination",
            "route_id": null,
            "distance_m": 193,
            "waiting_duration_min": 0,
            "movement_duration_min": 2.6,
            "cost_xof": 0,
            "is_synthetic": true
          }
        ],
        "expected_totals": {
          "walking_distance_m": 549,
          "walking_duration_min": 7.3,
          "waiting_duration_min": 3.0,
          "in_vehicle_duration_min": 15.3,
          "total_duration_min": 25.6,
          "total_cost_xof": 300,
          "boarding_count": 1,
          "transfer_count": 0,
          "confidence": 0.35
        }
      },
      "engine_validation": {
        "maximum_duration_error_min": 10,
        "maximum_cost_error_xof": 100,
        "mode_sequence_must_match": false,
        "budget_must_be_respected": true,
        "result": "not_tested"
      },
      "is_synthetic": true,
      "data_origin": "synthetic",
      "simulation_model": "SIRA-SIM-v1",
      "random_seed": 20260825,
      "validation_status": "simulated",
      "confidence": 0.35
    }
  ],
  "validation_report": {
    "valid": true,
    "stops": 50,
    "routes": 9,
    "transfers": 15,
    "observations": 306,
    "scenarios": 100
  }
}
